,SHA del commit,Nombre del autor,Fecha de creación,ID del author
0,8e64c3b5509c1251fbd0956e28a3079f8bec4aee,"Hongjiu ""Enneamer"" Zhang",2023-10-05T22:32:14Z,32317100
1,d72edb3b0d1588eee94a6c4fbea07f31aa5fb898,"Wang, Yi",2023-10-05T22:31:57Z,36058628
2,4294ea172caad1449af3af5e8941825ced4b5404,Michael Wyatt,2023-10-05T22:31:24Z,18311180
3,2c220d6593772cc00fcb04faa97a56bfd62e4076,Conglong Li,2023-10-05T04:49:49Z,4238238
4,f63c35b4b31afab3efc0989f9bf4aa22d58d63d6,Conglong Li,2023-10-05T00:48:58Z,4238238
5,93a6d7a547d29522a063f67cc205f067d78ef73c,Conglong Li,2023-10-05T00:43:41Z,4238238
6,43a7f735943ba12203f09a7991492c9d740f536e,Masahiro Tanaka,2023-10-05T00:34:36Z,81312776
7,9c22801f5e2992ad9f46f56d1817185adc69fdf0,Alexander Jipa,2023-10-04T15:41:13Z,379115
8,7099f9933314b239d166671a5a95887a1467608d,Alex Kogan,2023-10-04T00:00:52Z,82225080
9,fa582c581a608f6b0de3b3210d6c937f6a94a139,Ammar Ahmad Awan,2023-10-03T22:39:37Z,9065216
10,41744d59f864f8ead56820bd9a1e3dba26628bce,Xiaoxia (Shirley) Wu,2023-10-03T22:36:33Z,94406484
11,986b5958e2465b608692ff958472a9a016a3e45a,Yuxiang Wei,2023-10-03T17:56:50Z,46997596
12,cd0d2ba2df1b9f38c69b47730d73ca63a2c45320,Logan Adams,2023-10-03T17:49:39Z,114770087
13,fd98af256e84c9d03432365a3a7648182ea2b696,Logan Adams,2023-10-03T17:28:57Z,114770087
14,2c67b58b5f07ed8e08775df8442f5b6a91c16053,Jackmin801,2023-10-03T17:27:38Z,56836461
15,58a206059fd051b7348e11e6dc95204015cd4014,Jackmin801,2023-10-03T17:17:25Z,56836461
16,9a5529145253353434a3f71b7e995bb251ce7372,"Ma, Guokai",2023-10-03T13:38:20Z,19373651
17,1760627eb9ce1aa28692ac5a0787a4cb3c11fb91,Liangliang-Ma,2023-10-03T13:17:08Z,17159645
18,2f73b834b59c69f6c2ca1aa1866b33e7135664fe,Jackmin801,2023-10-03T13:16:21Z,56836461
19,0636c74c5e27757d48f64f33f330d7bb975fc5a8,Logan Adams,2023-09-29T22:02:47Z,114770087
20,7220e7f8f7099725f5513c3d55add936e7c38306,Yejing-Lai,2023-09-28T23:45:51Z,55339926
21,388c84834fca87465aff8bb8f6d85be88fa82ba6,Yejing-Lai,2023-09-27T22:39:24Z,55339926
22,28b9d5c2313addde94a1aa17c09eeb97cb792d7e,Abhishek Jindal,2023-09-27T21:43:45Z,32752809
23,58619402b53f531ffc47a80ea45e57877185c62f,Logan Adams,2023-09-27T19:51:20Z,114770087
24,e339364127170bd624647231ba153da30e15ef83,Abhishek Jindal,2023-09-27T19:36:56Z,32752809
25,aea10eec5ad07ee6a4e71dcec4221ec0813f5bf2,Conglong Li,2023-09-27T03:47:13Z,4238238
26,60bf78454c976c59eb9a77ea9ef92ca863669886,Ziyang,2023-09-26T16:08:00Z,18899212
27,f8d3ec7fa142ef590ce602ef9cb15fafb7fff1f6,Masahiro Tanaka,2023-09-25T13:46:12Z,81312776
28,4c35880b166cbd6756861f9878f7b63fd9383c01,Michael Wyatt,2023-09-22T23:11:41Z,18311180
29,0e0748c579cff3f94dc0609677623d082c9a2132,stephen youn,2023-09-20T23:33:02Z,13525892
30,4fc2c8e7d583977b17a4ce09cb5f364cbdd229e3,Elsa Granger,2023-09-20T20:30:38Z,6374697
31,463dea27229ca60faeb782d6ec27b650a981ad0b,Olatunji Ruwase,2023-09-20T19:26:50Z,4271600
32,17957728c0362bf8ae70feca308e491e55ef9feb,Logan Adams,2023-09-20T17:32:07Z,114770087
33,727609df4adf55b862f753261493229aa802966c,Cheng Li,2023-09-20T15:04:35Z,17418037
34,c58146471e7ba7df9791f27bdb6c3f2afa0bd3e5,cctry,2023-09-20T08:44:16Z,17473714
35,a99e5d3fb7cd08e32b9b37d8913657c8638083e2,Conglong Li,2023-09-20T06:30:57Z,4238238
36,3592a22cfe35752a76ba486533555c1fca0b0105,Conglong Li,2023-09-20T04:27:04Z,4238238
37,dcd3ae195450014b3077b9ebddbd6c668f049a03,Logan Adams,2023-09-19T22:24:13Z,114770087
38,dcf649c3e0e5167dcddb5521e525339a819030e1,Logan Adams,2023-09-19T20:38:10Z,114770087
39,da7a1851c43e9166e4a85564a216d5daa279678e,Conglong Li,2023-09-19T20:28:19Z,4238238
40,85334238da42ac153fc1da54bbcc95995bcc28b9,Michael Wyatt,2023-09-19T18:27:31Z,18311180
41,468882fb68f59eb4b23fa96bf29a0c7666b4dcbd,Reza Yazdani,2023-09-19T16:57:55Z,44502768
42,78c3b148a8a8b6e60ab77a5c75849961f52b143d,Conglong Li,2023-09-19T04:52:21Z,4238238
43,f876d81d34884aa17f485208e3f823500f49abe9,Conglong Li,2023-09-18T22:16:08Z,4238238
44,367d6f9cecb9c6a9150ea0db6fa6e93e4b78e7e0,WRH,2023-09-18T18:11:12Z,12756472
45,b9d719a6d3877f50b453b70eb0d83241ad9532b3,Ammar Ahmad Awan,2023-09-15T21:26:56Z,9065216
46,3f3e9fb11e661cb999ea2c8d6ee5e348235e576d,stephen youn,2023-09-15T00:21:46Z,13525892
47,8c7f7fd2fde57d8fceafcf7a5f3b58c08806c50c,Michael Wyatt,2023-09-14T23:52:45Z,18311180
48,3ea42c6e26e9fe060e96c8c3cdd0950d2343823c,Olatunji Ruwase,2023-09-14T21:19:20Z,4271600
49,9bf77782b2597e4c1b73988b553899245516097d,Alex Kogan,2023-09-14T21:09:41Z,82225080
50,0c83436a752622f15cf5dce1044e0317d8ea77b0,Lev Kurilenko,2023-09-14T21:01:30Z,113481193
51,e20e4a9d02311f4f71b610928916e1c76a22d5e1,starkhu,2023-09-14T17:38:23Z,30859191
52,b5977d41580c375f4f3345ae86910a4e684ffb65,Logan Adams,2023-09-14T17:28:25Z,114770087
53,11aa880efe10546813f19f4228350cb9322235b8,Nadav Elyahu,2023-09-14T16:31:23Z,88962733
54,180dd39714a79b1d30bdecfe5c1b2ffe37b30152,Logan Adams,2023-09-13T18:35:43Z,114770087
55,9adc73ff652def660488dfc05e47bd760a711f22,Olatunji Ruwase,2023-09-13T16:41:59Z,4271600
56,48f2192aef5a2918ddd1b07793e1a66fc87964d5,Nino Risteski,2023-09-13T17:20:50Z,95188570
57,581e44dd1ab3c409a5905335867c761d5cb4db5b,Olatunji Ruwase,2023-09-12T02:04:42Z,4271600
58,8c1eed2e4750d1f8e963f5e85ff38f9053072e46,Logan Adams,2023-09-11T20:12:57Z,114770087
59,ffd82bb048b9047e399425beea267b3ff411f9fd,stephen youn,2023-09-11T20:10:01Z,13525892
60,94174f88085494ac27d6337c6cad09be029005c3,Olatunji Ruwase,2023-09-11T22:00:50Z,4271600
61,c700195dc58a87d970115e2a7556d47f7c6046a5,Jeff Rasley,2023-09-11T21:09:09Z,645595
62,04a6fedffd7672de8b2ca01644419631bd866746,Nino Risteski,2023-09-11T20:10:55Z,95188570
63,e75c285ad78cf2c7f0e8df543f6cb097b3abb55e,Yudi Zhang,2023-09-11T17:04:03Z,60373874
64,aa4a7401f8c364c64adfc775346f1defa1113ac1,Olatunji Ruwase,2023-09-11T16:19:21Z,4271600
65,542dc0d5cb58d9aba78eceb4510296eddbaa2e1f,Connor Holmes,2023-09-08T16:54:57Z,2001145
66,e194956571fbefc5f3c2533d6aee4fff1d11bafd,Barun Patra,2023-09-08T14:32:20Z,10473264
67,1f0a44d934b0c0a5005ae035bafa10c34f1b062b,Heyang Qin,2023-09-07T21:41:55Z,46639297
68,e8ed7419ed40306100f0454bf85c6f4cc4d55f34,stephen youn,2023-09-07T17:20:22Z,13525892
69,c55fad9f0c5f870f12376edc054d6d6413eafec1,Nino Risteski,2023-09-07T15:26:28Z,95188570
70,bce6ed1ca95f69c07b57d4d8534d2c430339f90f,Cheng Li,2023-09-06T22:42:09Z,17418037
71,18a04d04a52e70cf2e1d0eb6d38df0dad110f937,ChangyueLiao,2023-09-06T19:51:39Z,56068245
72,60a3e89eed258e9edfb998266cd2a9d03b7ae781,mzl,2023-09-06T18:15:29Z,27563729
73,16d8953a3790e46bb47eab86bb48e61fb1351c8a,Ammar Ahmad Awan,2023-09-06T17:52:41Z,9065216
74,55d9964c59c0c6e23158b5789a5c36c28939a7b0,Logan Adams,2023-09-05T23:51:23Z,114770087
75,e801e6d718c386ef90fef7d9576cd40370e6a9cb,Alexander Jipa,2023-09-05T18:46:20Z,379115
76,9894c06a2812f3835b44ea7ff7ac3adb02083d9e,Dom,2023-09-05T18:35:51Z,97384583
77,c93e89a38c7aa8e0b7f7e54edce00b6cef1d7fd0,Logan Adams,2023-09-05T16:06:59Z,114770087
78,430510bfce5c8e2e8f2108b73824aef4a37fcaf1,Satpal Singh Rathore,2023-09-03T18:58:57Z,39311993
79,a23cda6c3bb27b141b13ba231a53190507bf35ae,Olatunji Ruwase,2023-09-01T23:48:16Z,4271600
80,f96c1c0a783bc621bb607ec5b6650c804abfe7df,Lev Kurilenko,2023-09-01T23:47:52Z,113481193
81,844eb68570c14c63a31f995caaeff37f2e83dcf5,Ammar Ahmad Awan,2023-08-31T21:39:03Z,9065216
82,2420e23fc9b960fb5ea4bcde477234d5b53689ef,Ammar Ahmad Awan,2023-08-31T17:51:27Z,9065216
83,69e89dd552ae82103a3915eacd86f5cbef5ad70b,Heyang Qin,2023-08-31T17:40:02Z,46639297
84,dc7b65f6f416a691bd10afa58b6d4b5573f2e9f4,Jeff Rasley,2023-08-31T17:35:57Z,645595
85,462def451e06f10f12916c49f34800d52ab52446,Heyang Qin,2023-08-31T02:39:13Z,46639297
86,6cbf66613137ab6b4cf6cfa7f61974f9ec5eb9ab,Dino Chen,2023-08-30T23:28:43Z,5948851
87,5dbc531328dfd7e33889831995d1af44b698b2e9,Logan Adams,2023-08-30T23:28:23Z,114770087
88,194b0043a9362e64e2de57c90f5e1e43805e0c7d,Maxime,2023-08-30T17:37:16Z,672982
89,57d629a17e93ec73333c80991f5998c585c8730a,Joe Mayer,2023-08-29T18:49:08Z,114769929
90,8145b5e41f777a73fe2afd09b8b8d11650c5a1f2,Hiromasa,2023-08-29T17:47:20Z,58378553
91,042115c80b11862f1e2cd030fd3747cadf9ef868,Molly Smith,2023-08-29T14:30:30Z,112220543
92,60d7b0a39da25e78027765e0ca49c95f28653150,CurryRice233,2023-08-29T14:05:58Z,24593680
93,42c1e916f63883cd52928ba5c730f91827abda49,Hugh Pu,2023-08-29T10:47:50Z,31498041
94,c69bd1f7b7768720a488b126fbf9cef6653c3890,hamlet,2023-08-25T18:07:40Z,758325
95,0b7a760c35c6cfcfb4151d1991555ee9b05ad096,Björn Plüster,2023-08-24T23:52:20Z,32109055
96,0712e299205b641ddce7f2c010d45f8fe635ed67,Dino Chen,2023-08-24T23:22:14Z,5948851
97,f69031909facf9c703635683189f30191425223c,Joe Mayer,2023-08-24T22:57:45Z,114769929
98,9647ea791d40f867e7e6f75674a654f63b13aae0,Michael Wyatt,2023-08-24T21:00:00Z,18311180
99,d6c2e6b0113af0a06c46d9064a47193233a70e2e,Conglong Li,2023-08-24T19:15:02Z,4238238
100,63e17769939e67872bfaf3b01014b5d495c3a535,Heyang Qin,2023-08-24T18:55:49Z,46639297
101,3808273c2a005fea8bcde0e8c41890ecf778d765,Masahiro Tanaka,2023-08-24T18:34:24Z,81312776
102,c274e51212e075d2c911bbfdf6e18ede97b89746,Sam Ade Jacobs,2023-08-24T17:10:35Z,16696152
103,10bef7acc555054ed72febe85e16ab2be712b58e,Sam Ade Jacobs,2023-08-24T15:32:45Z,16696152
104,961827be5102ac72dfd07091899d1e3ba9f4de04,Sam Ade Jacobs,2023-08-24T00:12:18Z,16696152
105,3e82cb6443b2b8b4da9f322a8e3c1fa18e80651a,Jeff Rasley,2023-08-23T23:45:49Z,645595
106,5de0662ce41478f76a36baebdab1fc0476620c10,Sam Ade Jacobs,2023-08-23T23:35:10Z,16696152
107,4e5d39fe13d42baf83493e8eb379b4ef55740745,Sam Ade Jacobs,2023-08-23T23:24:52Z,16696152
108,a855405e0b85fdc8346ff5fc0ab4085f18d95a9a,Sam Ade Jacobs,2023-08-23T23:22:30Z,16696152
109,6df158733db02a6d921d52443b67a6912054f7e4,Olatunji Ruwase,2023-08-23T17:11:35Z,4271600
110,b5453990b47db415e03c9abc26cec208e9a26863,Minjia Zhang,2023-08-23T18:10:33Z,33713995
111,426810a254d87d65cbd01a156dc7d90f2a878901,Xuehai Pan,2023-08-23T06:56:11Z,16078332
112,9723a8794f0d85158e5564c1a07005bdac992904,Logan Adams,2023-08-22T22:28:55Z,114770087
113,6c684e12901ddd13f0ac48043daf8f581d785445,Kuan-Ying Lai,2023-08-22T17:46:20Z,38098964
114,d9a889d55921e1300ca21b26c85d63e4de8e3a74,Michael Wyatt,2023-08-22T16:46:08Z,18311180
115,5e16eb2c939707d0d0062a458d77998fccb3afad,"Wang, Yi",2023-08-22T13:41:11Z,36058628
116,8fb111c08da1d125db3304421d00b7d8a0df26ad,Logan Adams,2023-08-21T22:32:31Z,114770087
117,7f3e82fe0902ede54201d50e35d11ae4f3954791,mzl,2023-08-21T15:15:30Z,27563729
118,7711bdbbd27c62ab4986f35c1ed01a0268fed92f,Heyang Qin,2023-08-21T00:54:06Z,46639297
119,f036f00c3763694e539a9070a98130e2667e49bd,Jeff Rasley,2023-08-18T22:28:14Z,645595
120,46d859a75da8933e2575556201492f7198a6c9d9,Michael Wyatt,2023-08-18T21:46:09Z,18311180
121,a3540f17f8f81c2923958c9ff74ea3788446beaa,Lev Kurilenko,2023-08-18T21:37:19Z,113481193
122,19e9a7c0284cc886d84afd7ec58721af5e045811,"Ma, Guokai",2023-08-17T10:58:52Z,19373651
123,64c670ef021118ed42a98d5dde249f35878a07a7,Lev Kurilenko,2023-08-17T04:11:35Z,113481193
124,bd65eeaf708dfab70e372642284c6af06d506258,Michael Wyatt,2023-08-16T20:27:07Z,18311180
125,1a2957394638a57950495c17f0e0a4a742eb7226,Logan Adams,2023-08-16T18:26:46Z,114770087
126,740b78050de7d625bfcecf6220e0d9faa74e07fe,Sam Foreman,2023-08-16T15:07:46Z,5234251
127,341cefd2a406f578ee05b3a9d0686553926a7e61,Molly Smith,2023-08-15T20:39:38Z,112220543
128,a452301879eeff2c8573cfc9a7491a9353f16cc8,Logan Adams,2023-08-15T19:05:21Z,114770087
129,9d79cfd1e90cae9306dc1b5837d374b2c9489ac8,Olatunji Ruwase,2023-08-14T19:38:07Z,4271600
130,7a282db8ca81bead4824990adbaf750a414beb15,Olatunji Ruwase,2023-08-14T19:33:52Z,4271600
131,629b203939a5cbf659c9316cb47c213c67665884,Chris M,2023-08-14T19:07:37Z,8782894
132,ff7d5275f2aa916cb5f320e0d817154e96f9cdb6,Logan Adams,2023-08-10T22:49:04Z,114770087
133,0c75f4a3f937febc8c15610fcab7b81466b216c7,Logan Adams,2023-08-09T23:44:22Z,114770087
134,d300517fbadfe03631672ee4164c2b1fc293f699,Logan Adams,2023-08-09T18:13:56Z,114770087
135,8a8683d343cd0c55be8a6c4c7e568dd23f574a63,Joe Mayer,2023-08-09T16:12:08Z,114769929
136,1e0c39c6bf54f7b3f0ac1c31a34e3cabbd2c3c9d,leiwen83,2023-08-09T11:20:52Z,18640128
137,78d985ab21b126811dc891666c833378b157911d,Conglong Li,2023-08-09T01:57:21Z,4238238
138,f0463b4d1fcb1df3d2cafc85ee26b7d55da93c38,Connor Holmes,2023-08-09T01:55:44Z,2001145
139,977254c148c1634344434ab41e4b583bcbc4c4b4,Olatunji Ruwase,2023-08-08T22:42:22Z,4271600
140,abe293b40297c5355c3d39224944017891eae132,Polisetty V R K Jyothendra Varma,2023-08-08T22:40:58Z,6461246
141,975bcbc0bdec3df7830f95f54906d904aa8add78,Michael Wyatt,2023-08-08T21:29:25Z,18311180
142,57a27b0803ce1fb31a24f7df1a00f7f86c912f66,Earlee,2023-08-08T13:30:23Z,49790022
143,241ae39a29ed74caf2d48e40341732475d585768,Earlee,2023-08-07T18:31:11Z,49790022
144,85dc854b11a66ec18e0f54e23eb72eeeddf9c81a,mzl,2023-08-04T19:18:03Z,27563729
145,4cde5da88e1d24390031a199170d4a2cfb671afd,digger yu,2023-08-04T17:51:43Z,55081697
146,e8318634b4313eaad89842cf4322e1762d34ced3,marcobellagente93,2023-08-03T18:21:15Z,56817594
147,1ba4098918d69fc3b2081f346802f2b58ac3d96e,Lev Kurilenko,2023-08-03T17:58:11Z,113481193
148,a7fe3bcc353c072846e4f86acff5cbfd758e2ec9,Michael Wyatt,2023-08-02T21:15:33Z,18311180
149,94c7233a8bb51e068ff8dd5d3e03f2e9b5ab248e,Molly Smith,2023-08-01T04:41:43Z,112220543
150,e31b40411feda607471eac05d12301b378df67cd,Hugh Pu,2023-07-31T16:58:31Z,31498041
151,f763b93d94ae149de8f2e0e0c9c8d05ead359493,Xie Zejian,2023-07-31T16:50:40Z,41792945
152,8a63754bcef47e91ee6f38640043409d752d12a7,Zhen Zhang,2023-07-28T16:01:06Z,1150493
153,82c498d947151fc8bbc586031544dc0f5a693cd7,"Ma, Guokai",2023-07-28T15:58:45Z,19373651
154,7f90ef4bddde0604f80857cf808d4309a1db672e,Olatunji Ruwase,2023-07-28T15:58:30Z,4271600
155,7f26bb6ae47c352efeabf52f827108c42a1a55eb,"Ma, Guokai",2023-07-27T21:59:26Z,19373651
156,6b877d2dbc879851dc5f9b7a4fc547eb4a3724b2,mzl,2023-07-27T21:30:14Z,27563729
157,0bafeac491da935ae192bc07ab0e946bb92ac5be,"Wang, Yi",2023-07-27T21:27:38Z,36058628
158,76953a37b7a13dd727c0a8ee02fd47dc0364e891,"Wang, Yi",2023-07-27T21:20:22Z,36058628
159,0b507253e5b424994517cd7f7964c954fc1dadcc,"Ma, Guokai",2023-07-27T17:52:05Z,19373651
160,389bf6931949ad85ecc0277eefd5bb7f6f5af285,digger yu,2023-07-27T16:33:13Z,55081697
161,15f94ae756476579e4e05781a25897a177bdbf93,Minjia Zhang,2023-07-26T22:18:12Z,33713995
162,b354c28b760efb46ff04410739fd574583530441,Alexander Jipa,2023-07-26T17:25:17Z,379115
163,09601bb811b28fb0db92b6dcb2b737873e6677e8,Hugh Pu,2023-07-25T21:13:21Z,31498041
164,eeab613ab888da19e9a46285c6c87f45e5c4ce63,Joe Mayer,2023-07-25T20:36:33Z,114769929
165,ad661b8e35044b9996e84eee13e78d962dc9f501,Puneesh Khanna,2023-07-25T19:56:40Z,37102144
166,43188ff077c05cc09f30a799d76b7586a9a90cff,Xuehai Pan,2023-07-25T19:29:14Z,16078332
167,e8600b7f7d856ff7cb4b83f311714312e4399505,mzl,2023-07-25T17:36:43Z,27563729
168,0f5406323cc3d0d1c6314cd39ba4cf27a57c9415,"Ma, Guokai",2023-07-25T13:32:02Z,19373651
169,1cc9caa9c65ee319a8e46abd9a725ff98048d53e,Stas Bekman,2023-07-25T10:50:16Z,10676103
170,f3943cf9109226ed3ecf2d5dbb639a11cd925555,Dino Chen,2023-07-24T21:55:29Z,5948851
171,777ae39a85988da3e934c272842f6c65686b8896,jstan327,2023-07-24T16:27:35Z,140345230
172,f4d18fa2b7184b110963cd3c61451283d678f4c9,Pinstripe Potoroo,2023-07-24T14:46:23Z,137808163
173,23a11a39510e2aefb48236e3d2672a7dcbfc42a3,hipudding,2023-07-22T12:52:27Z,3837401
174,19d5c03d0a1f24c85aa2beb2914db5694236580c,Jeff Rasley,2023-07-22T00:15:49Z,645595
175,6b2365e4faec59ba86f1af3501bddff661d6aff2,Logan Adams,2023-07-21T18:21:35Z,114770087
176,8e808392c89efe244b376700c69b5ae2b3a158cb,Michael Wyatt,2023-07-21T18:13:08Z,18311180
177,0cc2d6ff256312efe1cc05592081267dbac9037d,Michael Wyatt,2023-07-21T16:02:41Z,18311180
178,11f8e4a5c81ed0553ec1b371fd9d5eee229bdcf0,Michael Wyatt,2023-07-20T22:57:48Z,18311180
179,6580a2db17e0a93c7e47878ed64a2c42e1ce931c,Logan Adams,2023-07-20T22:41:58Z,114770087
180,0a0819b78554a5130b7c1b31d18779d39421dade,Olatunji Ruwase,2023-07-20T12:11:32Z,4271600
181,ceccfa3ef68182384c6db1349fab43b9af3ed7f3,Logan Adams,2023-07-19T23:32:14Z,114770087
182,7b850d3d040c350152d6b6664d30ebb78d73802b,Michael Wyatt,2023-07-19T23:14:09Z,18311180
183,1bc3b78423be188ea765d0180ea17e7b52adfe31,"Ma, Guokai",2023-07-19T20:57:54Z,19373651
184,8afcda2ac91f4d284cc96e4dbdd946f3a6cd7162,Joe Mayer,2023-07-19T20:37:30Z,114769929
185,7290aace9b966c671512559ab9912f6a0f89c361,Yejing-Lai,2023-07-19T19:58:38Z,55339926
186,c79a104cf589b5353f00b02bb06a1352c85148d6,WRH,2023-07-19T18:41:16Z,12756472
187,488a1b9879ac045537495658ca604dd4b74c0e81,Alexander Jipa,2023-07-19T18:02:01Z,379115
188,fb9aebbf254d6d4535e42df75cb08b7c1dbd03f2,Adrian Wälchli,2023-07-19T02:55:54Z,5495193
189,5dadf68771a7c80824519aeb86880d60e07c8677,"Ma, Guokai",2023-07-19T02:51:14Z,19373651
190,fc8de76f1d12c40530c7fb1f72418c0f220907d5,digger yu,2023-07-19T02:11:19Z,55081697
191,a655d7d3f871df223182ba0b4572df6336f09596,Logan Adams,2023-07-18T22:12:24Z,114770087
192,04b1f58e08a5c2ab2e2c7591cf0186666c811311,Michael Wyatt,2023-07-18T21:39:03Z,18311180
193,a1effc9170669859f74f735fb5f10306789e5557,Michael Wyatt,2023-07-18T21:34:25Z,18311180
194,cbf2f61a029db94f7d2329f1a274d31450086770,Jeff Rasley,2023-07-17T18:30:15Z,645595
195,5b2dc7a850bf72f3eddb44f5ac5fa6dae7e42dc0,Jeff Rasley,2023-07-17T17:49:32Z,645595
196,f5c834a6e0eedd440af85b0f577ca9c8f5624630,Javier J. Salmerón-García,2023-07-17T17:44:40Z,1133777
197,31ac29ddb918816fcd52d3c481a18107c7a9ce7d,Nripesh Niketan,2023-07-17T17:43:34Z,86844847
198,05a6cee1f482bd6250bbe2b5f53b256a7345d823,mzl,2023-07-14T19:44:28Z,27563729
199,7528035c1ed884442a13c850c9d01750d1b8d92a,hipudding,2023-07-14T19:43:31Z,3837401
200,4d9654163f843eb0561e7a9d7b383e8b96685f0b,Conglong Li,2023-07-13T23:47:27Z,4238238
201,ed34ddcaa9e539a899accbbf921e7b44711217bb,Logan Adams,2023-07-13T21:40:51Z,114770087
202,45cecc05fbcc431324ed1429830c37703fe8a1bc,KaiChen1008,2023-07-13T19:27:29Z,29816911
203,aa54dba02532f3f487cc635dfdace8fa95593db0,Jeff Rasley,2023-07-13T00:22:26Z,645595
204,103884aeee3b92edbd9c447e78d21da6cacac8b4,Eugene Cheah,2023-07-12T20:05:20Z,17175484
205,aef6c65ce39d191ca31618b2a995599942574fd9,Michael Wyatt,2023-07-12T00:35:49Z,18311180
206,e59f69a8ff94bade1d06b868d5cc35df6969e556,Heyang Qin,2023-07-12T00:14:03Z,46639297
207,e292343d7bf693eb6cc87b7845d41cb6e90a63fa,hipudding,2023-07-11T20:59:40Z,3837401
208,ce535945e6dacb6ffbf17a7cbf7543fbd86385dd,digger yu,2023-07-11T16:56:43Z,55081697
209,55243f3bc8d4e751734ee2000fe3979bd4b6228c,digger yu,2023-07-10T16:24:01Z,55081697
210,af9a622a748eef2aaf73711c96298c79fdb10781,Jeff Rasley,2023-07-10T02:07:16Z,645595
211,7e8bcc07d6532a380a7a439741609b058f083ed6,Jinzhen Lin,2023-07-07T19:36:02Z,14980050
212,c520d476791e5b99ec4465f8d1843d6eb2609a31,YiSheng5,2023-07-07T19:25:15Z,86951221
213,d24629f4fdaaa92df068de24f926d341f129112c,Ramya Ramineni,2023-07-07T00:56:19Z,62723901
214,c5e55d3d1477eeb839cf84362fb41954712118a6,hipudding,2023-07-06T21:56:33Z,3837401
215,b58e0fa92a5fa3012d2c7807357dd97aa2de8bb9,Michael Wyatt,2023-07-06T21:05:55Z,18311180
216,9aeba94a8ee130de7f3e66612dcb81f2b58c83df,Alexander Grund,2023-07-06T20:30:28Z,309017
217,52844f495655c6b77971afc9bcd193e640b754be,Michael Wyatt,2023-07-06T19:03:35Z,18311180
218,3491e32d72746ec3d990108a23e67b2666b3e0e0,Pinstripe Potoroo,2023-07-06T15:57:45Z,137808163
219,97e7b8410ccfc5e68c574b2a4d54b3ff77bee206,digger yu,2023-07-06T14:46:59Z,55081697
220,cc3a7c9cba14dc59ea2618bf756dc98cb2f35c55,Lev Kurilenko,2023-07-06T06:41:16Z,113481193
221,d6f622176dd52305d1423210f75c7c25b4373888,Yejing-Lai,2023-07-06T03:42:55Z,55339926
222,9377921a3fa4f212a6423906e0740121da3f5507,Heyang Qin,2023-07-06T01:08:34Z,46639297
223,db4638d157e6d6fb748f0dc87e15c72e45b58ba3,Ammar Ahmad Awan,2023-07-05T23:21:03Z,9065216
224,59c9b0914f93b90b71dfcd46b9d169d28747deb4,Logan Adams,2023-07-05T22:20:05Z,114770087
225,f3c93b056d55d8a52b123115ec853596da368211,Reza Yazdani,2023-07-05T20:01:02Z,44502768
226,385e89d4a81dd1c80e8658ddf0365377d32d9a2b,Mashiro,2023-07-05T19:06:51Z,57566630
227,7c126f431ce8b594871ed3eef72303921c4c40a7,Michael Wyatt,2023-07-05T17:45:24Z,18311180
228,d81dfdabcc47e9831f1e123ee91367075e6956f7,Xingjian Shi,2023-07-05T12:42:43Z,5178350
229,c1c1d2496fa12f8548e2ccd22cbf591c8bccd361,Pinstripe Potoroo,2023-07-03T17:43:22Z,137808163
230,691d246e0216a5c209eff10a7a6ee8c78eed521e,Jeff Rasley,2023-07-03T15:55:41Z,645595
231,d229ff175ebd036b21fc8b5fe95e597c54ec8528,hablb,2023-07-03T13:11:03Z,93904671
232,807d1b5dfc630a13a15d5385e3857b5d5387078c,Guo Yejun,2023-06-30T22:06:36Z,10448440
233,2ded2ff0be6ef5f1e592af7d2f7e05c1151a8d44,Alexander Jipa,2023-06-30T14:40:13Z,379115
234,5d1124f2aaff1af3dd1fab8f142ae09cc25cc228,"Ma, Guokai",2023-06-30T10:57:25Z,19373651
235,fd1d2c64472c1a3061a05eb3b56a3f882199cfba,Michael Wyatt,2023-06-29T20:54:49Z,18311180
236,c973e15711c6bcd447f6574909ccfcc940b1050c,Logan Adams,2023-06-29T18:14:21Z,114770087
237,b4626194e4be81c2af20d6fdca8d4771ba34f74e,Guo Yejun,2023-06-29T15:50:56Z,10448440
238,f8551b439ea4a849ecb37d148e3bacbffd64121f,Heyang Qin,2023-06-29T00:43:29Z,46639297
239,78b769359152e3c935c1d2ccd0ce5b3cc92e237e,Michael Wyatt,2023-06-28T19:33:55Z,18311180
240,7726fc8d54afd638b8a1ae00397dd6965d898741,Michael Wyatt,2023-06-28T18:29:47Z,18311180
241,25e500e8dd8bfb2fe07fe6e7eb6261bd58e6bd71,Sam Ade Jacobs,2023-06-27T15:38:52Z,16696152
242,203ac9d7ac32f4ed2c2da6d54ccc8ed8346a1699,Masahiro Tanaka,2023-06-26T22:19:42Z,81312776
243,a63f9152b9cfd01a8080b2d1a13f2ac60af35e20,Nadav Timor,2023-06-26T17:48:34Z,15572698
244,6102d128f2821258eca0ebcd7355c28815197fbc,Jeff Rasley,2023-06-26T17:10:12Z,645595
245,2b2be85f43de41986f02ecc76012b359c821bb24,Michael Wyatt,2023-06-26T16:11:29Z,18311180
246,1b888399dcb6dd2fb4d28073c30c690cdb6ce346,kisseternity,2023-06-23T23:13:54Z,15059072
247,bafaf3c0bb71163d775f47741e48a61d8ce62ef1,stephen youn,2023-06-23T20:07:00Z,13525892
248,aebdfb3b9257ec7b1cf3f654a07d406aa9d8a12d,Ramya Ramineni,2023-06-23T19:03:05Z,62723901
249,d33f1f851f67755d17f750d1fe4e7293664fe55f,Jeff Rasley,2023-06-23T16:35:54Z,645595
250,5eb2598623cdf51c69ed22c980e0aed13ec65dc5,Joe Mayer,2023-06-23T16:35:42Z,114769929
251,c86e4e31b8efac82432720dd10e1f00db31bd42c,Connor Holmes,2023-06-23T16:33:11Z,2001145
252,c80855b5431e46b1d2bb5a0790c893152895d95e,Cheng Li,2023-06-23T16:09:54Z,17418037
253,b0752b2ef6b5b74ab78c5378ae041d1ef3a03f78,Masahiro Tanaka,2023-06-23T04:54:33Z,81312776
254,94479e2b752e73e4bf5429f65a998a202618515d,Heyang Qin,2023-06-23T04:34:34Z,46639297
255,d18aa2c79c4c3782ccc20781efb3630108a7f749,Heyang Qin,2023-06-23T04:20:40Z,46639297
256,69d1b9f97879ba2f8cd1518d6ee17f0f1419f5bc,stephen youn,2023-06-23T02:41:39Z,13525892
257,52c6baa933649a313e0083f5dff8d7f6865d4b3d,Jeff Rasley,2023-06-23T00:44:57Z,645595
258,b3320940153f638def99959468b5b88fa8cfd76b,Heyang Qin,2023-06-23T00:23:32Z,46639297
259,6e4faf869dae7e53b55393b3a4a073f0a2ee7dad,Jeff Rasley,2023-06-22T17:26:51Z,645595
260,80ccaf9c7a89e82306a953881e81127af647c4d8,Jeff Rasley,2023-06-22T18:56:50Z,645595
261,24c7d7f14adc7ac88b5cd3a2b7f040ec0060580d,Guorun,2023-06-22T05:00:30Z,84232793
262,a76cced3facbb3ad7f2986f608b5015a48101c85,Cheng Li,2023-06-22T02:15:00Z,17418037
263,062408683c23f31b3e8f8dd1e1cff8004c0aa45a,Bill Luo,2023-06-21T22:49:44Z,50068224
264,d2bf38d6f2b344fdb1e4111d57c411f8bc17577c,Heyang Qin,2023-06-21T18:51:00Z,46639297
265,dd593410012c0c52db45f6b084859d44775c6398,Logan Adams,2023-06-21T16:48:08Z,114770087
266,1491e14e1dd5690eb7c7fd047e660348715c1e3a,Ikko Eltociear Ashimine,2023-06-20T23:14:44Z,22633385
267,044dd0e2c3bf44b98163f15f42343a72b5541078,Vlad,2023-06-19T18:23:00Z,45468127
268,3f5e4931098bf533f8217afb6d986c90f81aed80,Dino Chen,2023-06-15T18:47:00Z,5948851
269,9a8f6a1d3c603f352c2ec923c7b575cd1595dfaf,Alejandro Dubrovsky,2023-06-15T17:07:15Z,775207
270,b692d236d50a3cf7716653fc1d98166bd5385ae5,Conglong Li,2023-06-14T23:20:50Z,4238238
271,5a5340d03bc216afd4060bc44ceaf965e0187251,mzl,2023-06-14T20:06:03Z,27563729
272,cd911f9ab2213edb0c8781bd5fd604c37c020dfb,Logan Adams,2023-06-13T23:51:30Z,114770087
273,45466afa34aa25da004cc0032952576efb6d0538,tensor-tang,2023-06-13T21:44:47Z,21351065
274,46bb08c2df725fce1d49cf27341dec0d42a0e0d5,john li,2023-06-13T20:12:26Z,133466
275,09332dbf9f902359c1d5111090e3618a97331595,StrayWarrior,2023-06-13T18:11:07Z,6890059
276,1b40182312a038342c713df4c517359d8b2ee48a,Logan Adams,2023-06-13T16:57:29Z,114770087
277,6f4fc30b5823f0a6222617a99093e6ab7f52c1a4,Joe Mayer,2023-06-12T16:44:02Z,114769929
278,5289d691d36e5f7a22e99954c82038e0dbc64c52,"Ma, Guokai",2023-06-09T21:40:15Z,19373651
279,54bd9e290ad6523468cdcbc530bddff0b439ba1d,Jeff Rasley,2023-06-09T18:44:21Z,645595
280,a65f6b9e9b6375395fb60eabbe0a29cd2007fc62,Logan Adams,2023-06-09T19:31:03Z,114770087
281,26b3e73298616f51258d26f9d3ba377a57c5989b,Abhilash Majumder,2023-06-09T19:24:15Z,30946547
282,8bfbb0e3caf394dbb5d64a6fdf26a09336dc1909,"Ma, Guokai",2023-06-09T18:02:11Z,19373651
283,046afcedb4f975ea082f778796ae7ebbf961cf60,Olatunji Ruwase,2023-06-08T23:49:34Z,4271600
284,fc8e5c8858206802ab1b454d67b8c937e3e9ce9b,Logan Adams,2023-06-08T18:19:41Z,114770087
285,0977106ac902f194e25d839bc2c0bdfbe6e33549,hablb,2023-06-08T16:29:17Z,93904671
286,df425097869214c3371d74a4cbd7c506bea3cef7,Conglong Li,2023-06-08T03:20:46Z,4238238
287,d414678df77c8a6fb4bc112fb0aa3bd81d677d3f,john li,2023-06-07T23:59:35Z,133466
288,fb2b4ab11a5a2bbeb998b82aba1205d2bdd06152,Michael Wyatt,2023-06-07T23:53:37Z,18311180
289,c5edc91ecb5a080d8110f2b4dfbc323f8f767116,digger yu,2023-06-07T22:33:43Z,55081697
290,34a9fbf1a3f1c5b992bcea92b1b1aa8ba9ea5cc0,Reza Yazdani,2023-06-07T19:38:46Z,44502768
291,7e59ef12300032fc50683fae534cbd41ec1475b0,Logan Adams,2023-06-07T16:56:21Z,114770087
292,f2f5f21b52a82de75c85abd190ecd328ce762c5a,tensor-tang,2023-06-06T23:43:29Z,21351065
293,d8aaa581223f00f84645629d4c0e31879827937f,Logan Adams,2023-06-06T23:42:14Z,114770087
294,c17313fb241ddf4ccc8c2b8b135cbcc5e9e89ce5,Abhilash Majumder,2023-06-06T23:36:25Z,30946547
295,b7f463ddeb00f8a4119520383759b201bc572b07,Byungsoo Oh,2023-06-06T22:14:07Z,14370937
296,4cd0a003f5b6744a3455c34ad0d20364a8627b30,Ramya Ramineni,2023-06-06T16:25:12Z,62723901
297,2d737eddcc44c838a8bc7f934d7dd9cc31bd2b9c,Siddharth Singh,2023-06-06T13:48:49Z,16764680
298,e5fe5f65e8be68364210f0173f1d1c4ab58a4ab7,Olatunji Ruwase,2023-06-06T02:20:25Z,4271600
299,3fb3cfdced941d8c7856c020812054141f8eab2c,digger yu,2023-06-05T22:22:52Z,55081697
300,c88af2143248e4655d401f9231317f3c76018057,Zhen Zhang,2023-06-05T00:26:46Z,1150493
301,f483c0348bc141e40f2db44346d32f28da54ad4b,Jeff Rasley,2023-06-02T22:13:16Z,645595
302,4559aa9b02bf9f113951e0092ebecc21debf8e20,Buğra,2023-06-02T17:54:00Z,11869756
303,5d14afd26ce89be4d4e6ebdf8fb6a943aebd4aa3,digger yu,2023-06-02T17:51:04Z,55081697
304,460bec4679fb460ccc24f915ea1674e89baf698d,Guo Yejun,2023-06-02T15:20:41Z,10448440
305,cd4e473ee613a3c5d0b70769c5ec19a7fc8a453b,digger yu,2023-06-02T00:47:14Z,55081697
306,da8f4e01b55acc71e3da21d8c9aadae3b3f950bb,Michael Wyatt,2023-06-01T22:01:01Z,18311180
307,f5dde36c1af9fe6b166ed05d381f546f53dcebce,Haodong Lyu,2023-06-01T18:40:36Z,15099669
308,3b299997610e4a93a506bc617584f2845a2051ea,Guo Yejun,2023-06-01T16:02:17Z,10448440
309,e02b8d0bd06fd5e3d65c4bc410708ee2443334c7,Micah Zoltu,2023-05-31T18:00:57Z,886059
310,8f459c50e79528eb2a2612f3a1ea280af6afe883,Will Jessup,2023-05-31T17:53:57Z,13675
311,8b8c7031fb9b3530fea0ede2c869e9099864e49a,Michael Wyatt,2023-05-31T17:53:31Z,18311180
312,f3c8eacafc5f3061b67e2db1f98aba319b378eb5,CurryRice233,2023-05-31T14:24:24Z,24593680
313,52907a661c558044a428eaf9e8a54331d862b5c2,Guo Yejun,2023-05-30T20:54:05Z,10448440
314,49a73549b91cc0a589d3a44e59dd4687e774d296,Jeff Rasley,2023-05-30T19:07:31Z,645595
315,d755b9d616bac5d830e6025dc7d0ca10d45d4ba8,Danny Semiat,2023-05-27T00:17:26Z,19345135
316,0411a9f871dafc44ac498e0028d3036da86d53bb,Quentin Anthony,2023-05-25T20:53:17Z,10281105
317,d39c311fc69bc5cba663b72880bbc28987152b69,Olatunji Ruwase,2023-05-25T20:35:50Z,4271600
318,736bf1853b76d9fb8a3f04da83a7c6810ddf58d2,Conglong Li,2023-05-25T19:13:44Z,4238238
319,6622776cecb15831dfec96f892921447750e5b69,Nikita Shulga,2023-05-24T23:27:32Z,2453524
320,766798849144fdb51e81204370d4e9411a34cafc,Lev Kurilenko,2023-05-23T18:46:59Z,113481193
321,49d399cd284535129f82cc5fd25a580f35c1c6e1,Joe Mayer,2023-05-23T16:23:41Z,114769929
322,d1c3c0df5318cbcb2b221d38d4127dd566f4984d,mzl,2023-05-18T19:13:37Z,27563729
323,2fc56841e8525dfdfe9f14cda51505af2d71cd8a,Ramya Ramineni,2023-05-16T21:57:19Z,62723901
324,5c3ebd7ede063dd5141711c0b2567924b3ec2908,Olatunji Ruwase,2023-05-16T19:06:23Z,4271600
325,1f72082fc0ea159d0de46886d8e713dda7df9ce2,"Ma, Guokai",2023-05-16T15:59:22Z,19373651
326,5147b90aa4477c4a3914c4ca10e701f30753837d,Ramya Ramineni,2023-05-16T13:07:27Z,62723901
327,c8d3f5eb196423083f75dc23b5d4b4bcdd222e55,digger yu,2023-05-15T19:20:46Z,55081697
328,9685eb92ab98ea4534fbfce21e303f396575f7e4,Joe Mayer,2023-05-15T16:09:23Z,114769929
329,4716b0f7691f6e58842fc522b48a54090b784ca8,Heyang Qin,2023-05-15T13:38:23Z,46639297
330,9f4a876360296f24577dd07796625f793a38b0c1,Yizhou Wang,2023-05-15T11:23:10Z,86939711
331,5c6da1f001f936234a31a238e71ca386e34eb51a,mmhab,2023-05-13T11:54:13Z,132277730
332,1824cb5570b9529567d28904e95ac6dc1d6c0a71,Michael Wyatt,2023-05-12T21:40:47Z,18311180
333,82991df05419828d65cbb658efc01b50c135ea00,Gavin Goodship,2023-05-12T19:00:35Z,10147276
334,d73f99d8550831311c0c118c169ad480c11d8852,digger-yu,2023-05-12T17:06:19Z,55081697
335,b3956dc9e3c7af8d802a48f145a5e99b0b73e772,digger-yu,2023-05-12T15:47:05Z,55081697
336,4d269c6e4db390c2b427decc863e0a29df2fa99f,Joe Mayer,2023-05-11T20:16:35Z,114769929
337,5979ece8a256726976ecd21a08c2901ab3355ba0,Molly Smith,2023-05-11T18:22:44Z,112220543
338,254663a28cffcd83ecfa265f9accb474e7ae0506,digger-yu,2023-05-11T16:34:19Z,55081697
339,194053bd58947ac6a45363ba780c9dfb127d3064,Lev Kurilenko,2023-05-11T02:29:08Z,113481193
340,b303fa8b5b27bb7f27d8d9f2ceab8da3f41ba8e6,Gavin Goodship,2023-05-10T18:30:38Z,10147276
341,6938c449def0b314e32505ee98f03d104bdb1ade,"Tian, Feng",2023-05-10T17:33:48Z,16394660
342,b31b46c0d100f93295eb33ce54c03d093c053b62,"Wang, Yi",2023-05-10T10:52:44Z,36058628
343,db26f8b41325be2a7f7af8b386b4e8951a5a76c9,Lev Kurilenko,2023-05-10T03:00:43Z,113481193
344,99dfac9ad09ed4462b6461058620985e490fd9dc,MrZhengXin,2023-05-09T20:17:30Z,34998703
345,58c4d230920f10b9a0c33891b6cb88afc1a6a5f4,digger-yu,2023-05-09T17:50:29Z,55081697
346,198166423d9f2bd8c03a62bc4d8b1c0e74e31b19,digger-yu,2023-05-09T16:54:05Z,55081697
347,195563a2c5dd865c2f56df133e14249c1387171c,YiSheng5,2023-05-09T04:25:36Z,86951221
348,f1fab902c8248d7838d9206ce47cdaf4ae1e37ec,LiYu Lu,2023-05-08T22:52:56Z,17606906
349,87edbc8dcee81db66138bca1c3cc0055f7106d68,digger-yu,2023-05-08T20:33:36Z,55081697
350,4132118054b3c0458baee150e24d55322cf3c2f2,Gavin Goodship,2023-05-08T17:22:00Z,10147276
351,f3f4c44959a9dfff48c4c3f3480bb05b10e629e3,Pablo Emídio S.S,2023-05-08T17:16:05Z,69937719
352,9715d802363321aa6660360ea45bbea9c235393b,"Wang, Yi",2023-05-07T17:50:56Z,36058628
353,4e886f0568832d292183926bcc1a9105def25f2c,Yizhou Wang,2023-05-05T16:36:27Z,86939711
354,d10b8ca011b18eba3a6ca56f4208a732d7fbb744,"Wang, Yi",2023-05-04T17:34:15Z,36058628
355,0a61d5d66462d51c6d867ab58479adf94f59de97,Connor Holmes,2023-05-04T00:20:07Z,2001145
356,d2e6110e23bc9169e9238a467492f2b66185523c,Michael Wyatt,2023-05-03T23:59:08Z,18311180
357,2c63e349e42334f795614f7b4cb7e0080349957a,jianan-gu,2023-05-03T22:49:33Z,83276252
358,5314c9a1b763595ce4aef2b75054e3e6150d8679,Jeff Rasley,2023-05-03T17:35:42Z,645595
359,e0e808503e25aaeb3cb32c83464bdda6f41462b8,Gavin Goodship,2023-05-03T16:11:13Z,10147276
360,d3550dc88aaecc10f3ea0d0f0423f7db7a80bfcb,Joe Mayer,2023-05-03T11:53:45Z,114769929
361,77ebf760f38b8fd9554edc3e6e350a78473018b1,Stas Bekman,2023-05-02T21:41:15Z,10676103
362,dcb4a7d66439f2100c6d0e67723eb94bfe3f5ced,Joe Mayer,2023-05-02T17:41:00Z,114769929
363,52d7e80aace514fa22dcc596fcdc0c37162b003b,Connor Holmes,2023-05-02T04:08:13Z,2001145
364,b0d9c4d052796bdd16596c43053eb8b798696141,Nr Wu,2023-05-02T01:01:37Z,14273895
365,b2ac7f6333e1c621a0e5a03e7b214f00bcda441a,Logan Adams,2023-05-01T23:18:37Z,114770087
366,3e8564645d593e99e1163fbf9615f559cbeefe9c,Reza Yazdani,2023-05-01T20:37:57Z,44502768
367,42858a9891422abcecaa12c1bd432d28d33eb0d4,Masahiro Tanaka,2023-05-01T19:53:52Z,81312776
368,b4b63f521f3d12118a0240a6b46dd35ba79f5534,Gavin Goodship,2023-05-01T16:51:44Z,10147276
369,7ddc3b01dd0514233a4b7f75040bc902b833a5f5,hablb,2023-04-30T07:24:07Z,93904671
370,a094c9763de8d42107cbffd0bb9abb8056aa3c60,Jeff Rasley,2023-04-28T20:30:26Z,645595
371,f7d71ec15376bc8188e5e8eca9c79177536c6e5d,Jeff Rasley,2023-04-26T18:38:12Z,645595
372,01d17492c360753670662ae6cac65e0c35e70734,hablb,2023-04-26T15:16:25Z,93904671
373,0e357666a10e71841b211f29ede7e7b21ce30b7c,Guo Yejun,2023-04-26T05:36:58Z,10448440
374,2e99f6edf6df018d33be71f2cfe64c12bae3b662,Zhen Zhang,2023-04-26T00:23:00Z,1150493
375,d92539509b1e9a6178cfdb921d5080e76f690bce,Molly Smith,2023-04-25T18:44:35Z,112220543
376,d56268f3752433d63b1025435d8c597174bf7033,Alexander Jipa,2023-04-25T17:25:07Z,379115
377,39825a9092b997a2fdcf129e91224183dda93cbc,ShijieZZZZ,2023-04-25T13:15:18Z,116392778
378,085981bf1caf5d7d0b26d05f7c7e9487e1b35190,Conglong Li,2023-04-24T22:58:02Z,4238238
379,3031eec44efc6ea15b7d5cda94da94227a248334,Michael Wyatt,2023-04-24T21:45:36Z,18311180
380,a748bfc6d0f83fb61738f06cfdf9943b8bd21299,"Wang, Yi",2023-04-24T19:51:02Z,36058628
381,c9196b615ed0e6b31c4e6490109d7a1bb282509f,Adam Moody,2023-04-24T16:04:36Z,1105742
382,39b429d56ef12b3dc82fc177e2f0f801db744a3d,Kobie Crawford,2023-04-23T18:20:51Z,126616
383,297cd9ed8ab10adb6718386a932152fc482ab8f7,Dino Chen,2023-04-22T15:23:28Z,5948851
384,2f8d384e8bf3644e11e7bb2c658ddfcea7c611b1,Michael Wyatt,2023-04-21T23:23:02Z,18311180
385,496a9a3a62ba4ce971403f053c059b9a9ff9cb99,Molly Smith,2023-04-21T22:30:24Z,112220543
386,6e1cbebe52f8a66872929689419c3f159cb43bcb,Ramya Ramineni,2023-04-21T18:41:23Z,62723901
387,4a3ca4e26d4f29e176ea80bf5ec303240107b49a,Michael Wyatt,2023-04-21T16:57:46Z,18311180
388,78afab048a8daebfd89a6cf4e862d169b5ebad40,Jeff Rasley,2023-04-21T00:48:24Z,645595
389,793c23e5c118b47c8862ad8c946fc081df3d2849,Connor Holmes,2023-04-21T00:38:43Z,2001145
390,145c3a75916cc39de9048e6c5b415fac6d634896,Connor Holmes,2023-04-21T00:38:02Z,2001145
391,ad168a695425f2617976cf0ab2e281854b97aa26,Michael Wyatt,2023-04-20T23:55:12Z,18311180
392,dd8df20fe0cc773d580689081d03e14b98e81416,Olatunji Ruwase,2023-04-20T22:07:00Z,4271600
393,ab1d2f826b5e1365b9e68b59e4d13e27c6f1065e,bobowwb,2023-04-20T19:06:07Z,24909311
394,dd902a3c0fc3ff937debf8892671253d50764169,digger-yu,2023-04-20T16:05:20Z,55081697
395,4de4d2acc6077707c806a8abbc26fba1e2779745,Logan Adams,2023-04-19T14:23:20Z,114770087
396,61a8b3a0eeb5f71dc3f4ff4a62b0719ecb92f659,Logan Adams,2023-04-19T05:41:21Z,114770087
397,036c5d6d7b6028853a4e15ef3f5df466ba335f33,Jinzhen Lin,2023-04-19T00:45:43Z,14980050
398,c381dd16238ff3c66d7013f9cd4e7214cb23ef8a,digger-yu,2023-04-18T20:31:24Z,55081697
399,089056236cceb119d62c3a10b122592b61144a41,Logan Adams,2023-04-18T20:03:48Z,114770087
400,f7bfe5e7efbb9d04b1297f404de6fd76a6a07f4c,Bhavya Medishetty,2023-04-18T18:37:25Z,86327865
401,bcccee4d85557994d7a1ec7f068bb7ae369b2173,Michael Wyatt,2023-04-18T17:13:35Z,18311180
402,077e42e68a766a5ec1a1b231a62af0b6125defdd,digger-yu,2023-04-18T03:41:08Z,55081697
403,48297c4841374776a3c4d9319a9b57378f598d65,Heyang Qin,2023-04-17T23:54:28Z,46639297
404,050aee287d70157e29f242b3a629a4cb97b4e4e7,Ikko Eltociear Ashimine,2023-04-17T19:34:34Z,22633385
405,6dbff77117e7edfcab7e103ab3b082bae870bbf0,Jirka Borovec,2023-04-17T18:17:05Z,6035284
406,72c2d6df2a8392dadb64bc752f63824493a32c75,Stas Bekman,2023-04-17T17:37:41Z,10676103
407,cc67f22f60f7ec20c61a53b4c3da4e8799d7de5a,Dogukan Uraz Tuna,2023-04-14T17:49:35Z,ID Desconocido
408,fef5aa6e6d88e963ebab117724cd9c4925fcd612,Michael Wyatt,2023-04-14T17:39:39Z,18311180
409,6fc8e33c12d89d641d55e7e7decbd29fb81b2ba2,Michael Wyatt,2023-04-14T16:44:22Z,18311180
410,94fbd9479cd350adc64ab5a99f7637c2707ca974,Logan Adams,2023-04-14T16:24:39Z,114770087
411,717c30203e48cb4bd195d4f12df78f6b373662ad,Masahiro Tanaka,2023-04-14T06:21:45Z,81312776
412,a8f999e3c4c7ad66ba6be1caa5a054a50cf57852,Michael Wyatt,2023-04-13T23:35:30Z,18311180
413,ad97ca3417d4cb5eec686dee0750b74e783c3848,Michael Wyatt,2023-04-13T19:33:28Z,18311180
414,7832efbb09bcf56799de0ad501179d7099773cea,Jeff Rasley,2023-04-13T15:31:13Z,645595
415,0b5252bbd3347a25e1a541119129be269a6899cc,"Ma, Guokai",2023-04-12T23:00:34Z,19373651
416,9408a8666c4fdb212bdfad76b544b86015284908,Logan Adams,2023-04-12T21:20:59Z,114770087
417,a725c5d7eb207b5260476cbc3b0d6757f9717d44,Conglong Li,2023-04-12T18:53:59Z,4238238
418,29aea09a81332ab42e4c5cdb37323bd061f291fa,Alexander van Eck,2023-04-12T17:12:20Z,11032873
419,970d827ff6b2a5bb80aca4f7115a02942f389aa5,Conglong Li,2023-04-12T07:57:43Z,4238238
420,02dec1f543b3120a59d4b446a371c48f944e2f5a,Masahiro Tanaka,2023-04-12T07:46:59Z,81312776
421,f662bfcd70806157b95f337cd5e75c745d4eba5b,Zhewei Yao,2023-04-12T04:21:16Z,23286944
422,c0add889d92a62cc93dd28f426e2402dee6bc9d5,dawei-wang,2023-04-11T20:16:07Z,11358567
423,79b411b912d536b57a940232565172e3036dbe63,Zaida Zhou,2023-04-11T20:10:16Z,58739961
424,cfdd801302840c328412485516dfc77343cb11ce,Masahiro Tanaka,2023-04-11T18:59:33Z,81312776
425,47f9f13bd3236d426d558d61ef358b36191ef026,Olatunji Ruwase,2023-04-11T18:53:38Z,4271600
426,cc9dfffbaf2c0cc2affed995e444d628ff58653c,Ammar Ahmad Awan,2023-04-11T18:33:22Z,9065216
427,41d91340142f6ff4d479dbc9d2a49fe9443248e3,Ammar Ahmad Awan,2023-04-11T17:40:57Z,9065216
428,f09448c2558f2dccf81d67b13d4e0aa8c1a9568e,Ammar Ahmad Awan,2023-04-11T17:22:42Z,9065216
429,6eca037ce0f50abea393ee0dc81c05876c081436,Guo Yejun,2023-04-10T16:29:05Z,10448440
430,4d27225f3e22c4dd14074152b203659e3c627788,Olatunji Ruwase,2023-04-07T21:34:15Z,4271600
431,1ab42fe829475ed315b4718ea8906783ebbb2ba1,Logan Adams,2023-04-07T21:06:14Z,114770087
432,0f8b5da6ae37b474259dd10164ffbd9f36ebb598,Logan Adams,2023-04-07T21:05:09Z,114770087
433,5f5cc82415b11ab2c9bf85969deb510fe8631446,Adam Moody,2023-04-07T15:59:36Z,1105742
434,0cd64bd4c965fd6fa5a670ce82f2a900506f9df1,Bing Xie,2023-04-07T15:52:31Z,67908712
435,baa95c6256c1064f602049918cb64db3859cc00b,Michael Wyatt,2023-04-07T15:51:49Z,18311180
436,adc15e1c17d7c33ba1d0148cb3b64df7252f03a1,Gavin Goodship,2023-04-07T15:51:03Z,10147276
437,1f85569e1c65b6a9da36a3ebfde099deeee8273a,Michael Wyatt,2023-04-07T00:09:23Z,18311180
438,c48c97991bff44917db4b40d4f6b22447a3459cb,Molly Smith,2023-04-06T17:56:22Z,112220543
439,30d97705499779b3be4cae2ca80d919833c6e1f3,ShijieZZZZ,2023-04-05T22:52:35Z,116392778
440,4b35833379bd9eec6fc148a3fa62bbbac2ba1af7,Logan Adams,2023-04-05T22:12:01Z,114770087
441,1ec34e54de6bf07f85802c1ae104a876f6e65cf9,Logan Adams,2023-04-05T22:10:51Z,114770087
442,8630f73e09084cc29a5516656c882dc5174e108c,Vincent Hellendoorn,2023-04-05T21:26:08Z,1426353
443,951d4df74731dfb8553c9b8d87a57e5025d1ee31,Earlee,2023-04-05T20:33:52Z,49790022
444,ab1f32de326d84b3a749ea017f140f97dc315714,Logan Adams,2023-04-05T18:07:23Z,114770087
445,20ed15be04530e755858b8256eaa29e6d230ea09,Stas Bekman,2023-04-05T17:03:27Z,10676103
446,bcb0353140fe69d5a5d28e3d679370dd80005bdc,Stas Bekman,2023-04-05T16:17:23Z,10676103
447,6ba0024d54f5b7787f87e2981e7840a7acd4aff4,"Wang, Yi",2023-04-05T14:58:33Z,36058628
448,514b020bce6aa5d0a0e7acad0300c3f907d7c851,Olatunji Ruwase,2023-04-05T14:05:39Z,4271600
449,e73de8cee89ca1b2296c8eead2ae3d904e24271c,Molly Smith,2023-04-05T03:17:29Z,112220543
450,f2c9a827993d5e6e951a8ce920d55de810b2aab2,Michael Wyatt,2023-04-04T22:03:36Z,18311180
451,fcb868e27c3993aab8aa151ca579456cb32dcee5,Olatunji Ruwase,2023-04-04T18:11:56Z,4271600
452,fcc0d9c0aac0dcb9286b551d97cbea0d2bafe452,Lev Kurilenko,2023-04-04T17:51:31Z,113481193
453,62db3c0d7f6f6a4056b311848dc198b286f6d7a8,Jeff Rasley,2023-03-31T22:51:58Z,645595
454,1242d8b4ebfb8619a6bb0a1ca069f8de1ff809d8,Zhewei Yao,2023-03-31T22:47:09Z,23286944
455,6c4782b0f29071c1b42a9f4e3faa67f514f300a1,Michael Wyatt,2023-03-31T17:42:37Z,18311180
456,b361c72761d97f5a1714a3e91d1f7c36fd3cfdd8,Michael Wyatt,2023-03-31T00:14:38Z,18311180
457,261d637086feb8fec1c6507eafc8f8cae4b49a41,Olatunji Ruwase,2023-03-30T14:26:26Z,4271600
458,a6317eb509cf6a7a3929787530174f7c575cf475,Mayank Mishra,2023-03-30T02:27:15Z,32954280
459,4b6d7c159ca8664141d06dc29fb7a9e2cefc407c,Michael Wyatt,2023-03-28T21:02:37Z,18311180
460,9726bd46500ddabff5a2807be27a86466cacef6d,Quentin Anthony,2023-03-27T21:15:18Z,10281105
461,91d63e0228c29d0f8b25ea3bc7173acdcdddd136,Jeff Rasley,2023-03-27T11:55:19Z,645595
462,b3ec1c9712e1f954288811f78f2340d69abe84d1,Logan Adams,2023-03-24T04:22:48Z,114770087
463,090d49e79fef300046ec0ca22dc3e1bffde74ee1,"Ma, Guokai",2023-03-24T03:29:54Z,19373651
464,e80ae088868bef18b75a0d0825e15d7f9ea0ad0c,Olatunji Ruwase,2023-03-24T00:15:34Z,4271600
465,5cdf35935dd96b94938e0a917ca39b91b5eb07cf,Michael Wyatt,2023-03-23T18:43:28Z,18311180
466,5c2a81c2c1be8b6308781c01226d56df3ead2c1f,Satpal Singh Rathore,2023-03-23T16:50:01Z,39311993
467,a78d6b89e046dde0ece45acaeaaac4ab2a3a2d86,FreyaRao,2023-03-23T16:45:42Z,110755803
468,1286e374aba8b4490a7f57f18b3a479753985277,Connor Holmes,2023-03-22T15:45:06Z,2001145
469,27e1b02debefd2cd589b6b72c5333e3976a18d05,Molly Smith,2023-03-22T15:44:09Z,112220543
470,871c8a3f5d2e167cbebca4eedad6d1f7adfd047c,Mor Zusman,2023-03-22T15:43:35Z,7231514
471,36677588b63096c8004688bab00834c0462088c7,Jeff Rasley,2023-03-21T22:38:21Z,645595
472,9ea0fdc2ce86bd97b2fb4d118f3af1165a6e7d0e,Molly Smith,2023-03-21T21:50:43Z,112220543
473,4e0686233a330af75cdc744371e18f9958a938ca,Logan Adams,2023-03-21T20:45:25Z,114770087
474,b38b3036dd531ec60e180f170bfbe5d7402e9f8a,Quentin Anthony,2023-03-21T17:19:16Z,10281105
475,f1e4fb0b878e48d6fe33dbb2e0969d791d698e86,Satpal Singh Rathore,2023-03-17T18:30:24Z,39311993
476,bbfd0a6a3e7bd43d816b250b4cecb67504c0c340,Jeff Rasley,2023-03-15T21:16:26Z,645595
477,ac2c9ffae4b1b46552a2a535befbe8fd040799b8,Quentin Anthony,2023-03-15T13:33:15Z,10281105
478,94f7da26b632f53b0a29ac54854cb8899e0d5b9e,Joe Mayer,2023-03-15T11:45:20Z,114769929
479,50a49e42fb88aaf03c7b10d9e808abee11e375b5,Stas Bekman,2023-03-15T05:29:00Z,10676103
480,d7c925e4e8713ce8842586b5ac6c0f9dbcab17ac,Joe Mayer,2023-03-15T03:13:08Z,114769929
481,e355863b832efc919b436a3c00a400f348ef53c2,Stas Bekman,2023-03-14T22:41:39Z,10676103
482,4292e8c59a03a479d0671a0d3c0bdf4f621b7520,Jeff Rasley,2023-03-14T19:46:48Z,645595
483,b528f50e3d750ff5b1b7c8beb64a838563ec8f58,Masahiro Tanaka,2023-03-13T17:48:10Z,81312776
484,43d58d99eba800a809f16efa30a90eb25f7a7003,Adam Moody,2023-03-13T14:52:48Z,1105742
485,3798e60519ae10573c765c9ebb1e460da9e596df,Lev Kurilenko,2023-03-10T19:45:36Z,113481193
486,457850dc5ad72960f0e8a8f1597914d682a7792c,Jeff Rasley,2023-03-09T17:57:51Z,645595
487,58a4a4d4c19bda86d489ac171fa10f3ddb27c9d6,Jeff Rasley,2023-03-08T17:55:41Z,645595
488,6379defaef5e9dd2c9ce691c34ac87c5326b936a,Rahil Bathwal,2023-03-08T05:27:56Z,87332510
489,d58b4df39f90972f4b035bba56def0838dbc856d,Jeff Rasley,2023-03-07T18:16:32Z,645595
490,db15ef578a4015617d6c33df43aa832d708a0bc9,noabauma,2023-03-07T17:42:22Z,62301037
491,0acf7e9c489def74d3ac05ee91eabfb8280a1dba,"Ma, Guokai",2023-03-07T17:40:17Z,19373651
492,80d8fcbdb3f1121bef358dac70476648a3c8ca55,Olatunji Ruwase,2023-03-07T02:24:25Z,4271600
493,87eaf8f99abdebac1207565e3c3ee49cf151f29b,Lev Kurilenko,2023-03-07T01:38:50Z,113481193
494,2ede0d942ad0319f8bb86f17f01b1474784aa4a0,Molly Smith,2023-03-06T22:23:55Z,112220543
495,4ae3a3da0dfd19d7ab7a76e7c742ac12f44fc1c0,Molly Smith,2023-03-01T22:18:13Z,112220543
496,8d53ac0cd3a708d1b9a4281b5e01044b5bab6d61,mzl,2023-03-01T17:04:07Z,27563729
497,91d7090e4753cd1aac2b105629f7373a1e201ec5,Sam Foreman,2023-03-01T11:06:19Z,5234251
498,17fa0876adcc8fa2acb384727bdc49d7434f1f99,Molly Smith,2023-02-28T21:36:21Z,112220543
499,9886d6d9e06e414ceab12ca0279561fb42470ec0,Farzan Taj,2023-02-28T18:41:49Z,21085967
500,dc01cee5cab07562bb48740b112f5cb23a90877c,Heyang Qin,2023-02-28T14:59:23Z,46639297
501,f1d2a15b50fa83beb8fb8076fae883853f83b5ad,Mayank Mishra,2023-02-28T06:10:19Z,32954280
502,541e423ae652e217f565f4c41daa4619cb526642,Olatunji Ruwase,2023-02-28T04:40:49Z,4271600
503,da84e60d98d2e90f6f2094a219c98c8b41582eb9,Jeff Rasley,2023-02-27T19:20:41Z,645595
504,8710f0514e0acf947c8942791f8051087e39bce0,Olatunji Ruwase,2023-02-24T15:59:44Z,4271600
505,d3de7375500c42427792f86e818107c427191a29,Yasyf Mohamedali,2023-02-24T02:51:02Z,709645
506,b47c592ae23956f59269785e49b11ae46569296c,Molly Smith,2023-02-23T21:19:14Z,112220543
507,7e77cf710a90afdac440862e4dd3da7960494f05,Heyang Qin,2023-02-23T20:04:49Z,46639297
508,859d7c92ab5ac65088ef81c4956cd777b6d419d1,Molly Smith,2023-02-23T12:41:15Z,112220543
509,81b4d5db06b70ed7bc188568f90d89af32f876b1,Olatunji Ruwase,2023-02-22T11:50:57Z,4271600
510,7c99def0f0f915b4411a4e3fb2b2d54b98890cff,Conglong Li,2023-02-21T22:43:29Z,4238238
511,3253e7db835e7de5b7aae928974213eb98f9166c,Molly Smith,2023-02-21T19:52:23Z,112220543
512,b4d40e357b9be06c82db5533564f6aee63f73968,Logan Adams,2023-02-21T18:16:35Z,114770087
513,8be8c012c8a247e5512276676b5e7092d88633eb,Michael Wyatt,2023-02-17T22:23:18Z,18311180
514,3ea272e646978af53127906b97bcd950f5cb866a,Michael Wyatt,2023-02-17T22:18:17Z,18311180
515,aee250b8e33b52e823b22c068f685b6148459136,Jeff Rasley,2023-02-17T22:06:42Z,645595
516,6c85fe6cc3392aa55f834cdfe02a265f8d43e197,Michael Wyatt,2023-02-17T21:17:15Z,18311180
517,5b7413a4fcc55f5e9e789fb58b88a6ce00270e47,Reza Yazdani,2023-02-16T18:47:45Z,44502768
518,fd1449c766f8dc0b0d77ef6389934d094b60a889,Lev Kurilenko,2023-02-16T18:12:18Z,113481193
519,e4b3b610badade98cb3f59a223e406c13e7fe67c,Ammar Ahmad Awan,2023-02-15T23:17:02Z,9065216
520,46784cb58edf7bbe9b6bbec95212de7b81e55b01,Molly Smith,2023-02-15T20:50:32Z,112220543
521,cc1054d9e2051356ab9562158ec5b4d1e77063cd,Michael Wyatt,2023-02-15T01:48:10Z,18311180
522,639aa7b302f1b39887d9d41f11812bce219dd4d5,Michael Wyatt,2023-02-14T21:10:22Z,18311180
523,d3f30199e10bf3c03adbdbc11cfad2d9fe86b637,Michael Wyatt,2023-02-14T18:57:15Z,18311180
524,93e528979365be809f47540f56037f99581f2911,Michael Wyatt,2023-02-14T18:56:19Z,18311180
525,349f845b838c6992c5ea19e80fc728bef9645962,Michael Wyatt,2023-02-11T00:46:39Z,18311180
526,d038dbd268c3f81aaf8a650f599f7102a0541592,Logan Adams,2023-02-09T06:37:17Z,114770087
527,4af1f76a99f6807b396f1f55727a3065fea48e7a,Logan Adams,2023-02-08T19:57:14Z,114770087
528,10f3c301a00984f039f1c5d0ee90134eedac2181,Lev Kurilenko,2023-02-07T23:18:30Z,113481193
529,c9b08888d0c776af9f8054840ce833e18028f03e,Olatunji Ruwase,2023-02-07T22:14:19Z,4271600
530,d323abd80f62bebb9924bb85feb72b57c25af50d,Stas Bekman,2023-02-06T18:26:35Z,10676103
531,f376daea5215ce74d7f9e979c41e813c2f6127ee,Razvan Tanase,2023-02-06T18:24:17Z,1402704
532,7d9fae4da957778f3578f855c2c8b1ec9e8fa3fe,Olatunji Ruwase,2023-02-04T18:26:04Z,4271600
533,0a73e6e6137a91e1b776f725b637f8b37a75f8e7,Lev Kurilenko,2023-02-03T21:49:33Z,113481193
534,9f41ffe4a64a0b5b8b06145b29775b0a6b363e7f,Reza Yazdani,2023-02-03T20:07:44Z,44502768
535,4079077c2c3ccfe5c501a517743feed6dee8d78d,Michael Wyatt,2023-02-03T12:26:43Z,18311180
536,2c6e819450282e7509d8ac55682edd1336026e72,Reza Yazdani,2023-02-03T07:12:53Z,44502768
537,c5b983e92ec71d0bbd1deb110537db4eafbe1fb5,Molly Smith,2023-02-02T02:55:28Z,112220543
538,b5750b64497cacbaf469f02db9cd76d9eda495c9,Cheng Li,2023-02-01T20:44:28Z,17418037
539,e2a31d800be31e94e22d516b9ff94ec1177d16fb,swli,2023-02-01T18:19:30Z,47371259
540,ef6a958e70fe0106afbff9c2c885878cc659f4ac,Michael Wyatt,2023-01-31T23:54:46Z,18311180
541,02e95e6ab47b5a8a0f2b7e9aef6a6ad8cedd1dc7,Carlos Mocholí,2023-01-31T21:30:36Z,11067892
542,d923f7c895cfe071fffd760af04a6773d702d8a5,Michael Wyatt,2023-01-31T20:58:13Z,18311180
543,86477538a62f8b192d3c4978a8da747f67f4a3d3,Logan Adams,2023-01-31T18:18:37Z,114770087
544,1db4ade30b207b530f41158ed2114e5b8cf81612,cassieesvelt,2023-01-31T00:28:04Z,73311224
545,8d3b42c23031861a0d49bf2ff438334d7c60958c,Bing Xie,2023-01-30T22:05:02Z,67908712
546,258d283181120c05fab01f2727461db19e664e8b,Connor Holmes,2023-01-28T20:04:57Z,2001145
547,cc3d7cb9982b0130c1b9a0bb464cb06a99b000f8,Lev Kurilenko,2023-01-27T03:02:05Z,113481193
548,0b06e0cbb0f1ec3f34e60136ce7c803df6780cd5,Reza Yazdani,2023-01-26T23:22:35Z,44502768
549,a60e31a7f2f1df9f58fa20c5e2573ec52d3b394d,Jeff Rasley,2023-01-26T17:55:30Z,645595
550,30d3f5df7a60b809f8f655677ea033a2398de156,Stas Bekman,2023-01-26T17:53:25Z,10676103
551,d4bfae415d4b967877d16e2d7e889cd6dd42016b,Dashiell Stander,2023-01-26T16:49:29Z,7449128
552,98cc35b6a8e53e15829ce64fd8da835db0c61da9,"Ma, Guokai",2023-01-26T14:03:12Z,19373651
553,ddd48b36ac4586d08f747de09e021916569ac5b3,Stas Bekman,2023-01-26T12:47:50Z,10676103
554,4be8df721ae631264abb62216692c7eb64b49e20,Joe Mayer,2023-01-25T15:14:29Z,114769929
555,d59b572911d121b4e296c18ccbc4ef3bc2794b15,Molly Smith,2023-01-24T23:05:48Z,112220543
556,34a11688c4b3dd98fe23d6222fc4c54e7ac74fe3,loadams,2023-01-24T18:05:36Z,114770087
557,867da307d047c8122454ac8b0880cd23d38949e7,Ammar Ahmad Awan,2023-01-19T22:10:03Z,9065216
558,8df50a269122e85dca2d0b72e98de2763b60e87c,Michael Wyatt,2023-01-18T22:43:48Z,18311180
559,8d87c89e4246f50a3ed5c8fadf9269bd348fa83a,Joe Mayer,2023-01-18T20:00:25Z,114769929
560,23e5133c353c00f39257b853f5c9a4a69d039009,Michael Wyatt,2023-01-18T18:27:35Z,18311180
561,0b549ad70a8966b5bfd3a0be5da472d8bb05222d,Jeff Rasley,2023-01-18T18:26:26Z,645595
562,df2495ca7801a737e9d04bcedd5b0776580b7fa3,Michael Wyatt,2023-01-18T01:41:54Z,18311180
563,3f210c971590d5d23acc57004330f9ae38001748,Olatunji Ruwase,2023-01-17T23:02:45Z,4271600
564,7d0e4270f615c9c09564f24e742ccc71a924bb2e,Jeff Rasley,2023-01-17T18:41:22Z,645595
565,bf6b9802cd04fba23f627e042682d69e2ae41045,Olatunji Ruwase,2023-01-17T18:40:15Z,4271600
566,35575bce4e6ac37f49182f640df420f0bd4bade0,Jeff Rasley,2023-01-17T18:27:39Z,645595
567,e4ba722297b320471b26a5c4aa9766084cee218a,Jeff Rasley,2023-01-17T18:05:13Z,645595
568,fe728e3ed880f27de2c21234f12b7aa6f672e825,Joe Mayer,2023-01-14T08:09:20Z,114769929
569,cd271a4aa6bae494e087a80c5714746f71bf8da0,Jeff Rasley,2023-01-13T22:24:30Z,645595
570,c9c6ab9e32b054136c3a125900d6e2ed937432be,Michael Wyatt,2023-01-13T22:19:26Z,18311180
571,217cc07bb5984b59da175824e9b91f1982f1ba2e,Stas Bekman,2023-01-13T18:47:41Z,10676103
572,aef8a8560c420fe79bf8340fd544a941e9ae85f8,LOK CHAND KOPPAKA,2023-01-12T19:25:55Z,112720551
573,e7c14026d3b7a71e8624e5d15c3c4aae1e7b5bb0,LOK CHAND KOPPAKA,2023-01-11T22:30:19Z,112720551
574,cf9e433fd95bdd89b90123b7ab671ba03a591b1e,Masahiro Tanaka,2023-01-11T17:59:11Z,81312776
575,a3d7f106f59293c71c02aa1b1b327a6d811e5790,cassieesvelt,2023-01-11T01:25:27Z,73311224
576,89da037e80fc433e91e4480ffc84542936ae6074,JackieWu,2023-01-10T22:28:26Z,3415417
577,62c071e016aca6dbf12695bdb680721dcf3500ad,"Ma, Guokai",2023-01-10T15:23:58Z,19373651
578,c702b64c94243674c3143a4cf29d59777a88307d,Jeff Rasley,2023-01-10T00:31:10Z,645595
579,be6d19f0f1d929f8d28df5392be588ad592fde48,Xiaoxia (Shirley) Wu,2023-01-09T14:40:57Z,94406484
580,f30a03086189fbc65fd5d1d611ed3ec327debeb5,Stas Bekman,2023-01-09T12:54:49Z,10676103
581,323c266cfe65f16f522092f1bc84998e04ed7f94,JackieWu,2023-01-09T04:46:42Z,3415417
582,97deaaec5783b85956b7330d0d0b8f94dad92a14,li-yi-dong,2023-01-08T21:26:37Z,73142299
583,9548d48f48a53b97bdbeada374b7f35ad2f1c655,"Ma, Guokai",2023-01-07T04:40:58Z,19373651
584,95d9a1b6c3ec990dd04d02bda3878b1154408f2f,Reza Yazdani,2023-01-06T21:21:49Z,44502768
585,a091bc223c01e94448f443456a6c15684644b966,Jeff Rasley,2023-01-03T23:21:00Z,645595
586,f2ea7a3818b28e60d689e75635a7c9ad4cd9a805,Stas Bekman,2023-01-03T23:18:32Z,10676103
587,d9b788d773ce97281ee63064cc99993cb82397e2,Jeff Rasley,2022-12-28T18:16:02Z,645595
588,6375cb3f34d9c5c10d56ffb8dad27734cb4d85b0,Guanhua Wang,2022-12-23T14:12:51Z,14852010
589,e0aa84c5b5ea16c2f316ec7c494c60328d179f63,Jeff Rasley,2022-12-23T03:27:33Z,645595
590,bb68c526ad2c267dfb235db9c0d0fb1413d19a34,Jeff Rasley,2022-12-23T01:19:49Z,645595
591,a298a43af22b9f971ff63e414887e659980889d9,Samyam Rajbhandari,2022-12-23T00:50:45Z,3409344
592,6273dffc2f192275a08268b683c309a328b52191,Ikko Ashimine,2022-12-21T17:37:02Z,22633385
593,11f5daba5e9589880856efec6de733cb84f42d08,mzl,2022-12-21T03:15:04Z,27563729
594,6fff50f52b85dda0686bbe365fcc27be986de4a5,Michael Wyatt,2022-12-20T23:45:49Z,18311180
595,8c56c25d84764dccf5979cb40a318bc3ccfac31a,Jeff Rasley,2022-12-19T22:41:53Z,645595
596,5676f5ec9c68fa18ff015bb5826fb269777b58de,Jeff Rasley,2022-12-19T22:39:51Z,645595
597,df985fac41a77ff7cc4eb59748c6810db797252d,Michael Wyatt,2022-12-18T01:23:13Z,18311180
598,a25c31b67dc676760bfaed1b7d2d638bf3a85fba,Connor Holmes,2022-12-17T13:57:28Z,2001145
599,0f0e38c52072cbcb12ed410a0e2704f2723123e2,Alexander Jipa,2022-12-17T00:57:25Z,379115
600,503706ac44f3702f3c890e3b89b59d0bd77933dd,Lev Kurilenko,2022-12-16T21:43:28Z,113481193
601,d0dbc95a90d79e96adee0286fdf0843b54923069,Guo Yejun,2022-12-16T16:28:10Z,10448440
602,b08cf41638bdf847de3772b9ca3366f069ea9287,Guo Yejun,2022-12-16T13:24:30Z,10448440
603,7e2103f8e2c9a4e1be6c3aaa7929f765eb5dd7a4,Jithun Nair,2022-12-15T22:03:09Z,37884920
604,2e596e679d28a660c9a06e38ed8088ecd9e3c730,Michael Wyatt,2022-12-15T21:16:25Z,18311180
605,384f17b05bdf2c73fa6b5da66399d8c848779e89,Rahil Bathwal,2022-12-14T02:44:17Z,87332510
606,3a3dfe66bb8100978bd38e3605735e15457113a8,lokoppakmsft,2022-12-13T18:37:24Z,112720551
607,7425a3652e55d532fbdb0540a05c2467c82c8973,Connor Holmes,2022-12-13T17:17:00Z,2001145
608,acde873cdc1b87f01d26422173da54755bad1208,Conglong Li,2022-12-13T01:08:06Z,4238238
609,ef869377e91660a649d16d8f416841ed9b5dbed3,Conglong Li,2022-12-13T00:55:18Z,4238238
610,2600db54f9396a8726065954e7aa918c97f4bf7b,Jeff Rasley,2022-12-12T20:52:00Z,645595
611,2076bf2311c5ce0bcf0e795e94d58e1c5650c6e2,Jeff Rasley,2022-12-10T01:10:03Z,645595
612,35eabb0a336e7a8e9950a550475ceaebda42066c,Jeff Rasley,2022-12-09T21:53:58Z,645595
613,18713c6838acfa779c2f58e9d97f85be2d592f6b,Joe Mayer,2022-12-09T04:28:23Z,114769929
614,377c770a61482a6b89374a9ed21e92af791b28b0,Joe Mayer,2022-12-09T04:25:38Z,114769929
615,ccb8eb81fb86c7d2447364854d53fcf02aea56a4,Michael Wyatt,2022-12-08T22:35:43Z,18311180
616,591744eba33f2ece04c15c73c02edaf384dca226,lokoppakmsft,2022-12-08T02:33:20Z,112720551
617,18d55e54b0f7d889e34cd2d2dffd50fcf1ba99a0,Quentin Anthony,2022-12-07T20:40:51Z,10281105
618,731965db330d9ee0d393526412134063dbd3709c,Lev Kurilenko,2022-12-07T17:26:09Z,113481193
619,35b350b28ca99498edd0d1644ee4dde6247a5409,Reza Yazdani,2022-12-06T21:49:29Z,44502768
620,b8416282072e977fdc0f9c77019852faf586a418,Connor Holmes,2022-12-06T18:42:32Z,2001145
621,06938835ebf47df6aacab30aa7c0eb049bc5f228,"Ma, Guokai",2022-12-06T15:47:39Z,19373651
622,2d8f3f564ddc1cce2f458546b595dc240034071a,Hayden,2022-12-05T17:10:39Z,33820650
623,d4cab2cec2c54b0bf9121dcd094f56754c581f6e,Jeff Rasley,2022-12-02T23:46:01Z,645595
624,bbe030c5c92381a8968290a3bca530c54c1e8b03,Jeongseok Kang,2022-12-02T06:06:25Z,14137676
625,c77d42dc7bc6f3705556bd74b4fe203bfb129c72,Jeff Rasley,2022-12-01T20:24:00Z,645595
626,aeda7f9f8c5bdaee318e7b6094279484d41c659c,AGUL,2022-11-30T18:10:50Z,27563729
627,ffcf3846739108b0010de319438b17bb4e70b4c9,"Ma, Guokai",2022-11-30T12:15:58Z,19373651
628,c5f85858a87b9df811e7accb5f6e101a1c9f2f46,Michael Wyatt,2022-11-29T22:06:22Z,18311180
629,abe4fc6b55a8e3b78f46479389887f1942cc93cf,Cheng Li,2022-11-29T18:22:28Z,17418037
630,340fc0cf1926f4cb721297bd3c4dd1fb11203668,ShijieZZZZ,2022-11-29T01:39:38Z,116392778
631,21c28029648df4c98acd6331a8fdc0d29f297fa7,Joe Mayer,2022-11-28T04:29:27Z,114769929
632,90ae6884424232870154b49967c3e61f0db550d6,Ammar Ahmad Awan,2022-11-23T19:50:11Z,9065216
633,5df1eea74272d9fd7e15e8f40044a9cda6187de9,Connor Holmes,2022-11-23T17:42:29Z,2001145
634,4abf637f96cd36d450125a38a15d21df1cf0b8db,Alex Hedges,2022-11-23T02:00:11Z,14283972
635,c5ee27f737388feaa442d3d7534c8b93d02bbb41,Michael Wyatt,2022-11-22T23:31:43Z,18311180
636,8b4318b950d09d975c62cd8f4285821fa670ce87,Michael Wyatt,2022-11-22T21:06:36Z,18311180
637,57e0a55066f0229ea4bba59c520267643aab792f,Connor Holmes,2022-11-22T18:31:25Z,2001145
638,211055216792cbb52ab6d355f698c194f9c55efb,Jeff Rasley,2022-11-21T23:26:37Z,645595
639,30c8d8a8818ee3585d320469e0777083530a1cc4,Connor Holmes,2022-11-19T00:02:30Z,2001145
640,0b265326127bb4faa9658b8ede91615aaf6e3e44,Jeff Rasley,2022-11-18T19:02:30Z,645595
641,7ce371b139521b1ebbf052f0496b1a16397c1d19,Jeff Rasley,2022-11-17T21:34:21Z,645595
642,fe6785447d4e7a3918aa5d6b24b5c9473a695483,Michael Wyatt,2022-11-17T21:33:58Z,18311180
643,e59f80549e30db0b6c088fd3bb2289ac98d91510,Michael Wyatt,2022-11-17T21:00:39Z,18311180
644,78d4ca1f4bb2f0e8a7f2cfd052b0e7733ab41898,lokoppakmsft,2022-11-17T19:09:45Z,112720551
645,d40a15fcf017d0675ca1c4759ea70af6a4f89247,Lev Kurilenko,2022-11-15T23:18:19Z,113481193
646,43bf035cfce6eec7b93e534a8a44d2aefd420ffd,Michael Wyatt,2022-11-15T21:27:22Z,18311180
647,b5d18a6ab32d839b08f922579f9e2e0797f4bfed,Ammar Ahmad Awan,2022-11-15T00:45:43Z,9065216
648,a4ceabb6b8b6e70f800684640243d95e6cd1b38c,Jeff Rasley,2022-11-14T17:50:58Z,645595
649,06e00f61ce12238ccca1cedbeb1e9391d7199c42,iLeGend,2022-11-13T21:51:01Z,13817444
650,f2710bbe1dc19717b3c99e910cb453ea20ae8b08,lokoppakmsft,2022-11-11T22:04:31Z,112720551
651,be5ec506bd5219adea80bf3ac89678914ec32cd1,Michael Wyatt,2022-11-10T20:27:46Z,18311180
652,ee39187d8f07f7efc615f64affa8cc60ccf41eb5,Olatunji Ruwase,2022-11-10T17:14:59Z,4271600
653,3ca9878d8e92af92ed1fda563805cad4f33b77cf,Guo Yejun,2022-11-10T11:23:38Z,10448440
654,e7e7595502033a8a62612ab8f657395d5912528e,Connor Holmes,2022-11-10T01:40:59Z,2001145
655,6f77da1bae506cfa54636a03ad74f21d1e90a1ac,Kevin Ko,2022-11-09T23:29:10Z,38183241
656,d2d1b4c3c7171291711600062fba9ace58a484fa,Jeff Rasley,2022-11-09T20:19:43Z,645595
657,a63cb07edf96385f282819dfb8a4a6fd41ffd717,Jeff Rasley,2022-11-09T20:16:11Z,645595
658,521d329b975de97ec0b52395f02bb32466b8dc35,Michael Wyatt,2022-11-08T18:17:03Z,18311180
659,9cfcf7431a02ad9c75e180e273d82566df6b7e34,Reza Yazdani,2022-11-08T00:23:25Z,44502768
660,a47c3e03cf45b2ba0dc29800a47105418cdc91e7,kyoto7250,2022-11-07T17:39:40Z,50972773
661,ffb6d9876254c0ff39bae224c66d2b4f49d391e1,savitamittal1,2022-11-05T00:32:39Z,39776179
662,4a06ecf631f79eeb4beaacec8590f18974bd7c1a,Joe Mayer,2022-11-04T23:00:13Z,114769929
663,f74ee3188256fd5f8ec9964542dd8ade0bff2d21,Guo Yejun,2022-11-04T10:15:16Z,10448440
664,35458da0e039663808d1c1a33135fa8bec5585b0,Ammar Ahmad Awan,2022-11-04T00:00:44Z,9065216
665,39bdc14195b7c354750d20e38144ac81b554cc7b,Reza Yazdani,2022-11-02T21:11:21Z,44502768
666,10e9d04c23f52056f8b2f1ad72847cfca1c63f35,Connor Holmes,2022-11-02T17:48:18Z,2001145
667,825f9d488b7c39350b24d5a673425ed73363507c,Michael Wyatt,2022-11-02T00:51:57Z,18311180
668,3432c740e99cab9e78c67b59ca3c53d49e4b29b7,Guo Yejun,2022-10-28T03:14:58Z,10448440
669,be4ffb82ad3b0d600963e261f2ccb5bb75220d16,Connor Holmes,2022-10-27T20:34:26Z,2001145
670,3b3ba3c2566a66d651393028af6c923b32eeffaa,Joe Mayer,2022-10-26T23:29:50Z,114769929
671,e772f166651ff03b3310c05130a088b7d2a65db6,Michael Wyatt,2022-10-26T22:10:20Z,18311180
672,8da0238b7a7bb8cfa658fda5a71603f99ae1fa3c,Cheng Li,2022-10-26T20:46:09Z,17418037
673,b85eb3b979637730d7168e1dda5eab970a6500b1,eltonzheng,2022-10-26T00:14:43Z,24947394
674,5d1f595c94962de56ccb060def37ce7768a5e91b,Cheng Li,2022-10-25T21:21:19Z,17418037
675,7d113633e4cd0e430d4a07cb78ee700b3c03423f,Joe Mayer,2022-10-24T20:25:58Z,114769929
676,a5248643571581c6ca3b453a3b9d01ac157ac00a,Jeff Rasley,2022-10-21T21:09:43Z,645595
677,877a8818a7cdc994188dde55db6901d79457339e,lekurile,2022-10-21T20:59:59Z,113481193
678,b8fb9c3f1a8a8e3e574a7d53e83ce2b72d471aa3,Adam Moody,2022-10-21T18:31:20Z,1105742
679,99fde3b7a573f2a261dc5ef9380870ce30a1db9d,Stas Bekman,2022-10-20T03:31:27Z,10676103
680,b2a724e257e435b4b29faf913b689a7f16208c98,lekurile,2022-10-18T22:17:01Z,113481193
681,1b7c6791d57d6508bc4de4a5a9d210308eb75b38,Jeff Rasley,2022-10-18T20:57:02Z,645595
682,799120e7e44cefde7db8005295d40c2fa1eaf28d,Olatunji Ruwase,2022-10-18T13:13:51Z,4271600
683,906b4a025fee7c519e0f4e3539901a43b16516b6,Joe Mayer,2022-10-18T00:50:53Z,114769929
684,34fb6d198056fe169d6fca6d6c45f66d0264fe08,Michael Wyatt,2022-10-17T21:44:38Z,18311180
685,cfead551325cdf1e6d4f4da2146dcd0f238e5e71,Alexander Jipa,2022-10-14T23:06:38Z,379115
686,5eafb8c78db46a888f62f58ceb2bb9757c7095c1,Molly Smith,2022-10-14T19:47:37Z,112220543
687,537e8581fe3f8332c8a8ab9a5404b629d8a4f924,Reza Yazdani,2022-10-14T17:46:03Z,44502768
688,ec13da6ba7cabc44bb4745a64a208b8580792954,Jeff Rasley,2022-10-13T23:47:12Z,645595
689,d716537413b93e77ac6c74fa0ddb9a1510fcddc6,Jeff Rasley,2022-10-13T22:36:54Z,645595
690,1c39fe13c18cabe42d628ce04b6f52db21011cb5,Jeff Rasley,2022-10-13T18:15:53Z,645595
691,1ffcfebf1ae5fb043db59603dd24dfc4b0035a5f,Samyam Rajbhandari,2022-10-13T17:33:50Z,3409344
692,cd3a70953a0a2f517f165928cd10b0d11f666dcc,Andrey Chernykh,2022-10-13T17:18:03Z,22409414
693,843fd4c19d520fd08977ee73074f29faa63d5fa0,Samyam Rajbhandari,2022-10-13T17:06:30Z,3409344
694,3789dc5c59128389c0474fb9135a364ae94f7cc2,Samyam Rajbhandari,2022-10-13T17:05:24Z,3409344
695,d5d10b0ce8459597ceea03ce43f6278cfafc1b54,Andrey Chernykh,2022-10-13T16:53:48Z,22409414
696,3db0b5e2de88bff1fd751f0778bada1243856aff,Dashiell Stander,2022-10-13T16:22:46Z,7449128
697,5a16213201f76826df7bcb5fca9b9c56206aee90,Jeff Rasley,2022-10-12T20:11:32Z,645595
698,ab77677d5936900a2d7e7e8389e9c4a634e3a176,Jeff Rasley,2022-10-12T20:09:48Z,645595
699,d0c6b2958f1629edf89ee204e0b53e216a593d02,Ammar Ahmad Awan,2022-10-12T19:45:44Z,9065216
700,b8b98c604653a55d8ec2de54a672081aeb7d75a7,Jeff Rasley,2022-10-12T19:39:24Z,645595
701,c3001324b481c573f9cba10c9fa5da05c297e3bf,Connor Holmes,2022-10-11T19:41:23Z,2001145
702,f4a92a19a61a1dd096fb94eb607e1c441e35bac8,Olatunji Ruwase,2022-10-09T03:49:43Z,4271600
703,46a886c068c504d7fa06dc52e02aee061aa53384,lekurile,2022-10-07T22:32:10Z,113481193
704,6f3dec65ade5eb1168858ca888629467a9175faf,Michael Wyatt,2022-10-07T20:12:18Z,18311180
705,f5a8348973ecfdfb2b35f83c645105603db0187d,Thomas-MMJ,2022-10-05T18:08:37Z,112830596
706,0a2ae2ef456c741e895e35c0131d76efbc7b55a4,Arash Bakhtiari,2022-10-05T05:27:37Z,537836
707,ff427438651943ee473ab37547337f5f3d8c2279,Michael Wyatt,2022-10-04T16:01:08Z,18311180
708,b609a29412ba4cfbbbf4d6a5c725d2597315c9ff,Matt Smith,2022-09-29T20:09:36Z,2931921
709,eed40324dba2a4fc14bee17c824e5089bbaa941d,Molly Smith,2022-09-27T22:54:40Z,112220543
710,e14d40e5f3aee400ef24d31dee67e2a4c456618a,Arash Bakhtiari,2022-09-27T17:27:46Z,537836
711,79692af1ea287494849f754e79024a4417325aa6,Arash Bakhtiari,2022-09-27T16:34:51Z,537836
712,b450da4f70f65d83469098399d91823c6a86d008,Arash Bakhtiari,2022-09-27T16:32:38Z,537836
713,3486afb1a3927c1d6f10bc805aaf605ad6d82724,Guanhua Wang,2022-09-27T01:31:28Z,14852010
714,8e8c866ddf69d138c7f4465a80a3d446e940a718,Jeff Rasley,2022-09-26T22:30:34Z,645595
715,70e883a103ea9b224816fecf42e2c896c7cde95d,Jeff Rasley,2022-09-26T22:20:32Z,645595
716,9df604bf51ee3d713094faacf64fb2e6f77c1c1c,Arash Bakhtiari,2022-09-26T21:02:45Z,537836
717,6ef16de1a3473a84cfeddee60e987e9ed324e325,Michael Wyatt,2022-09-26T17:17:51Z,18311180
718,2b1b0d2e86bf401fa633f20eab30bee368efd6ea,Jean-Louis Queguiner,2022-09-26T15:45:57Z,690878
719,f210256a320ca63c281a2d29759a851c9a077009,Saeyeol Lee,2022-09-26T14:22:11Z,78332687
720,9aa7b638b7a37f6ca03b2b5f1311c9a5759ea9a8,Connor Holmes,2022-09-26T11:25:08Z,2001145
721,993264388db97b63a77547c3092fc82fc9425ac7,Ammar Ahmad Awan,2022-09-23T21:38:09Z,9065216
722,76de924b93e5c3b4790d15b106e16bb5eaeb80be,Jeff Rasley,2022-09-23T20:08:38Z,645595
723,3d097bb8657fb78c18df2b7e9e56093764b7a564,Connor Holmes,2022-09-23T01:04:36Z,2001145
724,b76e0f4fe0375f181006a676798cc5749747b931,Jeff Rasley,2022-09-22T21:53:29Z,645595
725,954e0c61f196af595a764e9036777fc0dd428e34,Guanhua Wang,2022-09-22T20:28:30Z,14852010
726,48c5220b525d750949d854cebb4b39345611bfe7,Arash Bakhtiari,2022-09-21T20:15:45Z,537836
727,12e1cb82628bd13c82464b3503928a69941c2665,Sam Ade Jacobs,2022-09-21T16:17:15Z,16696152
728,80b10d0c6985fb1792a044678c3c5c306cc0922e,Sam Ade Jacobs,2022-09-19T22:00:32Z,16696152
729,0f0a7a5d0bfc774179cad952a9dcfa6622de6496,Jeff Rasley,2022-09-19T16:40:52Z,645595
730,15923810182c47fd95be2991babd764ddad3c74f,Michael Wyatt,2022-09-16T16:58:28Z,18311180
731,cf638be99803682933cb4040850765d46832ee78,Jeff Rasley,2022-09-14T20:51:29Z,645595
732,95d1151733c8340159e2e610ea788c177e99b6b4,Guanhua Wang,2022-09-14T17:32:11Z,14852010
733,c199edac8210e730acfd004c6e2bc3a98c0db903,Michael Wyatt,2022-09-14T01:11:08Z,18311180
734,060078ab14388a52d5f02bb68eae255550e7b868,Olatunji Ruwase,2022-09-13T19:40:32Z,4271600
735,f5230be87c698d33cc29cb659f2f5d260db69e53,Olatunji Ruwase,2022-09-13T17:35:24Z,4271600
736,276eec7beb10dd7534a5755c8ca91e31e61a4919,Olatunji Ruwase,2022-09-13T17:05:39Z,4271600
737,18ee381eb344be9c504a09bd3b3a03c0199d595f,Michael Wyatt,2022-09-12T22:49:46Z,18311180
738,9595dff6d76f373562a86f95fb8f6eac49288503,Jeff Rasley,2022-09-12T20:25:00Z,645595
739,9d541a63dcfc51b15a8e7aa7314c9a92dc8ac892,Arash Bakhtiari,2022-09-12T20:22:02Z,537836
740,efa8aded4a3280c5df67b322970c34a05d71f153,Arash Bakhtiari,2022-09-12T18:45:32Z,537836
741,a691ec605b2383ecac21ecf33a9ba1c0cba4dd01,Michael Wyatt,2022-09-09T20:31:53Z,18311180
742,d0dfe38d53d6b64e1108d87d89371edd2fbe135f,Molly Smith,2022-09-09T18:53:48Z,112220543
743,b2d550ab850948458abacb167577603bd7b3ab5f,Michael Wyatt,2022-09-09T16:31:39Z,18311180
744,4524b8dbc663719ceefd2a377d2b49b45d288684,Quentin Anthony,2022-09-07T19:50:35Z,10281105
745,7e085b62584bb54ead49a91a178ac5916614ac3e,Michael Wyatt,2022-09-07T18:20:36Z,18311180
746,5102c4aba9f9ee27cfaf2a2c260de3b788518589,Molly Smith,2022-09-06T23:07:04Z,112220543
747,c8641032107dbaf97594ccce61b00736ec50a35a,Olatunji Ruwase,2022-09-05T15:31:46Z,4271600
748,b146aa3523526e2bddb3e783824085d003d71e2d,Stas Bekman,2022-09-04T22:12:36Z,10676103
749,53182531ed7e33d980ded64fad2fb209d9919672,Olatunji Ruwase,2022-09-03T16:16:07Z,4271600
750,47e030f54da26f91304a1f78134535b3d1fb905d,Reza Yazdani,2022-09-03T00:13:41Z,44502768
751,c84bca37b18f0d6581b1fe6dbf3f41aefe404fe6,Connor Holmes,2022-09-01T19:49:51Z,2001145
752,5505e2473e81b875e30fd5b57fc7e22d3940b5e4,Connor Holmes,2022-09-01T01:27:46Z,2001145
753,91eba15a01de2ae7f42804249240dedb0e892a5e,Ammar Ahmad Awan,2022-08-31T23:13:21Z,9065216
754,afdc72879f66c419ee02d32decf07185506bff85,Reza Yazdani,2022-08-30T23:39:34Z,44502768
755,088212a7a9ce21872c1080006bcfbaa45f87baf1,Jeff Rasley,2022-08-30T19:03:00Z,645595
756,aca34a9b5b8a2c946a96248f04b0cf7e13755a3f,trajep,2022-08-30T03:48:33Z,13343117
757,d154cc0f55a78edaac9faa967aa17666790efd07,Reza Yazdani,2022-08-29T23:33:03Z,44502768
758,4671cce558f80b11b00ff4e0d2c3d3d6005ee5d5,Mikhail Druzhinin,2022-08-29T16:55:11Z,7512250
759,a7ee688a6f00d5fc97acc6db523ce6c6996aaf10,Molly Smith,2022-08-27T06:25:27Z,112220543
760,55b7b9e008943b8b93d4903d90b255313bb9d82c,Michael Wyatt,2022-08-26T17:19:47Z,18311180
761,220e5088769dc01be4ba2048ca1af00cc30c4715,Jeff Rasley,2022-08-25T19:19:44Z,645595
762,80f94c10c552ec79473775adb8902b210656ed76,叶志晟,2022-08-25T19:17:48Z,15307797
763,2a64448830375528009d2d8c81e8a40d7e09396d,Connor Holmes,2022-08-25T15:40:29Z,2001145
764,cb5e05fe556ebbe0b4bd9cff4e8b81b451edd79b,Olatunji Ruwase,2022-08-25T03:31:39Z,4271600
765,b288cf1b9b90030cc2025f2681e77f3bc81dd409,Siddharth Singh,2022-08-24T04:23:11Z,16764680
766,ebed51df787579b8b3f836bb155ce0bf97f4ab66,Jeff Rasley,2022-08-23T23:11:38Z,645595
767,c35bfe89f699500518258bd75499643a00d09281,Reza Yazdani,2022-08-23T21:44:09Z,44502768
768,fae896ef600465a0ea9ea6b10d7710709c48ca27,Arash Bakhtiari,2022-08-23T21:38:48Z,537836
769,217338beb6efd57e260d7cdb07a38c520289ffae,Olatunji Ruwase,2022-08-23T18:23:18Z,4271600
770,86164c487e6266c2528a615835a6020c57f7bb22,Jeff Rasley,2022-08-22T19:15:04Z,645595
771,a9b3bfa2a8a1978b26837c6ffa3b89e280c8ead2,Olatunji Ruwase,2022-08-22T12:57:16Z,4271600
772,dce3acaac7cca9509cf8092cdd7657267d09fbb9,Jeff Rasley,2022-08-19T22:01:15Z,645595
773,fda63432ba67643d2f54885e45f0b2058fa2b937,Reza Yazdani,2022-08-18T15:37:35Z,44502768
774,5e42cc8be22f58ef6be022fcc6d69fe11c7bfe25,Conglong Li,2022-08-17T18:28:45Z,4238238
775,7d8ad45d6ac730c56309a917fa667f76eea0b27d,Jeff Rasley,2022-08-17T00:49:51Z,645595
776,9b418c1e1c3f115be41a4098bc30969d988e1ae7,Zhihong Chen,2022-08-16T05:36:33Z,37367987
777,8b2a63717a08801d9bab55b617a3e2ef892679dc,Arash Bakhtiari,2022-08-15T14:31:51Z,537836
778,b5ac0d542d253901e997158540478b5b672030b7,Ammar Ahmad Awan,2022-08-12T21:15:00Z,9065216
779,f0054691ca0efbfdb1b0865ee3b36b2062e8da0c,Jeff Rasley,2022-08-12T20:24:36Z,645595
780,a84f9da8a26999692fb9b62155a550ec6205c287,Jeff Rasley,2022-08-12T02:14:24Z,645595
781,5870f36c5867d2b15248a4aa8f630ecf35f4f6a9,Olatunji Ruwase,2022-08-11T20:30:29Z,4271600
782,87b201330f90d4102c93e7a5a6b2e34f28a784cd,Kamal Raj,2022-08-10T23:30:41Z,17096858
783,ac9951985f2647f905d76063d1b292e6dc4a117b,Michael Wyatt,2022-08-10T21:57:57Z,18311180
784,8920308c669c4b3a47807de1ef74651cf31b52f1,Reza Yazdani,2022-08-10T16:34:57Z,44502768
785,28dfca8a13313b570e1ad145cf14476d8d5d8e16,Olatunji Ruwase,2022-08-09T21:47:36Z,4271600
786,f82846d7df6a129668bea447a0f953f6cf345efb,Minjia Zhang,2022-08-09T16:14:32Z,33713995
787,b62e0cc5a8dc4323a8c28e2f66ef5e06f67ecf80,Mikhail Druzhinin,2022-08-09T16:00:03Z,7512250
788,54a9e1b924da468905b69b3bada6034943dd2f2f,Reza Yazdani,2022-08-09T12:13:54Z,44502768
789,0f5c2012ce19c36936be562094ef3d73b230e364,Tiago De Gaspari,2022-08-07T18:51:02Z,3237254
790,1223b13c9add8d9806633689634f8c9728db4739,Jeff Rasley,2022-08-05T23:33:34Z,645595
791,33667e0e54a1c09674c6f257075b4cbcdbadd6d9,Jeff Rasley,2022-08-05T23:12:25Z,645595
792,ee5ce524606dfd8c6e5acf65f2bb38fa988e4a88,Rahil Bathwal,2022-08-04T16:30:21Z,87332510
793,80b5b9259b070e6192a3e817044ade7e3d6a9cc3,Hanlin Tang,2022-08-04T16:29:43Z,17010519
794,2e3769a1f43063ed2fa0f7287c91a3ef40f4d081,Ramya Ramineni,2022-08-04T16:25:49Z,62723901
795,e419f7cbcda6339f712e1657cd55ed0800ec6171,Olatunji Ruwase,2022-08-04T14:20:01Z,4271600
796,e7d995954056e0b1437a50fa7ea1dc439bc3d46a,Reza Yazdani,2022-08-04T03:49:11Z,44502768
797,fad0a4106d6347659b696b11fc25a7d466f22ea3,Jeff Rasley,2022-08-03T19:05:01Z,645595
798,d1cd18e5fbb280229d9fe447ca62e01187208286,Michael Wyatt,2022-08-03T18:07:24Z,18311180
799,bb49dc73f548cfd59aa3666e9a146b4f92124ba4,Jeff Rasley,2022-08-03T04:44:46Z,645595
800,6bfcf3c694b9ad170251caf90bf8ced96d0056f9,Zion Wu,2022-08-02T21:15:45Z,1213386
801,776e36988dde2874a79a6dd269d5a3ccbafebf3f,Jeff Rasley,2022-08-02T17:18:04Z,645595
802,1a71e77dc2ab93b9b0b55539da029f583ddfa854,Michael Wyatt,2022-08-01T23:51:09Z,18311180
803,b005db86fc31a2edae378f634c937fa22ef24bea,Jeff Rasley,2022-08-01T21:21:39Z,645595
804,5fe9d61065b00473ad08e155f4ad7e1a4dc7e482,Siddharth Singh,2022-08-01T00:33:05Z,16764680
805,2210ebe70f68135b6b43e91323a7d96a403a2299,Olatunji Ruwase,2022-07-31T22:39:48Z,4271600
806,a039e2261a462ce0d8c34c57c3a0927c8ff8ff5e,Jeff Rasley,2022-07-30T17:33:19Z,645595
807,46401b3884d0a745a10db2a0de7ab7665cf906c7,Jeff Rasley,2022-07-30T00:24:46Z,645595
808,63f470eeb61cf7a5b3cd0b20056ff5f83393e33a,Jeff Rasley,2022-07-29T22:00:12Z,645595
809,1ed5aa96a8fc41a68f7be3741fc846b861e11a52,Arpan Jain,2022-07-29T21:59:12Z,50178865
810,ba67bd9a141f0277d451b876b63862c34e30bfea,Nicholas Cilfone,2022-07-29T14:24:25Z,23509131
811,556f0051521ec539026977e91c0e4b42445340ea,Reza Yazdani,2022-07-29T00:24:07Z,44502768
812,57140e8e951e8e149e998505d6b7ba6adeeaaede,shjwudp,2022-07-28T20:21:28Z,11439912
813,66d29b0a6c896e8764ff90ba074604e776c9e589,Jerry Mannil,2022-07-28T14:42:35Z,65309407
814,e669aaf55b166a5adc3e33aa92c6d81662fdf908,trajep,2022-07-28T11:34:38Z,13343117
815,a54661a06f71e85bc9320066ca8e2be0cda4f779,Jeff Rasley,2022-07-27T20:45:15Z,645595
816,b442264dc935afc1b768e9c3abcc448695de2e77,Jeff Rasley,2022-07-27T17:54:38Z,645595
817,be46ff6db207ab0d66baaed6a938a48838102d77,Quentin Anthony,2022-07-27T17:12:47Z,10281105
818,59975896830e8e51c296d072e857a35a71683185,Michael Wyatt,2022-07-27T13:41:29Z,18311180
819,6f7137cb2390ca6de0a0bf2430fbb84e4070af12,Jim Wu,2022-07-27T00:39:01Z,19541229
820,76a01d5d0b06cda022ffd4bead9e172a1cf3f5ca,Jeff Rasley,2022-07-26T23:34:59Z,645595
821,56a0d186bbe5bab769c8cddebf1cb95869644a62,Jeff Rasley,2022-07-26T23:31:10Z,645595
822,84dbe7c693f007c54f14405a6c90b165827cf71a,Jeff Rasley,2022-07-26T21:43:53Z,645595
823,5bd09a8f83fd2ed58d8410476c51c3e5cad3434b,Jeff Rasley,2022-07-26T20:31:48Z,645595
824,ddd2113d213d554648c4a5a1c779b9236c9c4ff0,Jeff Rasley,2022-07-26T20:26:00Z,645595
825,d9ec8ef49ad62db0a95bfe88839b0abf8d9ce5a9,Ammar Ahmad Awan,2022-07-26T19:55:53Z,9065216
826,9f3a540d0305dbcdca353067f0f10ccc459978ba,Sourab Mangrulkar,2022-07-26T19:55:21Z,13534540
827,31582d77287db43b0e08702baf84e9f696096e65,TIAN Ye,2022-07-26T18:57:43Z,45711207
828,0e49b197ad42987a20858260f0f5b6a5726d0b18,Ammar Ahmad Awan,2022-07-26T16:25:28Z,9065216
829,2ff1cad0db7e618b2f953c50cc287af7db555e67,Ammar Ahmad Awan,2022-07-26T16:24:44Z,9065216
830,cf587b821139771ff66bdb7af6087c88edfb10ae,Ammar Ahmad Awan,2022-07-26T05:15:01Z,9065216
831,316c4a43e0802a979951ee17f735daf77ea9780f,Alex Hedges,2022-07-25T23:48:08Z,14283972
832,9c6cdecc1f76d4be8437ab01774a64db9e80ec30,Jeff Rasley,2022-07-25T21:22:38Z,645595
833,5349347bb648ce9eb84b1d78d77e50968f299b62,Quentin Anthony,2022-07-25T20:35:16Z,10281105
834,b6305d0e32eb6df0f937cefb6fc5fe061dcf33e6,Juan Villamizar,2022-07-25T17:56:05Z,100237675
835,8413b7f83d311a0928b2f240f19f234de293478f,Quentin Anthony,2022-07-22T22:47:56Z,10281105
836,6392f83d9b64bebf15f8c50aa0b0da156d25aaf4,dependabot[bot],2022-07-22T22:46:53Z,49699333
837,86e13b8a685ed3cf65c8d457bc0af8713a5c6887,Ammar Ahmad Awan,2022-07-22T22:44:17Z,9065216
838,fb72ccdc0a11aa0516d498741eeea2ed074a1fae,Ammar Ahmad Awan,2022-07-22T22:43:22Z,9065216
839,ed02d38d20ca2cbfb2f3e7f694ea87837cc50554,Jeff Rasley,2022-07-22T00:11:14Z,645595
840,a2506b545ab4f9af2e940eb0ab355397ac76c250,Jeff Rasley,2022-07-21T23:56:17Z,645595
841,9f5895cb7a7db8248295038543d75a4334ee5c44,Quentin Anthony,2022-07-21T22:27:04Z,10281105
842,80d0a32f0bf2f3974a13e02ff21addabbcc37734,Olatunji Ruwase,2022-07-20T20:09:35Z,4271600
843,46fffc0bbdac603a903cf4749f1624603c396e1b,Conglong Li,2022-07-20T17:47:57Z,4238238
844,844d9f31a98165d445cbf8ae4f5ded0a82061399,Jeff Rasley,2022-07-20T15:47:51Z,645595
845,b4513f63107bb54bef694de2612260f72e8b0eaf,Jianfeng Liu,2022-07-20T01:51:34Z,14949567
846,69b7c970d262bdc248d87061ceb2c3431c6dbd78,Michael Wyatt,2022-07-19T23:40:58Z,18311180
847,0f4f2f982c3b55e61d2d7d0631e01050316c9aca,Zhewei Yao,2022-07-19T21:03:43Z,23286944
848,6b9df564df6460116745588788fa73c9a28e2cf0,Jeff Rasley,2022-07-19T17:14:49Z,645595
849,ee7ea3b8055283990c782f89f8672cbfbcfbe1de,Michael Wyatt,2022-07-19T19:50:58Z,18311180
850,9027f861f216249eaacfc6b2cd70a202c72798c3,Aman Sanger,2022-07-19T18:32:06Z,17725268
851,16699d839f199340040d108f9420a917b7035bd4,Stas Bekman,2022-07-19T16:21:19Z,10676103
852,aa88137b8d093f222f6c925d70b68024ae26ef0c,Reza Yazdani,2022-07-18T23:27:12Z,44502768
853,2feaf6d6aa131be00c52738ce94c769b8bb0c999,Jeff Rasley,2022-07-18T20:21:14Z,645595
854,c1af73f7c797114e88f2b087c2d7d07e7ec091c3,Siddharth Singh,2022-07-13T23:02:02Z,16764680
855,b05237876e86ea67dcbb71b38cface7b6f928b87,Zeyu,2022-07-13T18:29:26Z,10560038
856,db3252b06a6b4347dee8bbe1375b41b5f3dd5b90,Manuel R. Ciosici,2022-07-13T17:41:16Z,51477
857,0ad08608a5c870db53de44c7973913dbe21476b5,Cheng Li,2022-07-13T17:22:32Z,17418037
858,50a652e7575cde3c6e6c288a8b6dce416a02757a,Sam Ade Jacobs,2022-07-08T19:48:30Z,16696152
859,b3388e1418e80141a902886dec39127b851a1f0a,Siddharth Singh,2022-07-07T20:58:54Z,16764680
860,3540ce74d9006aaaccac82e6409ee452f6d0db59,Alex Hedges,2022-07-06T23:17:31Z,14283972
861,559fb8e51525231f58f50ed1f49835ff5250def0,Jeff Rasley,2022-07-06T21:23:18Z,645595
862,9305916d6b858b20fca3ebe03940ceaaa13cdfbd,kisseternity,2022-07-06T16:48:00Z,15059072
863,9fc4e5f1172f4f79c4dca6ba83ddc7a36096d008,Jeff Rasley,2022-07-06T16:41:05Z,645595
864,9b70ce56e7af89d5226f9b06ebe1137407f371dc,Quentin Anthony,2022-06-29T17:49:20Z,10281105
865,76ea0534c1469ec10ad612f1ff5852c86fa880d0,Alex Hedges,2022-06-29T17:16:26Z,14283972
866,38a00bee9e2b2608ebeebde1db163b9eb64d52f9,Siddharth Singh,2022-06-27T22:59:02Z,16764680
867,7bae53d154f44877d17c9c5efe40b144440272bf,Michael Wyatt,2022-06-23T20:10:53Z,18311180
868,a04480e192e00951c4d04010999825ec9e21de1c,Reza Yazdani,2022-06-23T15:56:26Z,44502768
869,ff87c4e1f15d53abb0b95c0dd9fa331941b4e177,Conglong Li,2022-06-22T23:49:56Z,4238238
870,5218177922a4be5c14cf0db893dbfcb139179ba5,Michael Wyatt,2022-06-22T17:54:20Z,18311180
871,678c3fe3308e666a40baeea3f84be0e5d7aba7c4,Olatunji Ruwase,2022-06-21T21:42:29Z,4271600
872,2a1a4096448833484c1da4c27e13b92b5e5e8461,Olatunji Ruwase,2022-06-21T18:57:25Z,4271600
873,ec1ec204c8f5dbe8c622a07c5ddb1d9e9d1a428b,Michael Wyatt,2022-06-21T15:42:55Z,18311180
874,735406e5365056a1c0c47d087b714e82160dcc99,Karim Foda,2022-06-20T20:22:43Z,35491698
875,d86a2de993f69c97752e0730c308c0b920b9ed9d,Olatunji Ruwase,2022-06-20T15:32:00Z,4271600
876,c87f6ee209e2fed141ac4e2e28d4169f159ea487,Quentin Anthony,2022-06-16T15:55:12Z,10281105
877,ae198e20f74276d67aca0c26496e821b38ded2aa,Aman Sanger,2022-06-16T05:20:14Z,17725268
878,5dce73fa6181c587d7fb8f89670209a017057e0d,Reza Yazdani,2022-06-16T03:06:37Z,44502768
879,7c3344e2152d83af5dc2e8c46fa2226033188f54,Jeff Rasley,2022-06-16T01:46:30Z,645595
880,b666d5cd73b25e88afe9591f4e9c010e7219df44,Jeff Rasley,2022-06-15T21:21:19Z,645595
881,e6f444aee2589b6d97250888978fc6e5dbeb70e9,Jeff Rasley,2022-06-15T00:17:52Z,645595
882,117c9cdf2522179b9750d8a76c27a896c896e8fe,Conglong Li,2022-06-14T23:31:30Z,4238238
883,25b2fc29fb6f74ce2f5420d431f63b680e5e71c2,Quentin Anthony,2022-06-13T21:07:22Z,10281105
884,36ad3119d5420c6b25b456626a40f4ded8c05a81,Ammar Ahmad Awan,2022-06-10T23:47:33Z,9065216
885,828ab7185affe51a7c9637cffdd751d83b9dd4ae,Jeff Rasley,2022-06-07T18:17:54Z,645595
886,d0eae5ad7a163f23592f8a316431e4d8b07bc47a,Jerry Mannil,2022-06-07T17:50:53Z,65309407
887,3678ee177886bd815c6f77e02416abaac629f76a,Michael Wyatt,2022-06-06T23:42:21Z,18311180
888,7fc3065074885b0a2ec59c9c49e04296dd0e0fcd,Michael Wyatt,2022-06-06T23:19:00Z,18311180
889,6719b46bd8792755cfc75eaa448bf7fa65fd99eb,Cheng Li,2022-05-31T23:36:22Z,17418037
890,b6f2a5602bc0e07dd8c99e6afd5a9e49784c7905,Michael Wyatt,2022-05-31T21:04:06Z,18311180
891,5d3c67189b18bb0359c44ad18584eda895a3cb36,Michael Wyatt,2022-05-31T20:46:40Z,18311180
892,0ebd81dfa981621fefbe4875b4d1db98d8e274c6,Reza Yazdani,2022-05-31T17:23:27Z,44502768
893,3da841853ca07abf3a09e7bd325a576c4e642c11,Jeff Rasley,2022-05-25T20:53:18Z,645595
894,eb2ec7f458dd447ba96d9546d48f4f4f71b8a9cf,Jeff Rasley,2022-05-25T19:54:46Z,645595
895,8164ea9e6d35dfbbe62b0f15448daf05268b9e81,Reza Yazdani,2022-05-24T20:27:50Z,44502768
896,b8ff4825aae4bced15a29a4298cb3e59098df999,Mikhail Druzhinin,2022-05-23T13:22:14Z,7512250
897,5208eb73da5269034ded69c4dd7c4bff81df81e7,Quentin Anthony,2022-05-20T17:15:20Z,10281105
898,737fee63ba42f18bdaf338cb2c31b453eec1b475,Jeff Rasley,2022-05-19T23:03:38Z,645595
899,79249428a4d35f43ab1cf47681e8aa8af1d7ecd2,Jeff Rasley,2022-05-19T05:57:42Z,645595
900,0d3689328154ab9452b07bbfe4a444d7374a749b,Quentin Anthony,2022-05-19T03:54:05Z,10281105
901,e329e9858fc35c4f685495f3bff87f9e799adba3,dependabot[bot],2022-05-19T03:53:00Z,49699333
902,380d32f98092a658e3bf1073986d8a11e0f3de46,liamcli,2022-05-18T19:15:57Z,1198666
903,44085856a8da65b8db4cec548fff55f95aa6311a,Quentin Anthony,2022-05-18T17:13:29Z,10281105
904,a5adb90d7209aa2a3ccafada2c8471ad0919e474,Reza Yazdani,2022-05-17T17:53:02Z,44502768
905,5053217e5dc31cf1f3fb9f75faa68604c984d748,kisseternity,2022-05-15T16:27:43Z,15059072
906,09f1ad5e58f122363573765387f7f07a7d50c9d8,Olatunji Ruwase,2022-05-14T00:04:43Z,4271600
907,50893458d66f27289934dfcc8fd0d1e02a8dcbd7,Jeff Rasley,2022-05-11T17:09:06Z,645595
908,dbeadf16b5d55d04fe21a9d25bae844ab55fcb70,Stas Bekman,2022-05-10T00:07:51Z,10676103
909,de88718501ee25d934b1f33c309d1e4437c6ef53,Shuai Zheng,2022-05-09T22:39:33Z,3960020
910,ae43ba1270af086a42635835068056909e251185,Manuel R. Ciosici,2022-05-09T18:34:38Z,51477
911,73c0798bd725cc275ee59cf7b936ff3597fc46c8,Stas Bekman,2022-05-07T15:57:18Z,10676103
912,ff908ed79361b87eea9614db8b7a1df1140fab51,Jeff Rasley,2022-05-06T11:56:05Z,645595
913,673cb60808a23f1f925bc445047720df3f0ff689,Olatunji Ruwase,2022-05-06T12:28:30Z,4271600
914,a3b90030fd2bea119ea0d4b521057fd84a48705f,Zhengqiang Yin,2022-05-03T18:28:45Z,22362311
915,a8d26d6ab5415011b057203569f259b238f7cba3,Jeff Rasley,2022-05-02T20:30:14Z,645595
916,89e37ef360dddf10bed996734784e290b9b5fc62,kisseternity,2022-04-30T15:03:36Z,15059072
917,af58f63ddeb0f4a11813e712a499b80e91da03e4,Olatunji Ruwase,2022-04-29T13:46:47Z,4271600
918,96c8bf32aaf739ea19d849af8aad53b49838f595,Ramya Ramineni,2022-04-28T17:08:05Z,62723901
919,a160d9577854e6d1b48d4bcb7462862286defce3,Jeff Rasley,2022-04-27T20:28:47Z,645595
920,b7fc00dfd0a05caf76a60717769bc065faa58007,Michael Wyatt,2022-04-27T20:27:37Z,18311180
921,eae1889ebce6a356ceee81c030dc9bd3b9603c56,Jeff Rasley,2022-04-27T15:38:27Z,645595
922,dda03361a73009bec2ecea1cbc2f2ce1bc6fdee1,Michael Wyatt,2022-04-27T00:17:00Z,18311180
923,a52cbf80f706728f5bfd274c7d8b55f60044906a,Jeff Rasley,2022-04-26T23:12:12Z,645595
924,b4fcd98ff096cd367dcfeb3c1d28a15d34447c66,Jeff Rasley,2022-04-26T18:50:38Z,645595
925,32d97976ce08f00228ceb55a2d93005bd8b2769a,Olatunji Ruwase,2022-04-25T17:09:29Z,4271600
926,4575b2b792f6424d68677f9b896b55be9241aeac,Shuai Zheng,2022-04-22T03:25:28Z,3960020
927,8cc8c003cbeb0a4c95c705de1a24425fe8868820,Michael Wyatt,2022-04-21T22:32:01Z,18311180
928,ef17c89570ceae5b26a5f886e9d8cd0941afc0ac,Olatunji Ruwase,2022-04-20T23:25:56Z,4271600
929,fee73135980e78f8be7e1a3ff556751623ef6aaa,Olatunji Ruwase,2022-04-20T20:42:42Z,4271600
930,66aae13d1866aa3c0aec4c26854a7d4b442d2c2d,Conglong Li,2022-04-20T18:13:36Z,4238238
931,fb00e6a1db5eda1a91af34cd55ccc423a4533501,Stas Bekman,2022-04-20T00:07:24Z,10676103
932,3b5b92cbb84cd3e8cda83abf5b89cdde819b3029,Manuel R. Ciosici,2022-04-19T22:58:34Z,51477
933,801c1723450320ca589cc9b6620b9ee5618a5f38,Shuai Zheng,2022-04-19T22:56:00Z,3960020
934,56c522386878df2513ccb548de76b50191ae3af7,Olatunji Ruwase,2022-04-19T17:15:59Z,4271600
935,9bf1e9af3a3a958fc74b5d5d57e56b72559f5458,Jeff Rasley,2022-04-15T19:11:45Z,645595
936,ea9c0575825fae1d191614c1794925dd23bb9c55,dependabot[bot],2022-04-15T16:51:17Z,49699333
937,d8ed3ce445b3d447a113305343d3c21fbf1bf2ba,TongXU,2022-04-08T18:36:36Z,7656532
938,c4873722572e0ae3eddf4b9aaea433d57f4697ab,Stas Bekman,2022-04-05T16:18:42Z,10676103
939,0149bd4fc21b267ab4f2525a9b11df10f9a83c84,Jeff Rasley,2022-04-01T22:28:19Z,645595
940,c13457b7565ceb7284595d6d4e540500995aaeee,Samyam Rajbhandari,2022-03-30T17:47:19Z,3409344
941,4a356d08962395f84a68dbd11565302a7c06402f,Jeff Rasley,2022-03-30T16:22:02Z,645595
942,b9e15296787ad596d036282f9e84c67df58fd308,Jeff Rasley,2022-03-30T16:15:18Z,645595
943,d6db6510526e05788c563d58d916734e9335f6ed,Olatunji Ruwase,2022-03-30T16:06:41Z,4271600
944,b47e25bf95250a863edb2c466200c697e15178fd,matherit,2022-03-30T02:02:29Z,97054789
945,73b5d9833a113c47758fbe9f8538614ce34ea95e,Blaine Rogers,2022-03-29T18:01:02Z,7253314
946,398f06035aaa896afcb82f0e806225ca6854e061,Jeff Rasley,2022-03-28T22:45:20Z,645595
947,ebbcfd52734485943bff49c7dcd7c26eb4c44f21,Samyam Rajbhandari,2022-03-24T02:53:18Z,3409344
948,c7af747ce0e1854e58b3da52e91d1a3d078b0c7c,Karthikeyan Singaravelan,2022-03-23T17:35:59Z,3972343
949,208d45bbf7cbde2abfb233e7d10803553fbcf126,Jeff Rasley,2022-03-23T04:28:56Z,645595
950,b61d7199c42523b8359374b07cedd81396878f4b,Sayed Hadi Hashemi,2022-03-22T22:07:30Z,1114830
951,788e1c40e83beacfc4901e7daa1e097d2efb82bb,Ammar Ahmad Awan,2022-03-22T21:44:40Z,9065216
952,0eb2c763b47344ecdacb88713a710dc2753da39f,Jeff Rasley,2022-03-21T22:18:21Z,645595
953,2e1847d6c810822546801d6131b5b3381e4acd46,Michael Wyatt,2022-03-18T21:06:27Z,18311180
954,b84edef23feb7343d1eac5ea52e3a6c308cd5fb6,Olatunji Ruwase,2022-03-18T11:26:11Z,4271600
955,1e61c7a860e7ac63cd4024a654b4f319063b9374,shjwudp,2022-03-17T21:00:37Z,11439912
956,5fb4256a7ae9a34b7d79f968b2ba7cb26b5dce10,shjwudp,2022-03-17T00:34:35Z,11439912
957,b4e8f18c27b5c93c0c832a9851a37e8eeb70ffbd,Ramya Ramineni,2022-03-16T23:36:08Z,62723901
958,28434c00263708398fcba9145c922561aff86cb2,Jeff Rasley,2022-03-16T20:55:44Z,645595
959,18ea8b7904d072efef83f14f368a187da81e84b3,Stas Bekman,2022-03-16T05:23:43Z,10676103
960,41d90830e2d78c154d560f36c8273ca2f889bbfb,Michael Wyatt,2022-03-15T03:27:04Z,18311180
961,a773996d971cc0d0eb83276ba7ac52654f2ccaf4,Jeff Rasley,2022-03-14T21:51:46Z,645595
962,89b8c8872bad3f3e11a846e97d4cb1fb796e554d,Olatunji Ruwase,2022-03-12T00:30:52Z,4271600
963,8a35daf061583bc4be638e8e6d8886ed03b9a040,Cheng Li,2022-03-11T23:19:54Z,17418037
964,9bc296e15bb08edb5cb4cfe9f9ff4a6ff4c08066,Jeff Rasley,2022-03-11T23:03:27Z,645595
965,908d61607271bc1b24a3e59e87076a0991a42bd4,Cheng Li,2022-03-11T23:00:32Z,17418037
966,7bcb4fabeb6c2a84998ab41af62bd0cc9eb25f2e,Ramya Ramineni,2022-03-11T20:06:41Z,62723901
967,b80e5624e2823e3ad4a0bd625716eeb24921c6c9,Yucheng Lu,2022-03-11T05:31:18Z,18747834
968,ac71a1a461ca71a7bbe7a421c6b379f658d6bf78,Jeff Rasley,2022-03-09T23:23:27Z,645595
969,097efeb73ec817e272a8085c11996f960c95ffcb,Jeff Rasley,2022-03-08T18:43:55Z,645595
970,013df6a9e8aef5d20ae0cf059c5fbd81cf90b694,Jeff Rasley,2022-03-07T20:58:57Z,645595
971,a32e9b3376566fa9bcd3b12a16e896432621435e,Jeff Rasley,2022-03-07T20:58:01Z,645595
972,350d74ca39891b3fe932b88051fd543e844a811f,Jithun Nair,2022-03-07T18:59:14Z,37884920
973,d7684f4e8169d9f61143a9b80a0e107e7389dd00,Andrii Oriekhov,2022-03-06T04:42:03Z,11459840
974,9f7126fc10a1f231c695db11632cbcb84f1af4d3,Olatunji Ruwase,2022-03-05T01:37:01Z,4271600
975,60fc06c610da7aada4893fc55b8871ed7ed05c94,Reza Yazdani,2022-03-03T22:56:30Z,44502768
976,c3c8d5dd93104d4b532fa68b2df217bf0e599ffa,Jeff Rasley,2022-03-03T01:53:35Z,645595
977,f0304bd1033075f8b6a0a166aa2e7f31343519b4,Ammar Ahmad Awan,2022-03-03T00:30:15Z,9065216
978,3401d2516f4f329457986bd7499c59e76d2e0357,Jeff Rasley,2022-02-28T19:50:17Z,645595
979,c0af6d90f7e63b14d9ccb68d51d42cadc60301da,Ammar Ahmad Awan,2022-02-28T19:46:40Z,9065216
980,a254f39ef03ce3b670d7fe2d2545934b107ee356,dependabot[bot],2022-02-28T17:56:27Z,49699333
981,2151c787a27166f795eb4516f1e191e6730e823d,Cheng Li,2022-02-18T21:03:16Z,17418037
982,8eef742f0c90f7dce49861b0025f3533a4219f8e,Jeff Rasley,2022-02-16T22:56:26Z,645595
983,5ca2627743162a5e8efa934782150f40a38f31ed,Reza Yazdani,2022-02-15T23:58:12Z,44502768
984,baef92e26fef5aa0da63f26d444b91c2a7aa0bd3,Stas Bekman,2022-02-15T20:01:06Z,10676103
985,5fe5b38ea095fca3679a212668ae3b4c7e8a48f0,Olatunji Ruwase,2022-02-11T22:35:25Z,4271600
986,674c75882d93a4feb37b259ea981da38c1cd3bb7,Jeff Rasley,2022-02-11T21:41:57Z,645595
987,4f96ffd9aba0abbce0582b27c75c5c4e76500856,Olatunji Ruwase,2022-02-11T19:05:41Z,4271600
988,841f99d1625df2099b8f3b7f2d46cf7a437b3669,Reza Yazdani,2022-02-11T18:56:13Z,44502768
989,cccc5450e0c27b6f12a516c669e5a780ce7e6772,Cheng Li,2022-02-11T16:42:51Z,17418037
990,d3cad05105d59e5c9ae51b8096fc7076bd533235,Reza Yazdani,2022-02-11T06:56:53Z,44502768
991,56eac3829f4b0dd2487e3c567321bf80153c75cf,Jeff Rasley,2022-02-11T05:52:55Z,645595
992,97f8a9eb6688fa36dbe548e02eecdc55acc821a7,Du Li,2022-02-11T03:55:57Z,2879800
993,dbe8ee167b5b73ddabbf1c20ddb7b1d286f0b732,Jeff Rasley,2022-02-10T06:06:02Z,645595
994,dac9056e13ded1f931171c5f2461761c89fe2595,liamcli,2022-02-09T00:45:23Z,1198666
995,135a6256194057557dadbfc5e6a14e2fba8fd8a1,Olatunji Ruwase,2022-02-07T19:49:46Z,4271600
996,ba9c4cc75c30dc6f7b2ea14786875fc18165761b,Cheng Li,2022-02-04T22:44:04Z,17418037
997,fa0735760a14a1d02df7949931e4caf6a33eeb0e,Reza Yazdani,2022-02-03T17:25:11Z,44502768
998,bea701a1fc87a13f26f9d2f97ff4fd779b5d8b77,Stas Bekman,2022-01-30T23:29:48Z,10676103
999,e26de20b4e66a274025d54d6599eb958b8beb05b,Stas Bekman,2022-01-30T23:29:14Z,10676103
1000,fdd59ca2b5ee64deea145f8bb12a9bb3c394ceee,Stas Bekman,2022-01-30T05:19:29Z,10676103
1001,ed4bbe08d630d954ea364d228b1fd8b28c63f5f6,Stas Bekman,2022-01-29T20:34:33Z,10676103
1002,9351266f7888ad3059b0fc2908d9bab721cb84b1,Jeff Rasley,2022-01-27T20:35:18Z,645595
1003,171316fc83367d2031d989f8f3117ba82099e700,Jeff Rasley,2022-01-27T05:23:14Z,645595
1004,df724e71e935414bb8e73b78f9f422baca344895,Sean Naren,2022-01-26T15:59:52Z,ID Desconocido
1005,4cf970e6bb3c2ff29b2f03fcddb6f2cf26245a23,Alex Hedges,2022-01-22T22:45:58Z,14283972
1006,09c065b4c397093983849039af4fb4673015de1b,Manuel R. Ciosici,2022-01-21T20:17:43Z,51477
1007,e40558ded241edefed410aa44dbf490ab60f05f6,Olatunji Ruwase,2022-01-21T14:32:48Z,4271600
1008,4912e0ad7efcaf97389ae944259aa0e9f331038a,Justin Chiu,2022-01-21T02:14:13Z,31414860
1009,2d51f6171b75d13d7b1861d27028e88aec5f9fcc,Jeff Rasley,2022-01-20T01:58:33Z,645595
1010,94de0229fb0d835ca9f3019ff5195edb3c354910,Reza Yazdani,2022-01-19T23:27:51Z,44502768
1011,2662fded2dbb8c62939fe9d339014385b187d9d9,Jeff Rasley,2022-01-19T18:21:58Z,645595
1012,af074de349de9ef8b75ff4d70bc5c10e8f4ae2f4,Ammar Ahmad Awan,2022-01-19T17:38:55Z,9065216
1013,e27a60a87993966bbb82281ca93fc8aacd63ff82,Reza Yazdani,2022-01-19T06:03:06Z,44502768
1014,53fdadfb9ad0027bfc44b6c369bd4807e91a4741,Zhewei Yao,2022-01-19T01:18:23Z,23286944
1015,38e16c696d1b8c4318cfcaf3656e795704a096fb,Reza Yazdani,2022-01-19T01:17:18Z,44502768
1016,e46d808a1b6cb7e04cb2806e38547b1e3e50c25a,Jeff Rasley,2022-01-19T00:25:01Z,645595
1017,3293cf72a0abd5cf77a831996bd054bc908476a6,Jeff Rasley,2022-01-14T19:05:05Z,645595
1018,e4cf40d6172199f304cb006d9d22f9581b900c3a,Jeff Rasley,2022-01-13T22:14:29Z,645595
1019,fead387f7837200fefbaba3a7b14709072d8d2cb,liamcli,2022-01-12T17:51:28Z,1198666
1020,a85dce0728178dbb44f3ccbc495c5b9038d29952,Jeff Rasley,2022-01-10T21:47:56Z,645595
1021,3a4cb042433a2e8351887922f8362d3752c52a42,Jeff Rasley,2022-01-10T18:01:28Z,645595
1022,762e697a03baaeeec07c5f06da1dfa5d2259b997,Reza Yazdani,2022-01-10T17:44:06Z,44502768
1023,289c3f9ba42f70f049f988a8509fcd13d4b63994,Reza Yazdani,2022-01-08T02:40:31Z,44502768
1024,7e857aab9af28331a7895102eba313452adf2d3b,Jeff Rasley,2022-01-08T00:22:58Z,645595
1025,9c5cf3a5d490cef92f20851a1b60ca75139dd6db,Jeff Rasley,2022-01-07T23:59:59Z,645595
1026,2422ec4885905bacb87628cc5880e7ec87177cfb,Jeff Rasley,2022-01-07T17:42:39Z,645595
1027,cef116f82c8875a2f79ed939eefd5520488a070b,Olatunji Ruwase,2022-01-06T19:35:42Z,4271600
1028,c2735996c03207a9f47231d369e2120b5b67404e,Jeff Rasley,2022-01-06T02:08:23Z,645595
1029,aca647991f7c7c4464965fe900d07d1a2a51ab58,Conglong Li,2022-01-06T01:12:29Z,4238238
1030,4354c3cc675c9c59a4f1edd608371322f1986c38,Olatunji Ruwase,2022-01-05T19:38:40Z,4271600
1031,74493b2bee5a615b16d81bdf17ef21859500113d,Victor,2022-01-05T18:59:02Z,239520
1032,b6f0ac97ae03e8bc71f75991eb4a8a7f28d1fd9b,Jeff Rasley,2022-01-04T22:59:21Z,645595
1033,d0ab72242711636349609099316f93510c6a9079,Manuel R. Ciosici,2022-01-03T18:28:43Z,51477
1034,559c4ce11a6b226f856664071d820a9c97feaf9e,Reza Yazdani,2021-12-30T13:27:31Z,44502768
1035,40ce131caa6f5a8dfb8f50a933ed8ae5d1ddb0ad,Manuel R. Ciosici,2021-12-29T15:47:26Z,51477
1036,317400eafc02ecdf9c90fb669c59a0b10f81ce7d,Stas Bekman,2021-12-28T18:46:47Z,10676103
1037,d93d924a77a3f6a427aad7f1e7d83be9b62d9fb3,Jeff Rasley,2021-12-21T22:00:41Z,645595
1038,cbd68dc480e4e96d3976e4d10a6203c5fe5382dd,Jeff Rasley,2021-12-20T23:13:37Z,645595
1039,752319c782ee57d9ed02cfadab8bca6e319301ea,Conglong Li,2021-12-18T04:13:17Z,4238238
1040,8bbf081ad83fbc75f85087856e34d2344577edae,Alex Hedges,2021-12-16T19:31:37Z,14283972
1041,f2c433f03e31c53232e7d24f9218d3055c29d74d,Minjia Zhang,2021-12-16T18:49:58Z,33713995
1042,259936a76c0a2baafdffabbef8b0e2843f969d48,Reza Yazdani,2021-12-15T01:33:48Z,44502768
1043,082f392a939896e2fef782eabee2200b5e340902,Cheng Li,2021-12-14T17:02:57Z,17418037
1044,7f58853c2e181604d2e5f5ae308524788ad0cd28,Jeff Rasley,2021-12-14T16:15:25Z,645595
1045,1d295ff5f8f271ac24502e1f3221649b84fe2de1,Jeff Rasley,2021-12-14T00:46:26Z,645595
1046,07887f663006944271d3fac4d4f860f23573872e,Gary Miguel,2021-12-12T20:40:19Z,421339
1047,64c2946a238b8a5c10b4457149e7e247acf60417,Victor,2021-12-11T02:31:55Z,239520
1048,feb6afb049ee944d79eb64c3b1171b0ab8b6d5ee,Ammar Ahmad Awan,2021-12-11T01:08:12Z,9065216
1049,c6ace162c438e755755d2b078589906480215ffc,Conglong Li,2021-12-10T23:23:52Z,4238238
1050,88d26e0b8debb2b5f0fb742605701c6d4d42d02e,Jeff Rasley,2021-12-10T20:00:10Z,645595
1051,df9e064d6b885388e1a06882ccad035cb0685911,Jeff Rasley,2021-12-10T07:40:23Z,645595
1052,3ffeaa499924bee9a8faff7306f5bf3d41f0e03e,Jeff Rasley,2021-12-10T07:37:18Z,645595
1053,91e15593ea4487014114a03c7b4a2a05567fd3f8,Olatunji Ruwase,2021-12-09T00:29:13Z,4271600
1054,3488b8cdd3ed3218885b271bd78626f681d4342e,Jeff Rasley,2021-12-06T19:33:51Z,645595
1055,cda7c718954e22f22df222872400e29eaf5708c1,Pierce Stegman,2021-12-02T06:10:51Z,6119143
1056,4b854a37cbbc60b3a0082f465c034d077447c963,Jeff Rasley,2021-12-01T21:09:38Z,645595
1057,8e891aa56844b9df705aeb14c87b2c069ed84e01,Reza Yazdani,2021-12-01T20:17:22Z,44502768
1058,fc2f378ece3055fddd13cdf309faa9ab66a1b302,Alex Hedges,2021-12-01T03:12:29Z,14283972
1059,8159c1bc5b5a7aa70d53fdd7190fc6f32ad88943,Jeff Rasley,2021-12-01T01:15:53Z,645595
1060,9aa288d7452ca8cee36bf4c29078aaf9c917ddba,Alex Hedges,2021-11-30T18:02:12Z,14283972
1061,a10e4811fe78b707289132c9695bade4715fe59b,Jeff Rasley,2021-11-29T23:41:18Z,645595
1062,c3f1d82b07b7541ee03961b07959b9f38894de5e,Paige Wang,2021-11-29T19:14:09Z,10112959
1063,7a132a9f4b37959f951b7c04a05207aba6054965,Stas Bekman,2021-11-27T20:08:01Z,10676103
1064,d14baad9401bc1de8c982c1b3590d91108c4bbf1,Mikhail Druzhinin,2021-11-26T19:50:26Z,7512250
1065,52c7889b0142be0823b60eaae27f252deb73141b,Jeff Rasley,2021-11-26T07:56:24Z,645595
1066,51d42ab9ec826449c39d052669ca33a867c20cb5,eltonzheng,2021-11-24T18:34:09Z,24947394
1067,499800caa85ef682364d1f4dc323cfbe91588d5e,Mikhail Druzhinin,2021-11-24T15:21:00Z,7512250
1068,a637cc2cd508381d79a522c98fef0d4e747ef28f,Wenhao Hu,2021-11-23T05:15:14Z,6838753
1069,1bc13fe83fb3dbf8da08faf21ecdc9dc741f4945,alexandremuzio,2021-11-23T05:03:03Z,3949616
1070,e2b39ded9f3e0316ef57632497568acefcb6231b,Chunyang Wen,2021-11-23T05:02:35Z,2911134
1071,e1b4aa8f3beb56e934d92cbb1062c4c38290e600,Manuel R. Ciosici,2021-11-23T05:01:01Z,51477
1072,bcf2bdde896f3fecfe3532bc015ce3a24a870f9d,Stas Bekman,2021-11-23T04:59:19Z,10676103
1073,8220674d86931f9b7a7457cd7dea57ec69ce7e2b,Jeff Rasley,2021-11-20T00:43:48Z,645595
1074,a8a17f234a5f5e49d17c3d5493783ca0aff0cce3,Jeff Rasley,2021-11-19T22:45:02Z,645595
1075,2332cb31a7c221e18adcc0604af09acbbb2ecbe8,Jeff Rasley,2021-11-19T00:39:22Z,645595
1076,74baf5bbb91d51cf027eeeff399d884ef1a147c9,Stas Bekman,2021-11-18T19:48:57Z,10676103
1077,236890d6f315864b4e5e3af68335eac20e720039,Jeff Rasley,2021-11-18T04:28:07Z,645595
1078,fafc827d643b3eed611e282d909025f16be36601,James Reed,2021-11-18T04:23:11Z,ID Desconocido
1079,a90497ecff0a1ac221a032b56ce9fbcbac030c08,Jeff Rasley,2021-11-18T01:15:28Z,645595
1080,e3c2d7b16f2ea5327556421d40a56f0d947c436d,Stas Bekman,2021-11-17T20:21:35Z,10676103
1081,938449e34a038aec268c9caf1c7d44055a10c94f,Jeff Rasley,2021-11-17T17:10:19Z,645595
1082,4a0b1032cb62642ff1f4b70edea4010a27c22df9,Aswin John Mathews,2021-11-17T13:57:31Z,81309834
1083,4625add6896a6bf282e12e263043dcc527ac6c3a,Jeff Rasley,2021-11-17T02:48:52Z,645595
1084,da7bff40d0d2a7a7623c47504bfb66c14a87e59c,Jeff Rasley,2021-11-17T02:18:40Z,645595
1085,4bf4ab7ac5b2fa8697e634561256121b8b8b0f89,Mikhail Druzhinin,2021-11-16T06:22:13Z,7512250
1086,bda3d0e6b98734c3dd8bef48c71bd4498b2a2dff,Cheng Li,2021-11-16T04:08:38Z,17418037
1087,fa8d6c0a540b442efe8f2249416cc5e098663482,Stas Bekman,2021-11-15T17:47:16Z,10676103
1088,7567c76c05626c5acd8b5700bedfc412c55d5354,Olatunji Ruwase,2021-11-13T17:38:51Z,4271600
1089,9caa74e577c59fa6cf5de3992ea129c979dbad13,Cheng Li,2021-11-13T08:56:55Z,17418037
1090,b7cc7c8ea785db5fdaa17828a3e901c3827b2c66,Manuel R. Ciosici,2021-11-13T00:08:15Z,51477
1091,488105ebd200bbd1f6d7cbe863412e41d9ab4221,Olatunji Ruwase,2021-11-12T17:26:47Z,4271600
1092,76847f42cf1247bbbf4831819e27086475137214,Baizhou Huang,2021-11-12T12:57:48Z,56379056
1093,3ed77304df9a56f31779fb13f0ee9347f158d2cc,Reza Yazdani,2021-11-12T08:14:18Z,44502768
1094,9ce00a2171af9284b8c3238f2579a4d7d6a4e190,Reza Yazdani,2021-11-12T06:22:57Z,44502768
1095,b16dd943a4afa03095ff1babf7917c8f5d4ca4bc,Conglong Li,2021-11-11T22:22:53Z,4238238
1096,fa9d3e845298a5cf2a1d72fded40b12e8bcb38b2,Jeff Rasley,2021-11-11T17:09:32Z,645595
1097,2665c8b149147a18e1d03d2a92bb4641d1db4af4,Jeff Rasley,2021-11-11T16:57:17Z,645595
1098,bd3ebddf3628f3f77d3460e49626c8af7825a92c,Olatunji Ruwase,2021-11-11T01:27:00Z,4271600
1099,af443f63f483f6ea6769b78b4b0f2407023e9aed,Reza Yazdani,2021-11-09T19:45:01Z,44502768
1100,f0122007df11281262efcd1525378db54e0261fd,Chunyang Wen,2021-11-09T04:04:51Z,2911134
1101,0af15b985dc5940b84f70f3f987a4b28458b9bf0,Jeff Rasley,2021-11-08T18:45:39Z,645595
1102,93c71831c7ea16a6b692aee745baf7f6221c35a7,Chunyang Wen,2021-11-08T17:55:27Z,2911134
1103,76f2b5e51d8cf68d1966dceaf1a562a6f02d73fb,Stas Bekman,2021-11-07T16:23:45Z,10676103
1104,2c62d657a45bce5339f188ddb5c51bd0fa94a897,Nathan Frey,2021-11-06T01:11:44Z,19844216
1105,2887349cd456dab19cbe6e1e2b9e519c0eecd29f,alexandremuzio,2021-11-05T21:45:28Z,3949616
1106,cf1f16016f7c700bc53e2d50df06d063469b5e7d,Chunyang Wen,2021-11-05T17:15:50Z,2911134
1107,f9b378012e0956a0b28b0f939c7a8dec44947f89,Cheng Li,2021-11-05T01:49:32Z,17418037
1108,426dd2b5e41cfe09607b8b018c0f88726304cd38,Jeff Rasley,2021-11-02T22:52:26Z,645595
1109,91defd7cfebf9010e0b97d31acd9132895bb9007,Alex Hedges,2021-11-02T21:41:10Z,14283972
1110,df5b0884c7f316d938d48759bb386a3d6787e654,Chunyang Wen,2021-11-02T20:38:54Z,2911134
1111,bf1725bb5791fab83294df6879af179ebdbd7f65,Stas Bekman,2021-11-02T13:14:39Z,10676103
1112,85ce85dd5f4b18c0019a5121b06900e3a2c3933b,Chunyang Wen,2021-11-01T23:19:44Z,2911134
1113,648f7bfa5009484b822064d0c28d377da6dd71a0,Rana Ali Amjad,2021-11-01T21:22:09Z,90890881
1114,2c5bba6dc1db84168691f77cb882669d45f8fd8a,Reza Yazdani,2021-10-31T23:28:38Z,44502768
1115,c0eeb69dfb7326948f7d0063aa1b4112ff575cee,Zhen Zhang,2021-10-31T06:59:44Z,1150493
1116,7f5a3addb648f981377eee8c4a3a2d7f2472a548,Conglong Li,2021-10-30T05:20:10Z,4238238
1117,163f568f63a3b66e2351382de673bb98533a1fc4,Jeff Rasley,2021-10-30T02:43:09Z,645595
1118,ee6a92c066af405ec21a493a4feabf158b28539b,Reza Yazdani,2021-10-29T23:19:48Z,44502768
1119,a4fff53d4611d425fa42be7ee311111d7fb25c3e,Olatunji Ruwase,2021-10-29T17:29:18Z,4271600
1120,db5d8ba2fd4aa25bb3d9a04123a6517e1736fbe9,Anes Benmerzoug,2021-10-29T17:13:12Z,27914730
1121,e976accb57a8084ba3801b4de867b4575d1c4735,Manuel R. Ciosici,2021-10-29T16:10:19Z,51477
1122,56635d5b6c38a986663f2d92b30fe6e680930cb4,Ammar Ahmad Awan,2021-10-28T17:08:00Z,9065216
1123,99bd592d253c6c2e995c49978c4444f989cfd7be,Olatunji Ruwase,2021-10-27T22:57:30Z,4271600
1124,24dd285ff48dc89c32d49ca03aa468cf73a9ad50,Jeff Rasley,2021-10-27T19:08:44Z,645595
1125,fcb3ca5e669e4ca1f1190825e8d90c11c5dbbd9d,Mikhail Druzhinin,2021-10-26T21:46:44Z,7512250
1126,8abdaee2430497438729daeded370db8a0e03c9b,Wenhao Hu,2021-10-26T17:55:17Z,6838753
1127,0b77d1d98a7b6f96937cd70db2adf6ef19062ba5,Ammar Ahmad Awan,2021-10-22T17:37:50Z,9065216
1128,29bee73f034926d608a5d495bb421f1111f64e65,Conglong Li,2021-10-22T01:03:11Z,4238238
1129,17a479dd8c38aacdae5fda2841526856824aff9e,Conglong Li,2021-10-21T23:24:45Z,4238238
1130,58a8e13ccd701c76346448a29f8842fd6ef74f7d,Olatunji Ruwase,2021-10-21T21:30:33Z,4271600
1131,20bf1cc120f6200232bf72f813c6141bdca02b97,Gani Nazirov,2021-10-21T20:08:53Z,18757686
1132,dd22428465fae8bc5b9220f586d7464a0f698dce,Stas Bekman,2021-10-20T21:56:38Z,10676103
1133,b4e5826a60b275600673a77478ecb749519caaf0,Baizhou Huang,2021-10-18T13:17:20Z,56379056
1134,1fc74cb9c81668b5ff0046446f8004d4cf8dc2d5,Ammar Ahmad Awan,2021-10-13T22:37:36Z,9065216
1135,c64a03db779d516b3bb80e5eaacab6c7107af791,junxu,2021-10-13T20:54:11Z,6124259
1136,80e263c571599a93f412c850f0ff7a44a9051a90,Oleg Klimov,2021-10-11T19:43:27Z,18546213
1137,f88b0e5f6e818070703fac93d0afc98e74c4aaf8,Shaden Smith,2021-10-11T16:29:43Z,620322
1138,4e736237556c213c2f5bcacf41e5f697f88d405e,Jeff Rasley,2021-10-11T15:20:30Z,645595
1139,57a9954240c46b9bc75b3760ddb5a3ce5a3f4c19,Jeff Rasley,2021-10-11T15:12:18Z,645595
1140,cd7967d6b5465e0f1e52d1e111b98a04720e8f37,Conglong Li,2021-10-10T01:55:56Z,4238238
1141,fbea7b493f26b60e3c98dcc0fabd1a3ff8871b61,Conglong Li,2021-10-08T22:01:16Z,4238238
1142,9c672783e95c3729ee7dae72c2afdb0b46ed5ff9,Thomas Wang,2021-10-07T18:53:06Z,24695242
1143,d8e9ef6f99e27bb95e10bd146d145b3372b4cfda,rpengms,2021-10-06T23:40:06Z,40006668
1144,5986dbca5ec5acc2e83311b14d54bfaf00d311d7,Jeff Rasley,2021-10-06T16:31:00Z,645595
1145,5fbff46163bc605876f9e5f8f57a3f49c47e8977,Jeff Rasley,2021-10-06T16:23:15Z,645595
1146,bc7778ea5b6018c4982816a1bf4d11fb46eb111f,Reza Yazdani,2021-10-06T16:08:18Z,44502768
1147,c6d1418d85dd5fcb2287b09c2438363eb13b6c0b,Kamal Raj,2021-10-05T20:29:50Z,17096858
1148,86457c2db3ba1521cdd1c94ef5790e310c1e959c,Stas Bekman,2021-10-04T19:56:58Z,10676103
1149,dd0c8fa73bd84f2fe377aa46ad34b8b0bdd977a6,eelxpeng,2021-10-04T17:23:45Z,14260983
1150,466b0e638cd00daacb43cc6c9ecf6e12ec9f1e73,Kamal Raj,2021-10-03T14:58:59Z,17096858
1151,dd6bf4d0f1dbc1f5c6183e3177a0b1a2d7396553,Stas Bekman,2021-10-03T13:31:54Z,10676103
1152,d1e72f29d89a43ae383f8fbc1d90bc7c18f2c269,Hyunwoong Ko,2021-10-02T19:44:02Z,38183241
1153,be789b1665b8cafbd1b865534da501b3b287b17f,Alex Hedges,2021-10-02T02:56:32Z,14283972
1154,30965ea734587e80d130d78876c437844655090c,Hyunwoong Ko,2021-10-01T21:57:36Z,38183241
1155,0457bb1cb661c4783712489b529317437e086bc7,Jeff Rasley,2021-10-01T04:25:42Z,645595
1156,aa8d97e6050ae5d748bb2cc93dc081f5cde22c45,Alex Hedges,2021-10-01T03:36:52Z,14283972
1157,9f17087fddc93f16f5c6ef16f3f72bc9a30e8b52,Reza Yazdani,2021-09-30T21:59:13Z,44502768
1158,56124621ce2646ebb5d95f858c1d7f8c6c9f1387,Manuel R. Ciosici,2021-09-30T19:44:00Z,51477
1159,a4ffc831e69ef8f92bc340e9c07332aa35c4d34f,Jeff Rasley,2021-09-30T18:00:50Z,645595
1160,8c5ffcd9a75267eea1a6729e1a6544ac94db1fca,Stas Bekman,2021-09-29T23:11:22Z,10676103
1161,e2fdd254edff5780d00c04111572c913ee698719,Jeff Rasley,2021-09-29T22:34:35Z,645595
1162,39c7744026e323471c835e67854d196d45dc3c4d,dependabot[bot],2021-09-28T17:19:13Z,49699333
1163,9e5c0c5c3ecabb68b7e9dffac0e9b8d167e3cab8,Jeff Rasley,2021-09-28T00:34:49Z,645595
1164,c1829c45851eb1988684c9a2f4fd054ebd446b95,Ammar Ahmad Awan,2021-09-24T22:47:00Z,9065216
1165,86dd6a6484a4c3aa8a04fc7e7e6c67652b09dad5,Ammar Ahmad Awan,2021-09-22T20:34:30Z,9065216
1166,364994ad34943f97e5a23da09f8246a461fb17d9,Stas Bekman,2021-09-22T03:50:53Z,10676103
1167,51a2e916b730cf676c66532b19d973a603377cb0,Cheng Li,2021-09-21T14:57:44Z,17418037
1168,6996bb015911f5b437e2a732dd7f478f15abd167,Jeff Rasley,2021-09-21T14:33:09Z,645595
1169,4ad8019cdf5b48ff169bacc2ca3dce5f80671709,Adam Moody,2021-09-18T11:23:44Z,1105742
1170,45a498d09886593bd4cbfc8c0f5f9463880e569e,Jeff Rasley,2021-09-16T17:46:33Z,645595
1171,30537e719c9b86556fa1c821cf64880cb6398fca,Stas Bekman,2021-09-16T16:43:41Z,10676103
1172,cf22a691d6ce44ed512f953df405d488582b44a1,Stas Bekman,2021-09-16T00:17:20Z,10676103
1173,90398a700c0519fcd23f77e2a71b2c41a460b4a5,Sean Naren,2021-09-15T23:13:46Z,ID Desconocido
1174,a708b187692b57cd94b44c8e741959a5956c8e5a,Jeff Rasley,2021-09-14T22:50:10Z,645595
1175,8e577c923d90ed97478d1269282949d04b9bdfc4,Anurag Kumar,2021-09-13T16:37:32Z,53907493
1176,9b915fed07971a5f3a90da35c3bbf9f365c2cb2a,eltonzheng,2021-09-10T22:14:47Z,24947394
1177,9f5939d2a7bcdd2953d52a0baf09ede485221a81,Ammar Ahmad Awan,2021-09-10T17:18:09Z,9065216
1178,b712babe5e71429af61647b38861497393bf9619,Jeff Rasley,2021-09-10T14:47:27Z,645595
1179,bff6126f0ddbd1a03da66867571ac87b11c21ac1,Jeff Rasley,2021-09-10T03:49:33Z,645595
1180,168fce30738d6368eeabb6627cde02cc6d51a9d8,Jeff Rasley,2021-09-10T03:46:17Z,645595
1181,eb97a424f284aa01856848c26b691557f206229c,Hyunwoong Ko,2021-09-10T03:37:11Z,38183241
1182,2c62843965f777ead99719202cd31f70fd3ad0a3,Aswin John Mathews,2021-09-09T19:15:45Z,81309834
1183,3e7d06ad4c8ed3d47e23ad2bf75f611946c1277a,Jeff Rasley,2021-09-09T18:00:14Z,645595
1184,0a32c3e2cccd5861923e02f77b3546bccc207d8c,Jeff Rasley,2021-09-08T17:08:50Z,645595
1185,86b948f9ebbe63a600b2dcf04058c9fcc05efe9c,Jeff Rasley,2021-09-02T16:35:04Z,645595
1186,8f299be5414c1bc77bd28502c3b50b81254b468f,Jeff Rasley,2021-09-02T15:49:18Z,645595
1187,600db0918904b7497a72a43cdda0f724e9164a96,Jeff Rasley,2021-09-02T15:46:20Z,645595
1188,74f058b956ff949b17236f582dbbe0e46bb4a195,Jeff Rasley,2021-09-01T23:03:16Z,645595
1189,e08c239c2d76c919f7237d5a505074767ddc8e44,Olatunji Ruwase,2021-09-01T21:58:31Z,4271600
1190,8e301b6e91e915224c36cc0da5cd11fda721b776,Olatunji Ruwase,2021-09-01T20:48:27Z,4271600
1191,c0b27fb01938be8c87e5e80a354a324c5e2a0a20,Hari Prasad,2021-09-01T19:12:20Z,14868065
1192,ddffbae021fef24bf64945d45ace9bac7e08508d,Ammar Ahmad Awan,2021-08-31T05:48:40Z,9065216
1193,b9ece257c4c6f9970c5b415b50b8875c918239f4,Stas Bekman,2021-08-30T16:48:09Z,10676103
1194,336dd089e5e11d46daf3abfad048d71b72912504,Olatunji Ruwase,2021-08-28T00:58:12Z,4271600
1195,85acf14c58658964a796c5c901b58123f99fb1df,Olatunji Ruwase,2021-08-27T23:25:15Z,4271600
1196,9645e7bc55504697ae1d9cef239de9e52ee80534,Reza Yazdani,2021-08-27T18:04:13Z,44502768
1197,0ec11daa026138fdbdb7245f2f5053bab878494b,Reza Yazdani,2021-08-27T17:22:28Z,44502768
1198,c1b0a4e1ea740fbf189389c2f5aab46611ce06e2,Jeff Rasley,2021-08-26T22:23:15Z,645595
1199,49b6a63251a034a01dd7a066ed444fbec1b8e390,Reza Yazdani,2021-08-26T18:05:43Z,44502768
1200,274c375c87f35d1c7509dfc6a14f8a84d5efab84,Olatunji Ruwase,2021-08-25T20:01:07Z,4271600
1201,aa1212910c8a067e4014e157627fa80b696e824b,Jeff Rasley,2021-08-25T14:11:55Z,645595
1202,10b48405ab0e69a1caf455f445526c4b39b0dbb8,Jeff Rasley,2021-08-19T17:21:35Z,645595
1203,6cd5f87b96c361a1ff5ef2d092abc77f041e3d4e,Jeff Rasley,2021-08-18T17:13:15Z,645595
1204,058ab819cfdb79d209d871652d34677f29828e19,Jeff Rasley,2021-08-18T17:06:35Z,645595
1205,e804f15040d4e02969866f3a4b8932881c28c7f7,Pruthvi Madugundu,2021-08-18T16:19:22Z,31756496
1206,e070a09aa5ca66ef03de847db475aa74a5e46ca0,Jeff Rasley,2021-08-17T18:05:12Z,645595
1207,9cb64a1fc58d3bde7c15af4f28706a51356d5829,Jeff Rasley,2021-08-17T17:50:08Z,645595
1208,a1de767a012656991efd989edd6d45e83bf4a8e9,Jeff Rasley,2021-08-17T16:15:08Z,645595
1209,f28432441bae1020157407a4eca1661e9fe35164,Ammar Ahmad Awan,2021-08-17T05:18:45Z,9065216
1210,b2b34ae342d6f851226e995f2e1021d12e761093,Conglong Li,2021-08-16T18:57:55Z,4238238
1211,504893aea40004cf9916ddc3ca0ddbfd0e784c8d,Jeff Rasley,2021-08-10T17:45:01Z,645595
1212,c543a41b154a991d50cb6cc8c07dbf46b0d2bdf6,Olatunji Ruwase,2021-08-06T21:32:05Z,4271600
1213,b1b417544a0050b9d2c3c495a8b4cfadb8c06d9c,Olatunji Ruwase,2021-08-06T19:34:54Z,4271600
1214,00320a9b5cc13be09dd72a3ab7fe1ada3cca1004,Denis Tarasov,2021-08-05T18:20:32Z,39963896
1215,adc21a4dfdca0c540b31068e21610752689ac349,Jeff Rasley,2021-08-02T18:00:26Z,645595
1216,1ff25748b256f675dd26b626e896529e452f99df,Jeff Rasley,2021-07-30T19:49:01Z,645595
1217,40c381df0cf88435e80cb42bb6aa283a74124fc0,Olatunji Ruwase,2021-07-30T04:06:34Z,4271600
1218,e82060d09014868a0d5e6a979ffb7579da78d3b9,Adam Moody,2021-07-29T05:42:27Z,1105742
1219,97f7ed9e9836f2894387c3a7e38e7db2a8e5dcfc,Olatunji Ruwase,2021-07-28T22:11:42Z,4271600
1220,bfe7f0db2a02d613d5820c5d714d8de106ab9b5a,Ivan Komarov,2021-07-28T19:46:16Z,42850
1221,4d420df56506064a9e385f93fb9f33ace5359130,Olatunji Ruwase,2021-07-28T18:03:06Z,4271600
1222,6ae756c03f12674f17aef90622e7664a8af9d2af,Jeff Rasley,2021-07-27T00:13:26Z,645595
1223,10cc2c97c40eb33bb39e1c47fe1073193f42bf7e,Adam Moody,2021-07-26T21:06:09Z,1105742
1224,6ec84967eda5b51d7d80dbbafe623764a0c41773,Adam Moody,2021-07-24T21:05:04Z,1105742
1225,6ba96289702afc56948aa9f6cff55d7df678ccc0,Reza Yazdani,2021-07-20T20:54:16Z,44502768
1226,7392e4590e86704fa889dd9282c717216fe83984,Stas Bekman,2021-07-20T14:52:41Z,10676103
1227,32e85eda58c560e5d5a596f71fce3682ac2ef80a,Stas Bekman,2021-07-16T01:11:17Z,10676103
1228,89b0fb426dcb43858b6523c69c3d7a7b95ccc3bc,Adam Moody,2021-07-15T21:46:47Z,1105742
1229,3fa24208c4cdd0b939a2d96650b0a509d0b1356c,Stas Bekman,2021-07-14T14:20:19Z,10676103
1230,810394636aeee8302c87fa1a5c213d3fb87132dc,Stas Bekman,2021-07-13T20:35:15Z,10676103
1231,54bed327f55325dd517fe34c369d4ea9311c6547,dependabot[bot],2021-07-13T16:11:09Z,49699333
1232,97207c8c3767ce64aa19a673866c478e3149aa42,Olatunji Ruwase,2021-07-13T13:56:52Z,4271600
1233,d1a7a55ea17ad7752143c4138ff4870efd2a100b,Jeff Rasley,2021-07-12T23:52:03Z,645595
1234,dba0f431cda2f7cefd535769e576fe8f35b587f8,Jeff Rasley,2021-07-12T23:50:16Z,645595
1235,bc451c0913d38041eb6be13221c2ce4308141679,Stas Bekman,2021-07-12T21:57:52Z,10676103
1236,2660cc4dd43348306c58913775ceb4878379abe5,Stas Bekman,2021-07-12T21:01:35Z,10676103
1237,2a921069d76e707c52a4a23e5ab1215651902910,Stas Bekman,2021-07-12T20:11:44Z,10676103
1238,f65ff908ab0a5c7c938c680fe7531596a19d4629,Adam Moody,2021-07-12T19:24:39Z,1105742
1239,5652072e5451077da4179e5398b1c0c71c752c34,senwang,2021-07-12T14:24:44Z,26594104
1240,5127b2fa256209ddadaab857bba8359cee6a7c3c,Stas Bekman,2021-07-12T13:25:51Z,10676103
1241,497b741f1616977b8db670555bd96f88ef926406,Stas Bekman,2021-07-09T23:57:25Z,10676103
1242,91f58c068c2bb36a8327532463ff34adf6a49dd6,Stas Bekman,2021-07-09T23:34:50Z,10676103
1243,aeea85b45071a44fb1d2f9d9a60cdf28bcf05849,Jeff Rasley,2021-07-07T16:56:59Z,645595
1244,c9fee82149f3de9b2fb87846276f1928f6d0de33,Samyam Rajbhandari,2021-07-01T21:57:21Z,3409344
1245,36126122be915208e731a458e1cd0b6f72ccf78d,Jeff Rasley,2021-07-01T17:00:19Z,645595
1246,a029239812e15cf35334514449ed3127b915780a,Stas Bekman,2021-06-28T19:42:39Z,10676103
1247,bc019a533971e1dcfde93972ae892b1a4f425041,Stas Bekman,2021-06-26T02:50:38Z,10676103
1248,429cbc89afdb1a801dc56af25304dd2e34af3632,Hyunwoong Ko,2021-06-24T03:52:54Z,38183241
1249,c0c4ebf143b60bae28c32beaed0a9f526f25264d,Stas Bekman,2021-06-23T20:08:29Z,10676103
1250,0c1802cc8b877a510eea61dd562b82c433876802,Stas Bekman,2021-06-23T19:59:42Z,10676103
1251,df8b1f884fbc7297bdaaa017a6b58e98c3d4780c,Stas Bekman,2021-06-23T19:53:31Z,10676103
1252,0982ecca24b08ae02a2e87ba61641772b03886fe,Jeff Rasley,2021-06-23T17:18:10Z,645595
1253,3b68984498cd10f138f69725597ca83452294ac7,Jeff Rasley,2021-06-21T17:41:27Z,645595
1254,b1669c0d8f6dbe65162b534f2c6967f64d143dc3,Olatunji Ruwase,2021-06-18T00:01:25Z,4271600
1255,1ba3e8e3364049ecfc647aae4715ec9441676c51,Jeff Rasley,2021-06-17T17:53:50Z,645595
1256,4c114a27a067ecb30a30a918f60e91d3c5e7e254,Jeff Rasley,2021-06-16T22:46:35Z,645595
1257,da1fe2f82c9787af822af98d3d9372c92d7f0c69,Jeff Rasley,2021-06-16T21:18:37Z,645595
1258,fa7921e23f15844373dc3225a27a1b8f40084a2a,Olatunji Ruwase,2021-06-16T18:31:22Z,4271600
1259,4eaf910616bda4be87dc7777b7f3adff792adc49,Samyam Rajbhandari,2021-06-16T17:43:07Z,3409344
1260,aa16828c267dc7a790a5cc2f43f93a67617a2364,Hyunwoong Ko,2021-06-15T00:24:18Z,38183241
1261,71ecf7e62583cf8cd3661d30d5f82851df3bb82c,eltonzheng,2021-06-10T00:24:43Z,24947394
1262,8e48756c123b037db9c273788f1339d7b2572045,Shaden Smith,2021-06-09T16:40:14Z,620322
1263,5f16b17297525b321208b493e89c665e68a04163,Jeff Rasley,2021-06-08T19:20:46Z,645595
1264,2d302d6abb2cfa181f63320da3ed1be45e34ded3,Jeff Rasley,2021-06-08T18:47:08Z,645595
1265,25f5f87a0b5c2756e38486136a8d44f6c7085ffe,Jeff Rasley,2021-06-08T18:46:43Z,645595
1266,aca7fc549a415e3e8e0f69ea8ce58735b178b4d0,Reza Yazdani,2021-06-08T18:44:59Z,44502768
1267,8def3cb3a2219ab42f35d1a6de13cbb97b2954be,Jeff Rasley,2021-06-08T16:34:21Z,645595
1268,6924d840ac0012dec4f0dc6515efc36c376231e0,Cody,2021-06-08T16:33:26Z,54814569
1269,a8d6dfe87c6a0ccfb1884fa6651e9c76a5138ca0,Stas Bekman,2021-06-08T16:32:08Z,10676103
1270,1b187191ca40887ebdf87321680f03d72b344d6d,Stas Bekman,2021-06-07T23:04:35Z,10676103
1271,5ca81678f2f9b42287619bd803f44ffb6031195a,Stas Bekman,2021-06-07T22:06:15Z,10676103
1272,c5d5ce681c40f88ad0b78951c1d28a645518ce80,Stas Bekman,2021-06-07T20:50:03Z,10676103
1273,c697d7ae1cf5a479a8a85afa3bf9443e7d54ac2b,Stas Bekman,2021-06-03T19:06:48Z,10676103
1274,ccc522c2f87456aaf5f6986682349b262dc60469,Stas Bekman,2021-06-03T12:08:35Z,10676103
1275,cf82168c4ec02870f2d37f80cd76ddcd3b630c4d,Reza Yazdani,2021-06-03T01:43:12Z,44502768
1276,26e3841cd4421c8d335dc071a255049123676414,Reza Yazdani,2021-06-02T19:42:53Z,44502768
1277,11e94e6c72dc9e80372143bc555fbd47fd05c626,Reza Yazdani,2021-05-27T21:43:39Z,44502768
1278,d2cf66a66847aa7f8d25da5708b7016e54f29e0a,Reza Yazdani,2021-05-25T23:30:45Z,44502768
1279,10104284a29c93d65541bc746de85f99cd05e5bb,eltonzheng,2021-05-25T05:53:44Z,24947394
1280,96eb5b12e328f9398d57fb577ee088cfcfb5444f,Jeff Rasley,2021-05-24T23:43:36Z,645595
1281,0449cbd36d7bb79a6a766805e63330adc522b541,Jeff Rasley,2021-05-24T23:10:59Z,645595
1282,0d701ec4ab4e0edd43a5f9ec0bdc0a763a65e73a,Jeff Rasley,2021-05-24T19:07:56Z,645595
1283,f8a65cb5f185afa59f5f9a0948c32eaa86b027f8,Reza Yazdani,2021-05-24T18:54:41Z,44502768
1284,b49c99b0c9d48977c2dfaa90e65a873a70b1a20c,Jeff Rasley,2021-05-24T17:58:04Z,645595
1285,7388e29ce3b522d0501190e6b1a99eb1ff52ba7c,Reza Yazdani,2021-05-24T17:22:47Z,44502768
1286,95fe2c42e05892bdfa81113183ea0a089cccdb2d,Reza Yazdani,2021-05-24T17:03:49Z,44502768
1287,ed3de0c21b1fea330de9c1a78a23ca33f340ef20,Reza Yazdani,2021-05-24T08:10:39Z,44502768
1288,093e59ec436a2641ebab786e38a253eff9d20e37,"Meng, Peng",2021-05-21T22:05:01Z,13826327
1289,e9e9d5b82544f61f9a934c95517e2b54a4dc6150,Olatunji Ruwase,2021-05-20T22:49:52Z,4271600
1290,c1550b89ba796d89a10f0445d896896d9206bf26,Mark,2021-05-19T22:45:42Z,16634034
1291,67315ed3f41c8b0bb1819299157cc6d7a12ac6f4,dependabot[bot],2021-05-19T22:44:34Z,49699333
1292,cfa63f5dad2b0c45a23ee9e34d47206ee29a356a,Jeff Rasley,2021-05-19T22:42:45Z,645595
1293,d88d92799553cb75af536fd4af766ec56e4018cd,Olatunji Ruwase,2021-05-18T18:30:42Z,4271600
1294,ee4deabd75331e9c1bb1383b2068fdebcb33ed08,Olatunji Ruwase,2021-05-15T22:02:14Z,4271600
1295,46f4573b1a8a9cda2b45f4de4e90b631cee3f80b,Shaden Smith,2021-05-13T22:20:59Z,620322
1296,6b49b60ec8520a7dc165e92712681a5e558eb220,Olatunji Ruwase,2021-05-13T21:39:39Z,4271600
1297,29b444b6c78747a738d760e4b62102357bc36c12,Stas Bekman,2021-05-13T18:59:31Z,10676103
1298,1eb9b21849e7a8e832b93c48dd180d9496de3b41,Stas Bekman,2021-05-13T18:04:48Z,10676103
1299,63c5070eeecf0492d9aa2d0c312ef362a972b172,Olatunji Ruwase,2021-05-13T16:52:56Z,4271600
1300,4544b7d2f1c651cb9e06c2f94b07d1470c6b86ae,Cheng Li,2021-05-12T20:12:52Z,17418037
1301,1f82ab78c2206b97f2d27041da8b7b127180e8e0,William Buchwalter,2021-05-12T17:44:22Z,3621290
1302,6124eb37c07dae57f6da01eb07f708fd6e8d4d25,Olatunji Ruwase,2021-05-10T22:23:13Z,4271600
1303,5b393f1555143968fbac78ecbf3c00f65baf7d78,Olatunji Ruwase,2021-05-07T18:15:09Z,4271600
1304,fb1213fc2a6564d984c3e0e3dd119ec25deb6ca3,Mark Saroufim,2021-05-06T23:28:12Z,3282513
1305,be5cd76a2871b1c10bdebf8d54a05875cc7a27b4,Olatunji Ruwase,2021-05-05T20:01:01Z,4271600
1306,e4139a7dc14ba0a1d9263e7f11a16b168a180fe8,Jeff Rasley,2021-05-04T19:46:30Z,645595
1307,47ec97ebd975efc396ff7957712511acdf5b2058,Stas Bekman,2021-05-03T20:02:04Z,10676103
1308,210470724c32130d73b3c856141f19f812c86489,janEbert,2021-05-03T18:02:56Z,12694897
1309,962dbc633a91a3103aae106cd93cc1a9d3146b77,Cheng Li,2021-05-03T15:41:16Z,17418037
1310,b3870363e026717752c119b21870e2886b9ad92d,Sean Naren,2021-05-01T15:46:46Z,ID Desconocido
1311,c4f4ef5d44f556315d68ee010e9308b22683c7aa,dependabot[bot],2021-04-30T23:16:06Z,49699333
1312,820515e4106d4598c2cbd023bb9ed5023a84704b,Olatunji Ruwase,2021-04-30T23:11:58Z,4271600
1313,a12aaedc9e8885c6b59d4a31246ffcb03a23133e,Jeff Rasley,2021-04-30T05:32:41Z,645595
1314,6da4fccc493192fe3eee5bce6b3c7eddc3064fab,Jiangang Zhu,2021-04-30T19:07:34Z,3435057
1315,de694b917f298bf6a3acc3b36c551be5e4486a0a,Stas Bekman,2021-04-30T17:04:20Z,10676103
1316,c5700bc09f6ca9ed0a59009d34af7c0d4b9f16b7,Cheng Li,2021-04-30T17:03:07Z,17418037
1317,c4485e2ff779e82e7d6e88ace58485d6b2a0ef50,Stas Bekman,2021-04-30T16:56:58Z,10676103
1318,18a26e8604c4cb8562ed8d57241ca64dbeb4318a,Stas Bekman,2021-04-30T16:48:01Z,10676103
1319,429dfa6c3dc5763008a04fd1c94d7b72817dd93e,Olatunji Ruwase,2021-04-30T06:30:37Z,4271600
1320,dad26428e3f28898b8d0f5ace1b3df3e6db8f8e8,Samyam Rajbhandari,2021-04-29T22:06:38Z,3409344
1321,cab30aa61e3a6802cbea9d85d2c691b035f8e66b,Reza Yazdani,2021-04-29T22:04:51Z,44502768
1322,a8cf887d6506a9ded941dd785cd9c7e4c8ac4081,Stas Bekman,2021-04-29T12:05:37Z,10676103
1323,41ab660b5df3567966935fe8ac3672497bc8690a,Sean Naren,2021-04-29T00:05:03Z,ID Desconocido
1324,14a50c68c33968f9cd7fefd29e8fe72d4be200e8,Cheng Li,2021-04-27T22:18:22Z,17418037
1325,b7f970617ddca2fc721b0dd46a76bcabfc90871d,Stas Bekman,2021-04-26T19:10:50Z,10676103
1326,d0b61f1810c5f7bcf41f3836c373da769ecdde79,hamlet,2021-04-25T11:45:27Z,758325
1327,03d24fe0be9586ce91483ffd6f5092b917ce92d3,Olatunji Ruwase,2021-04-23T22:31:22Z,4271600
1328,e88ebbcfc90b3d3619187302f1695f82ac987876,Olatunji Ruwase,2021-04-23T17:53:55Z,4271600
1329,bff4bc72392426ec48325a1e9a443b83a7c6f0a8,Olatunji Ruwase,2021-04-23T06:20:12Z,4271600
1330,ecf2e1bc7d9302ebf7542fc314af2a70b5d7e802,Stas Bekman,2021-04-23T03:39:20Z,10676103
1331,a711878996483699c10b411ca290899a6b57d1aa,William Buchwalter,2021-04-22T23:38:09Z,3621290
1332,cf5ea8912afed2e0734d90a75b6b384a6ec9a2cf,Olatunji Ruwase,2021-04-22T17:02:30Z,4271600
1333,669028f0fd5067c9247120cb21fd6e9bea4820a9,sdtblck,2021-04-21T21:44:50Z,46172032
1334,0b80ad06b694c82ad4558fd3a23812ebbd17247d,Olatunji Ruwase,2021-04-21T21:41:59Z,4271600
1335,894f21daaab90a083d6f193426e551333d20a6bf,Cheng Li,2021-04-21T21:02:39Z,17418037
1336,67a48aaa8906878b2ce244319e219155c85de46c,Conglong Li,2021-04-21T01:28:22Z,4238238
1337,eecef309cb12528cfa78d932a6f073afb43847e5,Stas Bekman,2021-04-21T00:55:58Z,10676103
1338,835b4c87339fef4083035873df66449e91f5fd36,Stas Bekman,2021-04-20T21:58:05Z,10676103
1339,3525102353605770b320c75ecb67509ccf9bac8f,Sean Naren,2021-04-20T21:21:29Z,ID Desconocido
1340,9e0dab402d166a13286033afdb65652e0186515c,Jeff Rasley,2021-04-20T17:00:05Z,645595
1341,fbece50b21ffeb4fe05e498f930aded71de12aed,Shaden Smith,2021-04-19T18:26:17Z,620322
1342,2c2a7f31bcc20ae12ce8d2b8af14448939ebdf12,Jeff Rasley,2021-04-19T15:24:10Z,645595
1343,5f570bbce4c80a1295c4b91ada2df3cdd3062dc5,Jeff Rasley,2021-04-19T15:23:24Z,645595
1344,11279ae4d5aa805569a4888683ebd5caeb1ef14f,Shaden Smith,2021-04-19T16:19:12Z,620322
1345,598e50f9add7d79842f826bd4f69bc0657ecc4e6,Jeff Rasley,2021-04-19T15:14:58Z,645595
1346,1a7419578cd7c980a1809876f6fb3a49c83f9b37,Jeff Rasley,2021-04-19T15:10:20Z,645595
1347,3c47d09caeac874725868da5a1280a902c72575d,Shaden Smith,2021-04-19T15:47:01Z,620322
1348,72a30c1eaba0383eba83f2aed006899316ec2b0a,Jeff Rasley,2021-04-19T06:03:49Z,645595
1349,0d4a54a04d658db40a120bc10c6f1f1a4478f6f1,Jeff Rasley,2021-04-19T06:45:37Z,645595
1350,2805c3935ae02558f18a71a115185632b087da70,Olatunji Ruwase,2021-04-16T21:40:23Z,4271600
1351,c83e49f9ed075175cfd81621fa59efe43b85114b,Cheng Li,2021-04-14T21:31:39Z,17418037
1352,8b8ed2a7d936c3c95e2dd2e7005b23cc6aaa8f16,Stas Bekman,2021-04-14T19:36:31Z,10676103
1353,7003d447208f0c2c4c07bd6df202f8c52bd68fdf,Stas Bekman,2021-04-14T18:52:55Z,10676103
1354,c87118b0c5c4cfc47446ccd37c22fdc063143fa4,Stas Bekman,2021-04-14T14:46:46Z,10676103
1355,adac058ac0f6422eed24042f280db93a6841da59,Stas Bekman,2021-04-14T11:30:12Z,10676103
1356,e6999ebd1657d6dc0826d1c51f2986d8ede016a6,Takuya Makino,2021-04-13T17:53:45Z,481227
1357,112ebff6e86a177608e52f7e36595ea2926ae37b,Jeff Rasley,2021-04-08T17:03:54Z,645595
1358,0cd9abf20416c1fce091e7f79694f02fd21b3687,Jeff Rasley,2021-04-08T16:44:16Z,645595
1359,e721cb691f6a86d59bf82f1d383fbfebd313c0df,Reza Yazdani,2021-04-08T00:06:41Z,44502768
1360,316992913d3218c0d88364ea4478caa4d53bc7e5,Stas Bekman,2021-04-07T20:17:20Z,10676103
1361,7b46d11fa4da8023eb54fbcd13ec717c2b20da8d,Samyam Rajbhandari,2021-04-07T20:16:02Z,3409344
1362,f19cf6714faf867a5d728b7f4e5c0e2f5c25f127,Stas Bekman,2021-04-07T20:10:14Z,10676103
1363,5ca86ae4eda0d332495721419e92e71ecad32a5a,Stas Bekman,2021-04-07T20:08:59Z,10676103
1364,a128f34e7d6404a18f00861a9c3b700c50e22010,Stas Bekman,2021-04-07T20:06:28Z,10676103
1365,c79184ebcc501ad64a8628afe18c0659d1bc4963,Stas Bekman,2021-04-07T20:02:19Z,10676103
1366,6d94afb5487be2861e948d1198f42fcbdeab36e4,Stas Bekman,2021-04-07T20:01:32Z,10676103
1367,b5f56b2c6bade2b0bfc80c5fb550d6597f43a17a,Samyam Rajbhandari,2021-04-07T20:00:56Z,3409344
1368,ce14cf1af6b31fea0f8cc4d9cc09aac19a61c6a3,Takuya Makino,2021-04-07T04:30:15Z,481227
1369,ab5534fc4c0f8ca21ada321f9730d723aa31288b,Ammar Ahmad Awan,2021-04-02T20:53:30Z,9065216
1370,8db4fdf8157c688b7f1cca082020684024329e19,Jeff Rasley,2021-04-02T20:20:21Z,645595
1371,5d721e092d60eef027ae4af773c0acab8ae44828,Stas Bekman,2021-04-01T23:52:54Z,10676103
1372,c814abdadd31d7a92ba2b77c48b2f042318a5a7f,Jeff Rasley,2021-03-31T00:34:44Z,645595
1373,c6b497df99a9049cb5b2aa0b915fcce346fa2ae8,Jeff Rasley,2021-03-31T00:30:27Z,645595
1374,8c9e16eb27431847bd04bcd43ffff262f4438dc9,Jeff Rasley,2021-03-31T00:28:19Z,645595
1375,c0422642632d39bf6aefaab4b4a1e9572241a8a9,dependabot[bot],2021-03-30T18:06:22Z,49699333
1376,23ff6cb718bbedd97acf549644b5a5706aae3f1d,Jeff Rasley,2021-03-30T18:02:51Z,645595
1377,af2d8fc58747e3a6494060177ff730cbedac86a0,Jeff Rasley,2021-03-30T18:02:27Z,645595
1378,7fcc8911cbced68a045063a4edc0507688fc78e6,hamlet,2021-03-27T06:59:29Z,758325
1379,39013dd2b89d471520be17b405519dfd7f94c1c4,Stas Bekman,2021-03-27T01:08:00Z,10676103
1380,7531c6bf530e9f48b6920acf13427748c48814ac,Stas Bekman,2021-03-26T21:52:25Z,10676103
1381,7f03282c5170ffca2d1c000776b0334d7fd5c97e,Stas Bekman,2021-03-25T12:49:11Z,10676103
1382,22d5a1f3e8727d5d444a4d4e4fa6290441851c4a,Stas Bekman,2021-03-24T05:46:46Z,10676103
1383,9e9f8cbed04ef8708f49316000f1fddc93ee4639,Stas Bekman,2021-03-18T15:58:23Z,10676103
1384,10c0bea6021045c917f8e80eb9f4d8e59ae28dee,Stas Bekman,2021-03-18T15:54:44Z,10676103
1385,68c8481bcf63f6fa8481c631eb63fecc5173ee89,Conglong Li,2021-03-16T23:27:20Z,4238238
1386,12a53b43833b7bea279a205e313f2bd3f0cdfd99,Jeff Rasley,2021-03-16T22:22:55Z,645595
1387,7bcd72a2789a647ff45e03081d6ade721947524b,Olatunji Ruwase,2021-03-16T20:07:32Z,4271600
1388,fa87a73a8a3bead24ad9ea52090646fa620d74e8,Olatunji Ruwase,2021-03-16T20:06:39Z,4271600
1389,871f3048ad0d05e79f8835849b7a00656a14b3f4,Jeff Rasley,2021-03-16T19:38:08Z,645595
1390,547d1c5f8f3f5a3a01bb13b286e7686c5364f9b8,brett koonce,2021-03-16T16:27:07Z,11281814
1391,24335d49cec0be439ba4f311c6e7e802e834b84d,Stas Bekman,2021-03-16T16:23:45Z,10676103
1392,a75d971bc2f1300c10331ed3b5f6026ecabe1821,Olatunji Ruwase,2021-03-15T23:18:27Z,4271600
1393,4601885972be96373066662084ce1bf9c49448b8,Samyam Rajbhandari,2021-03-15T20:07:20Z,3409344
1394,73d762c8d96525872b8090ffa9b1f5a5e86e4295,Stas Bekman,2021-03-14T17:58:06Z,10676103
1395,458ff028d929b6abbf7d0955ad4b796dbf9a5156,Cheng Li,2021-03-12T22:53:56Z,17418037
1396,35fd7ccd862adcb93febd546cb5b9fa7cb883d8f,Jeff Rasley,2021-03-12T16:52:14Z,645595
1397,18a26f3f6051aa0622971bd71fa00f35ec006c2f,Stas Bekman,2021-03-12T01:55:54Z,10676103
1398,311795d07b2b910059729128b9a54e47590a761f,Olatunji Ruwase,2021-03-11T19:48:48Z,4271600
1399,7925d0c3f2ebf38cdf94d758ba81d2bf2c209a74,Stas Bekman,2021-03-11T18:36:34Z,10676103
1400,e0f36ed5a1ebc7b1ed044bf459f3576f30ff949a,Cheng Li,2021-03-11T17:45:36Z,17418037
1401,29853c3eed8bea58bd04f48edb77ee3be913054d,Stas Bekman,2021-03-11T07:51:33Z,10676103
1402,dd03cff29f0bf5416afa03bc9be323be903d51aa,Jeff Rasley,2021-03-11T02:02:08Z,645595
1403,564eb4bd932aaf3cad1ef2f8fe6e21de24002492,Shaden Smith,2021-03-10T22:48:31Z,620322
1404,2e6692c8addfabe1e3eaa874aae7f05d880030c3,Jeff Rasley,2021-03-09T19:32:15Z,645595
1405,49496364c05a52c2511937419294087f77e46610,Jeff Rasley,2021-03-09T17:10:37Z,645595
1406,6adc19a6448af03ac7cc61bf21d07ea3be7099f7,Samyam Rajbhandari,2021-03-08T22:54:02Z,3409344
1407,af548971f3f90759908c16c254f2e32510522b9e,Jeff Rasley,2021-03-08T22:34:54Z,645595
1408,9c5eee3d5c67ddce53ecc06616e4eec3c86c53f9,Jeff Rasley,2021-03-08T18:08:23Z,645595
1409,75ffdaf716ae6ebd3341d49b2ca18b94565dd201,Jeff Rasley,2021-03-08T21:14:48Z,645595
1410,d7de9165db2b9be7389d4dde931bd4595138b044,Jeff Rasley,2021-03-08T21:11:11Z,645595
1411,599258f97992e5a47db9408e4e3622805ce1adb5,Samyam Rajbhandari,2021-03-08T20:54:54Z,3409344
1412,ba33e86e31b0415b7ae66bb89d57f032faa8b599,Olatunji Ruwase,2021-03-08T20:43:07Z,4271600
1413,8295d7a89ecd833d07bbeebf742631343c4b156b,Reza Yazdani,2021-03-03T18:24:04Z,44502768
1414,937c5ceec1906e1a8f8e21d2dd165f5280050b26,zmx,2021-02-28T21:24:32Z,17705473
1415,db987cf1b5971187257a49a7d2d54ca2653052d5,vfdev,2021-02-27T03:22:34Z,2459423
1416,7eb083c22112b67ee8ea43036479bb7680136349,Stas Bekman,2021-02-26T21:07:23Z,10676103
1417,490e6f7ceeb21b5b2dd72c755786822c352d754b,Reza Yazdani,2021-02-26T18:25:00Z,44502768
1418,62396b7121c8d1bca0fd868cabe5d8f4640080ad,vfdev,2021-02-26T11:07:39Z,2459423
1419,e2dfcadf3b30437a6232f6c689e695aa44931a4c,Reza Yazdani,2021-02-24T21:51:48Z,44502768
1420,48065c06d716376c9beb842701435e554b27ad6e,Reza Yazdani,2021-02-24T18:54:09Z,44502768
1421,e60e92eb0a06673748c4cb63fbcf713ddd12fc22,Stas Bekman,2021-02-20T20:54:21Z,10676103
1422,29fa4b2be24c281571d74bb6724d5ba90eba0183,Jeff Rasley,2021-02-19T00:20:18Z,645595
1423,ee1ffe2e88595407209ff2a27494d6c107fac234,Reza Yazdani,2021-02-18T17:32:19Z,44502768
1424,1fcc5f7a78c6af0c7e1e4cbc243b31110482591d,Conglong Li,2021-02-18T07:20:05Z,4238238
1425,68e138b6dfc0a5eec4e3b50db1a2604d919cb56f,Jeff Rasley,2021-02-17T20:27:10Z,645595
1426,8067efa41cd3a6fa67d1a7495ccceb27682bc7e5,Takuya Makino,2021-02-17T19:07:28Z,481227
1427,c28a71f95f1994bf6e2dc7e9e19b2e60a8cb260d,Olatunji Ruwase,2021-02-16T23:19:09Z,4271600
1428,7cab55c79178fce9a154abe4e7b5b7abd82648a1,Cheng Li,2021-02-16T20:10:42Z,17418037
1429,ec8b1cb0a0a5752bba029da4bdc91616c0f5bec7,Olatunji Ruwase,2021-02-12T22:01:52Z,4271600
1430,7bf1b837a478fc773dbd5fc539bba113b8ac550c,Jeff Rasley,2021-02-12T18:19:37Z,645595
1431,78e776a9ace5dc8007be43b536ad0f732688169d,Stas Bekman,2021-02-12T17:50:03Z,10676103
1432,6fb16100ba356d7f31b9f483245576128b1bba0d,Sean Naren,2021-02-12T16:47:40Z,ID Desconocido
1433,248f6383a1426390a33981793a22fe3dec78b855,Conglong Li,2021-02-11T21:28:33Z,4238238
1434,1b8ca8ece592faf0cdf15f3531fa0bc4929ded36,sdtblck,2021-02-11T19:12:10Z,46172032
1435,59eed176295048a10b4f0ea4d24d07286fc63d64,Sean Naren,2021-02-11T06:52:05Z,ID Desconocido
1436,e2dfe0d17be21ce08e759dab4712bc37debd44c4,Cheng Li,2021-02-11T02:03:55Z,17418037
1437,6ee3b296da69cfc516f8c8db2109c3c53cbe7e93,Olatunji Ruwase,2021-02-10T22:41:48Z,4271600
1438,6beca3cee41db044a11985f4a563b9f7911a114d,Stas Bekman,2021-02-10T20:54:20Z,10676103
1439,c5b3f40e8481748f9658a19c2df1f17c5b579919,TheDudeFromCI,2021-02-09T13:04:45Z,3118172
1440,b08aa6f3cd5f5cdf805edf3dcd394e8cb54f1882,Jon Eyolfson,2021-02-08T19:47:14Z,96020445
1441,4f1d827c52f61e9379b787f20ca533e1e71a8275,Stas Bekman,2021-02-04T20:23:18Z,10676103
1442,72b23ea32282c52c53a81a097dfc26c653d3a731,Jeff Rasley,2021-02-02T18:35:40Z,645595
1443,45c33ee5d5c00815cd7a6520f62bdf0247e581ab,Jeff Rasley,2021-02-01T23:26:00Z,645595
1444,6332e3136e25d9d990ae1e0b1993bd3fe18df511,Jon Eyolfson,2021-02-01T22:41:20Z,96020445
1445,3cecbc1d5700457adf79646b66af03c3ece0c0c6,Jeff Rasley,2021-02-01T22:20:36Z,645595
1446,5e522efc27f451cbf6a8b466d3e60350bb4c5699,Shaden Smith,2021-01-29T21:25:43Z,620322
1447,2e2dd861f309f64bafbb4e3d0126e953f2ed4d18,Jeff Rasley,2021-01-29T21:08:37Z,645595
1448,91b1b7f33ec76b326ad7d992e8578926c267fb5c,Jeff Rasley,2021-01-27T20:45:29Z,645595
1449,cd29f8b8d5db9b75db1aed1f7b09dee98917b7f2,Jeff Rasley,2021-01-27T17:23:27Z,645595
1450,7833aed20222ea9052499f15c5ed9006c04bacfc,Jeff Rasley,2021-01-27T17:22:32Z,645595
1451,5221832e1e303fba07355853425dae76f6bb86a9,Ying Xiong,2021-01-26T08:26:43Z,18254977
1452,852c524a1cfb111f77adab1e1ed55ebc298edc8d,sdtblck,2021-01-25T19:00:27Z,46172032
1453,34c83a5a64da67ff186eec4fdd7ab3c1badf0486,Leo Gao,2021-01-20T20:51:26Z,54557097
1454,e59ba12d4df2e61e85abbd2c82a6097ac3722d7a,Shaden Smith,2021-01-20T20:29:41Z,620322
1455,7b0bee0b135589eceebbc7c105cd9826de6d5097,Stas Bekman,2021-01-20T17:50:26Z,10676103
1456,82cecf69c357af5946f0548d2516789cfe2d6933,Jeff Rasley,2021-01-19T19:23:16Z,645595
1457,7b07e123067bbc49cadd77270e8d898c86f71aaa,Stas Bekman,2021-01-15T17:25:46Z,10676103
1458,e729a3fd995ec1421bf2f9ad0ad8075fca008735,Stas Bekman,2021-01-15T17:25:01Z,10676103
1459,c5e4264186c321321858fb46d75c328fdc908ddb,Stas Bekman,2021-01-15T17:03:16Z,10676103
1460,6217a6c2433ea05d1eeaa2c16f5a3e36446c3d41,Jeff Rasley,2021-01-15T17:02:29Z,645595
1461,865104be85902ca398038045ad9cf94ec7d48745,Olatunji Ruwase,2021-01-15T13:25:29Z,4271600
1462,f032e56f8af4d40bdbb74d15fa9c5cd63f8b7a40,Jeff Rasley,2021-01-14T21:38:46Z,645595
1463,981bc7d4934c70a6f00a33c5a7946352c3ee76cb,Reza Yazdani,2021-01-13T05:35:56Z,44502768
1464,e2fbe4d23850150bd2b8b3e59ed08f97ff5c4452,Cheng Li,2021-01-13T01:06:52Z,17418037
1465,adcfd2694da3daa88efcf00bb58175908415b458,Shaden Smith,2021-01-12T18:18:34Z,620322
1466,da5563a9c1b7f89ed31da849940ec8b039660477,Olatunji Ruwase,2021-01-08T23:32:05Z,4271600
1467,c14b839d9898f4c84e372e896e3ce8fa2e169a79,Jeff Rasley,2021-01-08T21:00:44Z,645595
1468,af212f668a4a3282754de3648f3a19418a87fa79,Ammar Ahmad Awan,2021-01-08T20:35:26Z,9065216
1469,bc046dc40b85a9c0d3dc35ad949aceb6d8b91efd,Jeff Rasley,2021-01-08T19:02:33Z,645595
1470,828d75bad7cea9c62ea60a2a53d0f486ac4cc342,Stas Bekman,2021-01-08T18:39:39Z,10676103
1471,4e2dc4e4c0db7e66c55ba63fe4b973c6b21d2304,Jeff Rasley,2021-01-07T23:52:23Z,645595
1472,8cea96dd08750503cadf739060f87bba0d294656,dependabot[bot],2021-01-07T18:46:43Z,49699333
1473,64461da4e8982e0e224be5543849024dd4e014fd,Xingjian Shi,2021-01-07T02:12:39Z,5178350
1474,44bd538b110ce0e8fc69626854631c3aee0dc094,Jeff Rasley,2021-01-06T19:03:35Z,645595
1475,5ab12795958dff0b56d3faf7421abe9cad7bcba1,Olatunji Ruwase,2021-01-05T21:55:21Z,4271600
1476,46d2e2872b64ebccb8bf4eb5c8a3a55f9adaaa6c,brett koonce,2021-01-05T18:32:44Z,11281814
1477,d38ad6a17164b9bf07477ceb17ca5c7f09657720,Ammar Ahmad Awan,2021-01-05T18:31:49Z,9065216
1478,a9a83a6fcfcf654d75017453fbb3a476000180ce,gcooper-isi,2021-01-05T18:14:29Z,42359489
1479,e6ac7311363da55cf22abfe413679dd34b5ad756,Olatunji Ruwase,2021-01-04T23:55:41Z,4271600
1480,24e07399fc3ee95417d7a582c3e8952e1ac7d567,Jeff Rasley,2021-01-04T20:11:13Z,645595
1481,81aeea361da3936b875a678b9cb44596800510b5,Jeff Rasley,2020-12-23T06:26:26Z,645595
1482,7435b2f10af773b0204e77c3549b2b7df9a7a65b,Jeff Rasley,2020-12-18T07:17:19Z,645595
1483,fd2f970bdfd3eada289b4e19a3adcf2c352a4d8f,Reza Yazdani,2020-12-17T18:13:54Z,44502768
1484,6380ee35116dfc7c2a037d48fbd790d8dbabfc1d,Jeff Rasley,2020-12-15T23:29:21Z,645595
1485,007466e576b65a5efd2c8195c4f1349b1e225c1b,Stas Bekman,2020-12-15T21:44:32Z,10676103
1486,9f8e8f38290ecea6b5054df49ec8635b248c18a8,Stas Bekman,2020-12-14T22:24:58Z,10676103
1487,c5a449f9a370d99cdbd265e696b6b3b2a1bd2565,Jeff Rasley,2020-12-11T22:54:45Z,645595
1488,a4763f5516c0a9bb8f32d2e8a48c618f0fe88e37,carefree0910,2020-12-11T21:52:06Z,15677328
1489,66268bd3377f80e7bf37e48184a6211854b64a9e,Stas Bekman,2020-12-11T20:40:14Z,10676103
1490,8a184b6b1ddfe4bf41467c06b693817af80aa530,Stas Bekman,2020-12-11T18:15:33Z,10676103
1491,0518252d6431133f94e697df9ac46d1efb1a6a2f,Jeff Rasley,2020-12-11T18:05:37Z,645595
1492,7300f3e3284c20c70af47e0cf7177fb6087263ef,Jeff Rasley,2020-12-09T20:42:40Z,645595
1493,19acd6cf175e9672c2f2d31ea7becf966674f7aa,Jeff Rasley,2020-12-09T20:25:47Z,645595
1494,cb7c7da6f7696e27591610db3c2c906f9c2c8070,Jeff Rasley,2020-12-09T17:04:08Z,645595
1495,d901a6d2f5c4539ff30553759cfbc7f197e8ec00,Jeff Rasley,2020-12-09T17:03:05Z,645595
1496,2f6269787a10ac336f80c5ca4342823184cecd6a,Shaden Smith,2020-12-08T17:42:08Z,620322
1497,e8b126d9868b3d58e4df9db8dd992d7329781433,Stas Bekman,2020-12-07T20:49:50Z,10676103
1498,ce363d0e06500f1b449b47cb80b648913bca8716,Stas Bekman,2020-12-07T20:08:41Z,10676103
1499,1e44d48d5377a5f839c53ccefcd6951625479f51,Zhun,2020-12-04T22:58:10Z,18243483
1500,ff58fa7e5a4f637a21d11daad0192683fe50ed15,Stas Bekman,2020-12-03T05:20:16Z,10676103
1501,be33bea4755e47a7dc460a860f86a02c501f83d7,Jeff Rasley,2020-12-03T01:22:16Z,645595
1502,2d1f7c01721a25a2a98152092fedc1bf10f91f85,Stas Bekman,2020-12-03T00:54:00Z,10676103
1503,845921b3b646a640ef5529207e70e06335c43a52,Jeff Rasley,2020-12-02T21:49:31Z,645595
1504,7a75f8b36f596c87f538a3642cb6eeb16acf2898,Stas Bekman,2020-12-02T19:10:47Z,10676103
1505,9f52a36fad37bcb26e19dfc767d4405310f52399,Reza Yazdani,2020-12-01T23:11:38Z,44502768
1506,c78c29f9384ec8a3addb049504a4167508fe1e4d,Reza Yazdani,2020-12-01T22:01:24Z,44502768
1507,17f36f1b2ecdcfcd42d83c6f5526aff7ac6fb0c4,Stas Bekman,2020-11-28T05:05:27Z,10676103
1508,c51fa65de847ba44f0a1bcfc9957cb4e5fae3ab6,Jeff Rasley,2020-11-25T23:20:07Z,645595
1509,e4e20662fd1b654c0233362b64681bc6025f88b0,Jeff Rasley,2020-11-25T23:19:14Z,645595
1510,73c3262df63e85c2b2f0d48bf9217c58508e44f3,Jeff Rasley,2020-11-25T18:27:10Z,645595
1511,600971365315b3a50580d0f96d25db28d915486b,Shaden Smith,2020-11-25T17:43:53Z,620322
1512,16313a962bce9df567597ffc2380250a1535e27a,Jeff Rasley,2020-11-23T12:51:53Z,645595
1513,eec44af1e301cf5c53521a42347f897078c6ae72,Jeff Rasley,2020-11-25T01:29:08Z,645595
1514,0e831e23b6d2a200bf805f6169ce49c5ebd93b4d,Ammar Ahmad Awan,2020-11-25T00:37:13Z,9065216
1515,6e65c2cc084ecfc393c67a2f64639e8d08d325f6,Olatunji Ruwase,2020-11-24T23:14:37Z,4271600
1516,1ef5cd2398f743687376b416e6469ce2e002b101,Jeff Rasley,2020-11-24T22:37:40Z,645595
1517,3347460ed1d53ad39a32962476f8f5c94d879fc9,Jeff Rasley,2020-11-24T22:31:27Z,645595
1518,c18fb0de91be594d4a1eab1c9e5ad94a63631c9d,Jeff Rasley,2020-11-24T22:03:29Z,645595
1519,00c3a254a9a5915720863b8e281852be64519879,Samyam Rajbhandari,2020-11-23T19:29:20Z,3409344
1520,bcd56f9772a71c50069804fbb2f5739cc6f8c776,Samyam Rajbhandari,2020-11-23T04:07:37Z,3409344
1521,6021b70288f53965443f62caeae9a0b4443f1b74,Olatunji Ruwase,2020-11-21T23:41:22Z,4271600
1522,0178e6cc227e0f6d60cb5f3675edd1cda9a0396e,Olatunji Ruwase,2020-11-20T23:39:01Z,4271600
1523,6b28bc5db58fa95628b9cf69e350dcacc2f33478,Jeff Rasley,2020-11-19T23:10:37Z,645595
1524,1b45917cf670214ff225248188c07dccc293dc22,Ammar Ahmad Awan,2020-11-19T23:04:51Z,9065216
1525,d81cb26d92fc8126af7375a171bc1f755feef54a,Seunghwan Hong,2020-11-19T21:49:31Z,5152494
1526,dce054dbba525ec2fd59e7a5d2e06a190d133498,Jeff Rasley,2020-11-19T21:48:40Z,645595
1527,9de21b72b5e8adb6c1fe4ae96cbddaa929178cc1,Jeff Rasley,2020-11-19T16:36:19Z,645595
1528,08c96a1bc6d9c0345b31889bba66d73f20d0b0b5,Jeff Rasley,2020-11-19T16:16:27Z,645595
1529,fdd81c305ce417bbdf81e1985a73de697ad64e3b,Jeff Rasley,2020-11-19T00:42:19Z,645595
1530,5b09be60f75fbfa1ffa825bb3616871acd22be79,Jeff Rasley,2020-11-18T22:53:04Z,645595
1531,7752dc5ea1331d10fdbe4962648a71f2c7e6329f,Olatunji Ruwase,2020-11-18T00:20:02Z,4271600
1532,9941ce75225868ef9222a0360683a563d05d87ad,Jeff Rasley,2020-11-14T02:09:16Z,645595
1533,0dc8420042d0d205b2f75416378d122cc819a9a6,Jeff Rasley,2020-11-14T01:36:33Z,645595
1534,d779bd5334b2399af832406cc0f79df0f5b24b1a,Shaden Smith,2020-11-12T22:29:52Z,620322
1535,ca9ab1201ff56815652b7b85496d262c2d89d6c1,Jeff Rasley,2020-11-12T21:58:14Z,645595
1536,31f46feee2d491d58a13404e354440551de9d5bf,Jeff Rasley,2020-11-12T19:51:38Z,645595
1537,0ad4fd880b90cae452695d9b95de41feb1cfbba0,Samyam Rajbhandari,2020-11-11T23:29:02Z,3409344
1538,eea1c285a8271b94e43070d058869fe9ef4576a8,Jeff Rasley,2020-11-11T19:35:38Z,645595
1539,be1147c08acde34d7a13b73f8d33e55c3f719de4,Olatunji Ruwase,2020-11-10T20:53:50Z,4271600
1540,e082d4752e3db2acf4348a4522daba077bb58aec,Minjia Zhang,2020-11-10T14:33:35Z,33713995
1541,41fb24b3f06bd3d7e8b5fa6c71958cc6234910aa,Olatunji Ruwase,2020-11-09T20:28:14Z,4271600
1542,e351090c6cbf3f92f7f875ce4233230d936f2baa,Olatunji Ruwase,2020-11-09T20:20:02Z,4271600
1543,7d4d742bf03f8e1707130391e0b39bd6d93a702a,Reza Yazdani,2020-11-05T16:27:15Z,44502768
1544,4c37d705202f626682a5128a2fc4f4bcfb997fdc,Reza Yazdani,2020-10-30T19:58:53Z,44502768
1545,f5aa2547d88f145c4b5223d5bb8f79db69ee5288,Reza Yazdani,2020-10-30T16:01:04Z,44502768
1546,d720fdb6857f4b71d922ca1e8efbe5271b5fb7c2,Shaden Smith,2020-10-19T23:11:22Z,620322
1547,7ddfda85263890615791b63955b9f5ed28ea2eff,Jeff Rasley,2020-10-14T17:44:16Z,645595
1548,1afca8f722fbcedf4b0ec0bf9e165d60564a7bba,Jeff Rasley,2020-10-12T23:11:55Z,645595
1549,b8eb40eb67dd713ec63c5636f8b917d1b1c53294,Jeff Rasley,2020-10-12T23:10:18Z,645595
1550,e25f2a23e023d72ac19efe48a5fa5648d260be48,Reza Yazdani,2020-10-12T16:36:18Z,44502768
1551,23fc48f320bae0eeb46058d6b949c79b1b6569dd,Olatunji Ruwase,2020-10-10T16:48:42Z,4271600
1552,c39a76fed71f87fd0b026cf6dfd1aee8283319ed,Sylwester Klocek,2020-10-07T22:51:30Z,7227074
1553,2efea6944616c7be9e35874adc37dbaf150ea05e,niumanar,2020-10-07T05:17:34Z,60243342
1554,679fc13512a74c039ac8881d557185c9860ac18a,Jeff Rasley,2020-10-07T03:03:59Z,645595
1555,11cf47efe1729a68206a743a2e0f740f9d148234,Jeff Rasley,2020-10-07T01:10:10Z,645595
1556,67176383c4195d3c13a91e78b6f8701d9d579dec,Sylwester Klocek,2020-10-05T19:23:18Z,7227074
1557,95575579b3304f3cdd6bc1f9715535d424768b87,Bruno,2020-10-01T06:55:27Z,1090152
1558,7b8be2a7d9a56847c30cd9db30a43b6dcfd975fa,Olatunji Ruwase,2020-09-29T21:43:34Z,4271600
1559,6f28ea30958f615191c4ca3ef5b3ada13b5cc4e7,Haibin Lin,2020-09-28T15:39:57Z,5545640
1560,5412a3341fa5d0211629ee87899015f98a62e0cc,Shaden Smith,2020-09-25T15:17:44Z,620322
1561,6d176c45fa7942ed236e02d193d26732f5816969,Shaden Smith,2020-09-25T14:48:10Z,620322
1562,0ca82156e1799672a9522e539c65f379bdb91a2a,Haibin Lin,2020-09-25T04:57:15Z,5545640
1563,192cf7c8e2343b40cf7478687dd104151e461447,Conglong Li,2020-09-24T22:28:06Z,4238238
1564,5d40f006bbcf6aeb5f7e8bff1f33a00422aefdd1,Conglong Li,2020-09-24T21:10:56Z,4238238
1565,f0f2a7026877d3fd2f6f5565a67cdffc89750cf0,RezaYazdaniAminabadi,2020-09-22T04:07:51Z,44502768
1566,71f7df3945c467c851888b7ab274796ea57bb67a,Shaden Smith,2020-09-21T16:20:21Z,620322
1567,a148bd33d6cabdc363754e622a9aa24493ef7512,RezaYazdaniAminabadi,2020-09-21T15:33:36Z,44502768
1568,a825f99688b12d5b881fb2b578ac1d3fc956d138,Shaden Smith,2020-09-18T20:24:53Z,620322
1569,a74a604a9e9dee5167b0ac94717674ae2902c494,Jeff Rasley,2020-09-18T17:55:55Z,645595
1570,01b6e27e7833a2ac3b415b03674ef11116078e9c,Shaden Smith,2020-09-18T16:43:50Z,620322
1571,5bc7d4e1e6364f6d39d3320d9d9d09d9dba53e3f,Jeff Rasley,2020-09-17T23:57:54Z,645595
1572,c66f3881568c6ff7e77c6160dae20b5fea9fe4dd,Gowtham Prudhvi,2020-09-17T13:40:05Z,12230760
1573,5812e84544fe5adc9c82593d15edf8d377ab902c,Shaden Smith,2020-09-17T01:57:43Z,620322
1574,4fef478f57fb27053f3d6f2ceab25ae635ec34a1,Haibin Lin,2020-09-16T23:10:55Z,5545640
1575,f5cce75e7061a6736f3021fd5a5a0c744704ed4f,Shaden Smith,2020-09-16T21:26:30Z,620322
1576,7d91be97652b464d389c7aa39a3a657a88f2d181,Olatunji Ruwase,2020-09-16T20:27:40Z,4271600
1577,0e942df008a2540c729d985bc1abdce8a98c7168,Olatunji Ruwase,2020-09-16T17:13:06Z,4271600
1578,a9e8325f15d1537eba37fa6725e6cc12e60ee976,Jeff Rasley,2020-09-15T20:16:26Z,645595
1579,55ed105771d08fbffc0cb6d8cd56a2e61206ad1d,Jeff Rasley,2020-09-15T19:59:56Z,645595
1580,91b4a93db01318cf7ad39b33ee3b2d2715abac54,Jeff Rasley,2020-09-15T15:28:02Z,645595
1581,473ff985fb8770fbbd9073554a666aac683d57d2,Shaden Smith,2020-09-13T18:29:21Z,620322
1582,4ac9bf60a740a5a8433ee256c48527c0fba63beb,Jeff Rasley,2020-09-11T17:21:55Z,645595
1583,e549be607c0f85fc3eb91b3ce977f1d063d65f3c,RezaYazdaniAminabadi,2020-09-11T15:38:36Z,44502768
1584,c82756cd1571acde62916554446c5a6b324b5f20,Shaden Smith,2020-09-10T22:44:47Z,620322
1585,15ca99c682f832e4ddd414247b11d3eee4c57e1e,Jeff Rasley,2020-09-10T21:03:46Z,645595
1586,d15015e969cbe19356861fbaebd0c6fe7a30e5a0,Olatunji Ruwase,2020-09-10T20:25:29Z,4271600
1587,5dc4d6c72f336c1e9cf7cff33b533b6d67a43fe6,Jeff Rasley,2020-09-10T20:10:34Z,645595
1588,ea92ed29bb53d7aea3b9474a8d2e15acd91bf8a8,Jeff Rasley,2020-09-10T20:07:08Z,645595
1589,96935958b11fc5a7b502d6f27d4b9734586ce305,Jeff Rasley,2020-09-10T20:06:42Z,645595
1590,4b1df25ae96e3732213877e7729c5e15548188fd,Jeff Rasley,2020-09-10T19:31:38Z,645595
1591,240ea97b33e55d8a7410aa3784cb197711b14d44,Jeff Rasley,2020-09-10T17:52:45Z,645595
1592,b29229bf528fdffba873f952b2684a25386998d8,Jeff Rasley,2020-09-10T17:15:20Z,645595
1593,6bb5c69f485dd0bce1b95b2672bf25710afef035,Shaden Smith,2020-09-10T16:18:53Z,620322
1594,7baf3c3af1f01895b78523025ee361774741b8df,Jeff Rasley,2020-09-10T09:09:46Z,645595
1595,a8a8b3d288aab35b09653110011a5062d87c95a1,Jeff Rasley,2020-09-10T09:04:17Z,645595
1596,c76769c4ff47f82140958e1b5991fda653c49a07,Arash Ashari,2020-09-10T08:49:42Z,12753905
1597,59ce90d0d47bbbc85abfa6970dbdc7f9b5ea185b,Minjia Zhang,2020-09-10T08:46:06Z,33713995
1598,be4b94be261a9978795dcb0e60aee4cf112412b3,Arash Ashari,2020-09-10T07:39:47Z,12753905
1599,b1d4bd734bffc99c0684edbec201fe347381c30b,Jeff Rasley,2020-09-10T07:23:54Z,645595
1600,2dea61f285ba245171a93672a90d7652b2608a30,Olatunji Ruwase,2020-09-10T07:22:55Z,4271600
1601,c0d5424f00650f12771a883cb3e2901a9f4d8a6f,Jeff Rasley,2020-09-10T07:13:47Z,645595
1602,dca0b7841e4449e9a03d0f603df634b35d2e015a,Jeff Rasley,2020-09-10T07:07:30Z,645595
1603,093f09ff27ba3350b6e014a524075240612d5187,Ammar Ahmad Awan,2020-09-10T07:05:07Z,9065216
1604,65c2f974d8308b3bd13036623fb1474caa535f82,Shaden Smith,2020-09-10T06:14:55Z,620322
1605,41db1c2f033b82485a3ef7bd0a986d1a1b579519,Jeff Rasley,2020-09-10T00:14:12Z,645595
1606,79093d74aa1632e5eac937480774b6fd29084228,Jeff Rasley,2020-09-09T22:35:26Z,645595
1607,161e8e60c6df5a74b3b607bc97bc889fa68a63bb,Arash Ashari,2020-09-09T22:04:17Z,12753905
1608,01726ce2b8ec1adbffae7974b5bfe600962c2043,Ammar Ahmad Awan,2020-09-09T21:37:37Z,9065216
1609,234bba0cdc7517647e58764a2d5b99375b0d0579,Jeff Rasley,2020-09-09T21:05:31Z,645595
1610,b73894dedc433076991e57ca3460e2477c04714c,Arash Ashari,2020-09-09T02:15:44Z,12753905
1611,9dadf38dd637d283d0869837cd5324f4086cbe1c,Arash Ashari,2020-09-06T18:20:48Z,12753905
1612,9e83ef21ea842a56ed6ba4c7b6952eaa6efd5cca,Olatunji Ruwase,2020-09-06T15:59:48Z,4271600
1613,4d4eafbe8d3b6242166aeb7e002795c4d1ac7169,Shaden Smith,2020-09-05T22:06:12Z,620322
1614,a64b0abbcc8fb0be18b6572982e95641a6871e01,Arash Ashari,2020-09-05T18:48:35Z,12753905
1615,ac12833ea790932eb2c23747375279ebc9aecfdf,Shaden Smith,2020-09-04T06:35:03Z,620322
1616,6deac82ca60b0a0e409f5c4206d9865a696c2891,Arash Ashari,2020-09-03T22:01:23Z,12753905
1617,1ebcd6c50af7bc5c41507c60961f9031c729ec8c,Jeff Rasley,2020-09-03T05:05:04Z,645595
1618,1661e83032d32bb61451ee2f4aaf31e68c901bef,Jeff Rasley,2020-09-02T16:22:14Z,645595
1619,5518aae5f9a317df9e41b1c1e14d59234c0b2d98,Jeff Rasley,2020-09-02T03:10:29Z,645595
1620,8716540390af61b6a344bf6b82f7e61cf8140057,Jeff Rasley,2020-09-02T02:16:57Z,645595
1621,e5bbc2e559aeae7736e581a7495909e473c2e37b,Jeff Rasley,2020-09-02T01:06:15Z,645595
1622,838f53b7613d65fd8260bb76331ce5b8b0911848,Shaden Smith,2020-09-01T15:09:35Z,620322
1623,e8dd47df26f8281eca6550a501cf737d78ab859a,Jeff Rasley,2020-09-01T04:15:50Z,645595
1624,f4726b75c45d0535301a89d10a2b2bf6b337e020,Samyam Rajbhandari,2020-09-01T03:54:33Z,3409344
1625,6122a74ede9a878f514912a421468521e7de4e1f,Samyam Rajbhandari,2020-09-01T03:53:26Z,3409344
1626,7a356b285121419ed7247e91690a53f8f8b16fdd,Samyam Rajbhandari,2020-09-01T03:52:58Z,3409344
1627,7240abf3550e20eeb361434ef342605640bc3847,Samyam Rajbhandari,2020-09-01T03:51:08Z,3409344
1628,458c0d92f54bc4895d743d7ce1be80d8f738c48d,Samyam Rajbhandari,2020-08-31T19:21:00Z,3409344
1629,6823db3259d7881c7a1f0863a0c592530887c49b,Jeff Rasley,2020-08-28T19:19:32Z,645595
1630,21d5f6349b264b77722c2edbc894913b85472fd8,Jeff Rasley,2020-08-27T17:14:22Z,645595
1631,e69b1eec671f6efa7a8132e4e7205797c08815e0,Jeff Rasley,2020-08-18T16:07:12Z,645595
1632,de0523d4141c002bd0fea61d6c9292ca4441e744,Jeff Rasley,2020-08-14T06:17:12Z,645595
1633,e1bea67f2b27891df35aa54d9d2b25b60c377619,Jeff Rasley,2020-08-13T21:21:40Z,645595
1634,6855ba1c47e47f7dfdc8034c89c2a00f68195999,Jeff Rasley,2020-08-13T16:57:39Z,645595
1635,3437342c47f576d8c52eb388eca80576ace1b809,Jeff Rasley,2020-08-12T22:11:07Z,645595
1636,892ece67696c5153db2bc871ecb8be7339b33c73,Shaden Smith,2020-08-12T14:11:03Z,620322
1637,cd68e6e55a2155ffaea681b18e012aafd686dce4,Jeff Rasley,2020-08-10T17:09:40Z,645595
1638,903a41a59d6d5ae8817fbdbfd5014efc0f7356f8,Shaden Smith,2020-08-08T22:51:54Z,620322
1639,29c5fe26112f417c25955baab8e9dc7d7f33c5e4,Jeff Rasley,2020-08-07T21:40:31Z,645595
1640,c35e9441d54d76b2eecf1b252621507a0dc952b8,Shaden Smith,2020-08-07T16:44:24Z,620322
1641,9d07d756aa935ceb650e0e67a90298e57b29627d,Emmanuel Kahembwe,2020-08-01T05:22:03Z,7952854
1642,e50b8838e0aad4edc18cde5b0b89c7774943f6f7,Jeff Rasley,2020-07-28T22:32:42Z,645595
1643,97c5427372fa86a3c31c7d9f1662c1e806674da1,Emmanuel Kahembwe,2020-07-28T21:24:12Z,7952854
1644,67821f95e4ee04f65965eac4ecc1ffacab4302e6,Jeff Rasley,2020-07-27T16:16:11Z,645595
1645,7ae8f8bc9bea78659d9552a30d5525aba02093c5,Shaden Smith,2020-07-25T05:13:11Z,620322
1646,0f94f7e06fb51d74fc4ba584fe1eff3f83db2862,Jeff Rasley,2020-07-24T17:21:28Z,645595
1647,ec9434101676f299f0fb05b94e1150fa398f4459,Jeff Rasley,2020-07-24T02:20:46Z,645595
1648,eb74c3f1df1475a75bb8c18dd5def83ff849c2a5,Jeff Rasley,2020-07-23T18:49:57Z,645595
1649,3cc96e17f1e313148da7d0d349392c584c286ed8,Olatunji Ruwase,2020-07-22T19:01:50Z,4271600
1650,871f7e63056be679cbe5784ab4cc1da347648940,Jeff Rasley,2020-07-22T15:33:05Z,645595
1651,1f972427fc6c9b22da97ca8b89c194bfb3988d6f,Arash Ashari,2020-07-21T18:11:07Z,12753905
1652,376818ef9df2d9d8932beb7adde10f89b3653570,Jeff Rasley,2020-07-15T21:15:47Z,645595
1653,607814feb9b44977b83812dc38ee952c8ae61f84,Olatunji Ruwase,2020-07-15T19:28:16Z,4271600
1654,7ccc9daf9ec909b71c7261f8e77876774b1633af,Olatunji Ruwase,2020-07-14T13:27:21Z,4271600
1655,366d88164d6f7bb998dcc789924acecc30aa48e2,Jeff Rasley,2020-07-13T20:04:07Z,645595
1656,f545312416e8bdd6c0a7d19e644fd49846a54b6a,Jeff Rasley,2020-07-11T22:33:46Z,645595
1657,4a3234e0ab3a6b0039741d7ea2fe0c1b82584763,Olatunji Ruwase,2020-07-06T17:11:21Z,4271600
1658,97787881ee2af488f3f92c6889430a96a466a86c,Jeff Rasley,2020-06-29T20:12:39Z,645595
1659,4d64b5ba055b663a1e436dbc2d756350554dfe84,Jeff Rasley,2020-06-25T18:37:29Z,645595
1660,6379292c62285ddcdfcfc14a35048cf4fe1b0d85,Conglong Li,2020-06-24T00:13:01Z,4238238
1661,88c319aad68fae3193f7b951807a968dc1df0e3d,Olatunji Ruwase,2020-06-23T20:08:25Z,4271600
1662,664fa30cecf9071ef499860808d9fe7eb1c613ca,Shaden Smith,2020-06-20T01:52:42Z,620322
1663,224494bdea41f9f044b8107ac25f2d2725e32f9f,Samyam Rajbhandari,2020-06-20T01:37:05Z,3409344
1664,02c392f0ea00fbf3852d5ac2df11fa9a60ac8a97,Shaden Smith,2020-06-20T00:26:32Z,620322
1665,54c0267e184eda4a098e89145b5ea1e5bb6ceee3,Tunji Ruwase,2020-06-20T00:07:45Z,4271600
1666,2e6d93e0e55919e4eb78a3627c0bf283b458d8e8,Shaden Smith,2020-06-17T20:01:57Z,620322
1667,fedd03869a0d3dead88d48acb777b7a8bca3035e,Jeff Rasley,2020-06-17T19:22:58Z,645595
1668,9fcdc885958f481d64115f5a48e86623b7a00e5c,Shaden Smith,2020-06-17T00:41:24Z,620322
1669,6e87251cd3f36019487583ef1d76fa5fd4dff3ee,RezaYazdaniAminabadi,2020-06-16T18:00:31Z,44502768
1670,96c4daabc162c3c05fe602152ee2ab2d780c0e23,Chunyang Wen,2020-06-12T04:24:44Z,2911134
1671,f5025506de37f617a93eabc2aed7cc4f4bfd7d80,Jeff Rasley,2020-06-09T17:46:35Z,645595
1672,fc1de4ffd28b5975700cf87efb36b699d15c5a0a,eltonzheng,2020-06-08T20:02:21Z,24947394
1673,2312f04b0ceb07d81a16d0fc81f327a04beea57d,Olatunji Ruwase,2020-06-05T21:35:12Z,4271600
1674,f73d717cf95946fa3c21b7d06ac65b654896bb4e,Jeff Rasley,2020-06-04T22:32:36Z,645595
1675,0f72988d86b69aac928a6d4a5006fba1d99b3c8d,Vidush Vishwanath,2020-06-04T22:07:13Z,9300691
1676,e1ad8803eb802bf9cc74ddb54b411d720f5ea6b4,Chunyang Wen,2020-06-04T21:05:04Z,2911134
1677,2a1c5db1b01792b1d3ca54f23998a717240ba390,Shaden Smith,2020-06-04T19:58:49Z,620322
1678,fd2a8fd5b25b293252063aa2bb5a1047b146749e,Ammar Ahmad Awan,2020-06-03T20:01:32Z,9065216
1679,8353c5949d395d27c898c78fd3ae72ccfe878c26,eltonzheng,2020-06-03T17:59:49Z,24947394
1680,bbd8cd7d703a1333849712f33ed2acd8e75be040,Jeff Rasley,2020-05-30T05:25:18Z,645595
1681,e04e401613bf13a235453d1f9ab06ef8bf4cf7fe,Samyam Rajbhandari,2020-05-29T22:15:44Z,3409344
1682,b1ddea7fd94c52a7be76cec721d32d438681af83,Shaden Smith,2020-05-29T21:41:34Z,620322
1683,c5c9aaaa5e4af29627ff221359b96574bff1ab31,Jeff Rasley,2020-05-29T21:29:45Z,645595
1684,0c77f878b67069baf3c5a066b32778c10a38db84,Shaden Smith,2020-05-29T21:24:46Z,620322
1685,c7d0b0ca83c39ee300d4b3a6501b4229d57286df,Shaden Smith,2020-05-29T21:20:50Z,620322
1686,6622de165dcfffb5a1993c2313f3e7e053122b4a,Jeff Rasley,2020-05-29T21:15:04Z,645595
1687,dddc526e171955232119824a8d31f8877137a763,Jeff Rasley,2020-05-29T21:10:11Z,645595
1688,734d8991c845664c5138a9f69704fd058a51b3c1,Jeff Rasley,2020-05-29T20:15:36Z,645595
1689,b652395e5e0584a32123b49adcd8a758fb7e9aab,Chunyang Wen,2020-05-28T21:13:18Z,2911134
1690,6fe0edb80494577d6c21e5b5014faeab1a0d2e47,Chunyang Wen,2020-05-28T03:10:11Z,2911134
1691,a2b7552770e200b4f4505d1bab35b208617a2b9d,Jeff Rasley,2020-05-27T22:48:44Z,645595
1692,bc36b91dd3794fd93e1a29607ff2fc42143d3b14,Jeff Rasley,2020-05-27T21:30:37Z,645595
1693,01e848b336b90e7a281206e7b8f070ec0e9bfd34,Samyam Rajbhandari,2020-05-27T18:56:24Z,3409344
1694,d24d3de901fa8b110923f1ee9c2ccf0efd56d31f,Samyam Rajbhandari,2020-05-27T16:50:39Z,3409344
1695,abe2204ddd1d5f60cd3303ead4df22deb5303a5b,Jeff Rasley,2020-05-27T02:40:01Z,645595
1696,6a9d57f6cc7a95952ea7b396c75630c0265931e2,Shaden Smith,2020-05-26T19:15:04Z,620322
1697,b466e84e9fb9172a7677ed4ba1c70865d2a8f222,Chunyang Wen,2020-05-25T15:58:35Z,2911134
1698,e62afbc8c88a3f2b0c72755502169ddd4cdd107d,Shaden Smith,2020-05-21T20:09:51Z,620322
1699,00183ed58d2344255622bffdee473836e0f80e16,Shaden Smith,2020-05-21T19:39:12Z,620322
1700,53ac7947028ab7167ec3ff56e3eaf98b63f973a4,Jeff Rasley,2020-05-20T21:58:07Z,645595
1701,8a18e73e18cb6bb846b5d5a11e9a7ff91caedda8,Shaden Smith,2020-05-19T15:16:47Z,620322
1702,1230e31beb10a53dffd892f80c2ae27c825ec6b6,Shaden Smith,2020-05-19T15:08:27Z,620322
1703,4eade17a6e1baf6bc5c71daac7fc3ac595c378a2,Shaden Smith,2020-05-19T08:59:52Z,620322
1704,0c82483069a1d91db4fcd0a17bd0cba6e93c7682,Shaden Smith,2020-05-19T08:33:37Z,620322
1705,10a46a148fb4ef010e34880dbe380657daec2356,Shaden Smith,2020-05-19T08:11:05Z,620322
1706,f2ac7eafd54c49acb8981650637dedd939e96c14,Jeff Rasley,2020-05-19T08:00:53Z,645595
1707,c61e23b4b108df2af0dda7939ee59d4ae9090415,Arash Ashari,2020-05-18T16:33:15Z,12753905
1708,ccaa9901c9a0e118eb105e8affbafb141b2ba1f3,Shaden Smith,2020-05-15T05:02:08Z,620322
1709,57678bedd5b0a4a0a57a3542b02c983d3b263a22,Jeff Rasley,2020-05-13T23:11:39Z,645595
1710,c7863d97d2a529fba605b148222ccb34c5b409d8,Shaden Smith,2020-05-12T23:17:19Z,620322
1711,0be026e38b27fe6fbd8b57a9ce51027dea470f59,Olatunji Ruwase,2020-05-11T19:36:07Z,4271600
1712,b2c87edfb6b56e68e022cfb607c1073895d34318,Shaden Smith,2020-05-06T17:09:19Z,620322
1713,4f42bbb0e8d88e9b992b9c84ea7852b7925149ba,Shaden Smith,2020-05-06T14:30:00Z,620322
1714,7dc209c661b05bc7b08fd554236237d2b4bdbea1,Jeff Rasley,2020-05-05T22:01:39Z,645595
1715,a90a32d79d4209d280540bf61a418b0e2e1288a2,Jeff Rasley,2020-05-04T22:29:04Z,645595
1716,3ce531c9798613e1265e7c64482a28f7b1a17c4d,Jeff Rasley,2020-04-30T22:11:43Z,645595
1717,f8fa1325121d8c895e4e7bcd2779a1912e1fc803,Jeff Rasley,2020-04-30T20:08:27Z,645595
1718,6cb332f1b1ea786b5d83ebf9c66cb1f85d1245f6,Samyam Rajbhandari,2020-04-29T00:15:38Z,3409344
1719,a0cd61e8577307529cd1e0cb92741c13ababde2b,Shaden Smith,2020-04-27T21:27:04Z,620322
1720,7cf65d0e025783ab24b6e9189c195badf0a747e3,Jeff Rasley,2020-04-25T04:23:23Z,645595
1721,512a0d4de186552764fcb49a6f7b6b362b7496c1,Olatunji Ruwase,2020-04-24T16:20:20Z,4271600
1722,c014a55b2d759428ec57e8b39976f36b20ef2401,Shaden Smith,2020-04-22T19:15:45Z,620322
1723,dd166ee6b619a04e6a5a83b91a8cb279339d9d41,Shaden Smith,2020-04-22T05:18:47Z,620322
1724,bf4797c2c5694828911dc39d39576b7c4188845c,Olatunji Ruwase,2020-04-21T01:10:32Z,4271600
1725,b7f5cb78c60d6a5792a2018976d0533d9d65cfb2,marload,2020-04-20T17:19:51Z,39186433
1726,675d73e0ab69e6d4a1d2caff9fb3680aaa93e296,Jeff Rasley,2020-04-16T06:13:57Z,645595
1727,90017d3a31beee0ef5421ac08edcd0fa441eea11,Samyam Rajbhandari,2020-04-12T06:51:15Z,3409344
1728,4cbfcc75f7d0b710ab76b0c81f9ea9fa4ffba063,Shaden Smith,2020-04-10T20:12:37Z,620322
1729,3ef0030a51906b5dfd9a7beb701afad7f4e18686,Jeff Rasley,2020-04-09T17:08:00Z,645595
1730,63da7f566b5ad22b0e84ea2428f94a62ce4fd135,marload,2020-04-07T16:54:47Z,39186433
1731,5fb22a055a23ce5d9cf135f9b29cf762629db05d,Shaden Smith,2020-04-06T18:20:16Z,620322
1732,3637b86ba9695569b140ecd45b83e226fce04136,kouml,2020-04-03T15:57:18Z,23252616
1733,c1a3ec672b3423590f9667afe6428d8b5de32a1a,Shaden Smith,2020-03-28T04:51:18Z,620322
1734,53c73fe3e216bb6d2232b613bbf7bf0479246f6e,Olatunji Ruwase,2020-03-27T20:57:29Z,4271600
1735,43f27332c2b36e32d61ad12f8caa716c7966d781,Calogero Zarbo,2020-03-27T14:32:13Z,4557464
1736,20557f70954f06cbbf8d9fdb1910b63c6af4eb77,Shaden Smith,2020-03-26T21:50:22Z,620322
1737,a76572dc7cc7030b6208cf1dc3e2f6e501d460c8,Shaden Smith,2020-03-25T16:34:27Z,620322
1738,012d91df67a9ddd66df847c7608481af027cace9,Olatunji Ruwase,2020-03-23T01:50:18Z,4271600
1739,ac9cc7fe1b2a4a1e3f36c08441512cd3609087b5,Calogero Zarbo,2020-03-22T23:56:11Z,4557464
1740,62d3272e7e5db33780244383d8160742681b5200,kouml,2020-03-22T20:32:49Z,23252616
1741,1496247a19d4bfd8346001ac491b1d160b5ecbee,Shaden Smith,2020-03-18T17:09:41Z,620322
1742,29855c2716a99fbb79e0b73dca9c18b650bd8107,Shaden Smith,2020-03-18T07:47:39Z,620322
1743,b84a1fa410934353db1a68055f224be353c99989,Shaden Smith,2020-03-18T07:30:51Z,620322
1744,4d735946b8f256bc80ba13e3530f85c91d041ff4,Shaden Smith,2020-03-18T01:23:59Z,620322
1745,85cc16aed25da5c94a9e7aa3877a35982b898e65,Shaden Smith,2020-03-17T21:27:07Z,620322
1746,5042dc0085537db79aaf4e175e86d5f5bf5ae4d8,Shaden Smith,2020-03-17T20:49:48Z,620322
1747,d6bc44bfad4b92acde4193321d1cc9601da55030,Shaden Smith,2020-03-17T18:36:58Z,620322
1748,8b12cfb4dc8131c8a63178b19d4f4f96563a952c,Shaden Smith,2020-03-17T18:25:05Z,620322
1749,0b8d765acfe30f5c5477b71a50c1d977e824eb72,Shaden Smith,2020-03-17T18:10:00Z,620322
1750,3d3f8d36a4e8c0b7e6358bccd90254fc7424ffcb,Jeff Rasley,2020-03-12T20:08:58Z,645595
1751,e0f5cc688e43a8f3936764fe61344ad90e89e38c,Jeff Rasley,2020-03-11T20:29:18Z,645595
1752,259f894a8b9f5a8f2a1af2b33c250723bc9654e7,Jeff Rasley,2020-03-11T19:17:12Z,645595
1753,936117b589e848318c44deb3ce128659afde6580,Samyam Rajbhandari,2020-03-10T23:52:02Z,3409344
1754,1c0b326e772e20082772fdcd10e3f95ed481d555,Olatunji Ruwase,2020-03-10T21:03:23Z,4271600
1755,27d8385148ac86acfb9c85643e7a995e797b1d5c,Shaden Smith,2020-03-10T19:05:42Z,620322
1756,8ad8a26295c934f07924173ec44457b53587d7e8,Cola,2020-03-10T13:37:01Z,43774355
1757,5f6294bd04cbf099c2dc15b9aebc44ebe91f0044,Incomplete,2020-03-09T15:30:18Z,11158705
1758,40885599abec1258b486815a8b8289e9b20d9fea,Olatunji Ruwase,2020-03-07T02:23:40Z,4271600
1759,7dbeba308ee54d4737743abf8bf6fe47cb6b5229,Jeff Rasley,2020-03-03T22:38:41Z,645595
1760,7e3509bb8db0214c00c3a394d7b60174343955fc,Jeff Rasley,2020-02-27T23:14:24Z,645595
1761,fafc62fe0aa17cbb6664cd16168d270b9e2dcc11,Jeff Rasley,2020-02-27T21:55:25Z,645595
1762,7e8132832ff8b3e322b6a345c65e2ea2795169dd,Jeff Rasley,2020-02-27T15:22:57Z,645595
1763,ccec2463ee491313fc89a5c5c1ab6431432dfa47,Jeff Rasley,2020-02-27T15:10:34Z,645595
1764,5aa58b3878789332856af9107bef5768dd3e1c9c,Jeff Rasley,2020-02-26T23:07:49Z,645595
1765,6efee45c4d6aec415e7155459c19147d2fe3ffdd,zenlytix,2020-02-25T19:25:00Z,12767235
1766,cd0d6f3c039b928475172fc9e33c762ec7e03e65,zenlytix,2020-02-25T00:13:22Z,12767235
1767,5897091eb94fdd7a6885dfa5eb58c13083136b03,Jeff Rasley,2020-02-24T20:47:17Z,645595
1768,853a3a9243027f86c46315ce82cb52bc9ffd7793,Shaden Smith,2020-02-24T17:40:32Z,620322
1769,13fd3dca2abb6d6a6af62d46457fff8a1a678a4a,Shaden Smith,2020-02-24T03:39:01Z,620322
1770,6d6020658611a69eb0bf8008b7730cadfeab2c15,Olatunji Ruwase,2020-02-22T05:51:55Z,4271600
1771,001abe2362d9edba062070fb05df40925f54cb3e,Jeff Rasley,2020-02-20T22:16:41Z,645595
1772,f2d7513561eb72f6b9c5188b5a227ecb7b05a2ee,Jeff Rasley,2020-02-20T06:08:48Z,645595
1773,2abef1ef76b35ec303ac1e474706f1706a707b6f,Shaden Smith,2020-02-20T05:41:57Z,620322
1774,bca23057de5b88a659a16b48dc2a15cf5a97232a,kouml,2020-02-15T01:34:49Z,23252616
1775,807480a04bdc371525776e42c31f7c72d9132f0a,Jeff Rasley,2020-02-15T01:04:15Z,645595
1776,37ff62ccb8637a3b263a163d79fe961946415ade,Shaden Smith,2020-02-14T23:45:28Z,620322
1777,e6c37c043d9284acc0e549940f201d5f1603b55e,Jeff Rasley,2020-02-14T06:39:21Z,645595
1778,fd53b56a735b8b8eca5cea4872134ca37c702b4f,Rahul Prasad,2020-02-13T05:33:00Z,33426676
1779,bf2689a9dd4492ff7173763e93cd58115de333bb,Jeff Rasley,2020-02-13T01:06:22Z,645595
1780,4f0680c144e05822396ebf30dc9149db869b52f8,Shaden Smith,2020-02-12T23:57:58Z,620322
1781,4f7d016d3ecbd9c030c7ac5ea395b05b1a625a30,eltonzheng,2020-02-12T20:21:36Z,24947394
1782,f78ccc06c947d61134885059f23194e4eb3299a0,Gaurav Menghani,2020-02-11T03:53:29Z,186566
1783,5a2e4b7d09fa646c401f5fd8e01cb5e2afec2835,Shaden Smith,2020-02-10T20:33:58Z,620322
1784,92514ac5d55f0a6c471e527694e7a8af5e47c122,Shaden Smith,2020-02-10T19:04:31Z,620322
1785,b8541d04324b47eb8588c65d493609d345706e00,Shaden Smith,2020-02-10T19:01:54Z,620322
1786,cf8b9c185f8210ce528be44908cdc86b9947ae33,sheikheddy,2020-02-10T18:52:29Z,30148602
1787,8575200079041cf42685b1cae11e0885a5b53507,Jeff Rasley,2020-02-10T17:06:30Z,645595
1788,010f6dc0cf970effee0f597246ceccd46271242d,Shaden Smith,2020-02-10T15:07:37Z,620322
1789,e711f8265e4f2eabdc41e974047089ea40964be9,Shaden Smith,2020-02-10T15:05:04Z,620322
1790,4eb20eb574a4b28cb64f27e8360cc9356d1373a2,Jeff Rasley,2020-02-10T12:51:51Z,645595
1791,b068e7018df6f205946f6cf4a25e2a1e8621dd12,Shaden Smith,2020-02-10T05:38:20Z,620322
1792,46686c9a7208e383959e558296c8141c466385bc,Shaden Smith,2020-02-10T05:35:25Z,620322
1793,50ae149f824a887834bdfc7a252b35a68e624132,Shaden Smith,2020-02-10T04:03:35Z,620322
1794,e4c55390aecef3a7e9b7d94cd18d46ac6f2c9b36,Shaden Smith,2020-02-09T20:44:50Z,620322
1795,2f22ed2ed881ff0754456ea6445b6103f5c64b49,Jeff Rasley,2020-02-09T19:11:37Z,645595
1796,0ca56d4b235092b9e5c4af8b26c19cb2e8d70aa0,dependabot[bot],2020-02-09T07:47:43Z,49699333
1797,20ff66a0c1ec07e527626ee42b8f3afe8f75493d,Jeff Rasley,2020-02-09T06:00:24Z,645595
1798,4ee043cd1ce5120864771bfb4817a1e5865f78c4,Shaden Smith,2020-02-08T22:31:28Z,620322
1799,23a08aebe793ad091deb3bc3edfbca3a74a0ecc8,Jeff Rasley,2020-02-08T01:10:28Z,645595
1800,11a426acea3305e0ddd4e8c1552935ca238bcb40,Shaden Smith,2020-02-08T00:37:11Z,620322
1801,246a284430e37f76e2ab75dcd5bc85edf42f0172,Jeff Rasley,2020-02-07T23:45:10Z,645595
1802,81a708e7ba80c32ce8e95a126406138930684125,Jeff Rasley,2020-02-07T22:58:30Z,645595
1803,c578113aa111c70a3126de5ac579278d0865283d,Samyam Rajbhandari,2020-02-07T22:57:07Z,3409344
1804,ddefa23bd04dda125e4ddb71b4ce304dc4013d67,Jeff Rasley,2020-02-07T22:44:50Z,645595
1805,5a0abc6598ce64bae39bd2f4b6b08ae80c8c093d,Samyam Rajbhandari,2020-02-07T20:11:55Z,3409344
1806,073da7295fa22c216063fbe9bbbf957b160f4680,Shaden Smith,2020-02-07T01:58:55Z,620322
1807,766f030e722b28fcca66f077f9d89bcf502c3de8,eltonzheng,2020-02-06T23:47:07Z,24947394
1808,8326aff2799d5b0e3309a8b67b747276b072a6cf,Olatunji Ruwase,2020-02-06T21:14:22Z,4271600
1809,af81f6f5400e38c5d7a6590bbf6631b9b00faa68,Olatunji Ruwase,2020-02-06T08:04:51Z,4271600
1810,54940278eae9ad4f802ca6269f2d29ea61083c40,Jeff Rasley,2020-02-06T06:39:35Z,645595
1811,23adde4a6b431f0b0d26b22c2acf77bb9152b92a,Jeff Rasley,2020-02-06T06:30:36Z,645595
1812,9f2e54c09ebf126fc1082224831aa8a325c62ad2,Jeff Rasley,2020-02-05T22:58:13Z,645595
1813,bb91a3ef4b3a7a5b5009b501720b80e8227594ef,Jeff Rasley,2020-02-05T19:59:47Z,645595
1814,438aa017730881e48f3957727463556b40314448,Shaden Smith,2020-02-05T19:57:02Z,620322
1815,188f7d4e0b17aac52f6e8d1ede0cd1c36e6fefb6,Shaden Smith,2020-02-05T00:30:37Z,620322
1816,00825428bb6e71c1183e0859e3bf58183c3fd4a9,Jeff Rasley,2020-02-04T22:28:33Z,645595
1817,d68462038f1d5e91355e92b3f2c2d5c40590f39e,Jeff Rasley,2020-02-04T19:36:52Z,645595
1818,52c5a936ed834d4abd396dc69da630512a569b7b,Jeff Rasley,2020-02-04T19:26:13Z,645595
1819,b61a22171d126f496058331e51e8e0a1ea7f1954,Shaden Smith,2020-02-04T17:55:47Z,620322
1820,97f36c114291223a949f2f7b06f16f4780688d62,Shaden Smith,2020-02-04T17:32:08Z,620322
1821,caaae9924de348201277bb39930e52d67f82124c,Shaden Smith,2020-02-04T01:27:23Z,620322
1822,e9b097f1ad5fc6894bd0c56386344da4fffa7d47,Shaden Smith,2020-02-03T20:33:57Z,620322
1823,681001fb6d44f7907d80ceac3ccf07a7f3a6bd36,Jeff Rasley,2020-02-03T20:24:41Z,645595
1824,eb99662d56c2f2135e499c9e30605dcbae21f9b8,Shaden Smith,2020-02-03T20:08:53Z,620322
1825,9a5717e3232da2460bf710a4b126bd23748a82ce,Shaden Smith,2020-02-03T19:48:09Z,620322
1826,98f5131bb6bf252294a63cf1ed38227773112ee5,Elton Zheng,2020-02-03T19:45:15Z,24947394
1827,3bc21cd042f4b64f59b7aaf8bcfdf327d28f3589,Jeff Rasley,2020-02-03T19:37:25Z,645595
1828,d22294ff4a04a62a72a0706e289a0a363aebc22e,Shaden Smith,2020-02-03T19:31:17Z,620322
1829,a5acb5b22dc6ff148c477a6d926282c76d850f3c,Jeff Rasley,2020-02-03T19:12:45Z,645595
1830,d0f930e48fa2fe067f74605df9e3b01b5c0c344d,Jeff Rasley,2020-02-03T19:06:58Z,645595
1831,39066fa2f0b06601ac5ef7f3a2b74d0c484e9de6,Jeff Rasley,2020-02-03T19:04:59Z,645595
1832,b18eae24e897f4844df33eb3688e206ff27cbf2b,Shaden Smith,2020-02-03T18:55:19Z,620322
1833,577295f5fae3dd17f0f8aa32464d3015a46b9aaf,yuxionghe,2020-02-03T18:53:53Z,22330449
1834,7e7b0a8d512d7906f7ddad2f3ab7505c3e032127,Samyam Rajbhandari,2020-02-03T18:48:21Z,3409344
1835,c04ae78a8b50e009792a509070a36a2571e4c8ef,Jeff Rasley,2020-02-03T18:46:47Z,645595
1836,ec79b2390101273e3636e64bafb40fdc5c1954c5,Samyam Rajbhandari,2020-02-03T18:44:11Z,3409344
1837,87c9fe3d64a51883afc5dab1b3403f7645bab6a8,Shaden Smith,2020-02-03T18:25:45Z,620322
1838,7a9fbe67adc431a8d74d930585ee6264660fcb8d,Olatunji Ruwase,2020-02-03T18:15:21Z,4271600
1839,dc226fdb7aae074ce16aa68d088dfde1be654892,Elton Zheng,2020-02-01T01:59:25Z,24947394
1840,8c4e2a30071fdb6b816eb9abdbdad7e9dd0135e2,Shaden Smith,2020-02-01T01:11:52Z,620322
1841,be79aaec178a9397b9c353c3ccf0511647e66f28,Jeff Rasley,2020-02-01T01:05:37Z,645595
1842,78bbde7711fb1de55b6be756ae4d7b55f483ba2d,Jeff Rasley,2020-02-01T00:58:15Z,645595
1843,dd1754fb3ad3462bac737736c51e92c665b2d0e3,Jeff Rasley,2020-02-01T00:56:36Z,645595
1844,3354cff38b7f5f1cba45ffc16a18bbf3c933861a,Jeff Rasley,2020-02-01T00:53:59Z,645595
1845,c53cabb08512c5169ac5cc62f224cf91123fc8e2,Frank Zhang,2020-02-01T00:51:31Z,33713995
1846,08804d905f0bd2f86fe16135c6cdccd86f5b7022,niumanar,2020-02-01T00:42:43Z,60243342
1847,6ef93347ed124bdf0e8a5a8db65c7cc3929dc2d7,Jeff Rasley,2020-02-01T00:16:04Z,645595
1848,69142dbb74ecd0046987bbb86cde54facf179143,Jeff Rasley,2020-02-01T00:14:45Z,645595
1849,e63b6b0113c07d68d603875f46c3c37e720c3fbd,Jeff Rasley,2020-02-01T00:06:44Z,645595
1850,16be6de6f1fd736df64a323419564a56dbd15962,Jeff Rasley,2020-02-01T00:03:36Z,645595
1851,26e5ecab9b6524844a0df454de802da870730df3,Jeff Rasley,2020-01-31T23:57:11Z,645595
1852,b8301c2c5309290419b96590cb0bb37d4f9a9afc,Microsoft Open Source,2020-01-23T23:23:21Z,22527892
1853,c72cb6901232cb704f1a8b19536cadd944561b92,Microsoft Open Source,2020-01-23T23:23:17Z,22527892
1854,3f5b5b63c47aa7375cae7ccaa86a2f573bd4dc2e,Microsoft Open Source,2020-01-23T23:23:16Z,22527892
1855,42f3834f0d1359fd05c1ff485406ccc0810c4bf9,Microsoft Open Source,2020-01-23T23:23:15Z,22527892
1856,461495eae16169fe4505fa796c8c101276f6ed3c,Jeff Rasley,2020-01-23T18:35:20Z,645595
