;ID pull;Name;ID Usuario;Estado;Fecha de creación;Fecha de cierre;ID commit;ID repositorio
0;1553105764;add DeepSpeed4Science white paper;4238238;closed;2023-10-11T22:25:28Z;2023-10-11T22:36:07Z;574fbc0d683b9e4b7151bdeb1056fc57d2868bc5;235860204
1;1552934599;Fix transformers test skipping all tests.;114770087;closed;2023-10-11T20:11:08Z;2023-10-11T21:20:33Z;a85643163d12466fff629a9267b1ddb70f8470d2;235860204
2;1552626676;Fix scale factor on flops profiler;114770087;closed;2023-10-11T17:11:24Z;2023-10-11T21:17:56Z;a25a67a083c8b13fe06735c720f626de34f03409;235860204
3;1552126894;feat(zero): add zero35;32697156;closed;2023-10-11T13:15:35Z;2023-10-11T13:38:31Z;1732da9670e1c5425580c0568d0d7ff922940dcc;235860204
4;1548504646;Add AMD team to CI issue creation.;114770087;closed;2023-10-09T20:45:36Z;2023-10-09T23:50:39Z;10c84f30848337413e8b11a69078169c67cef731;235860204
5;1548409233;Update ROCm verison;114770087;closed;2023-10-09T19:36:53Z;2023-10-10T19:04:19Z;427253b94bf425395d48f494270550bac9ac880a;235860204
6;1548230133;Update DS_BUILD_* references.;114770087;closed;2023-10-09T17:06:10Z;2023-10-09T17:08:29Z;e7acee4933a596cf17fed50376823a5625d85f31;235860204
7;1548218268;Update version.txt after 0.11.1 release;18311180;closed;2023-10-09T16:56:32Z;2023-10-09T16:57:16Z;77a28371630ebb12f9fa058d6adda84e283d6175;235860204
8;1548198784;Fix release workflow;18311180;closed;2023-10-09T16:40:01Z;2023-10-09T16:44:39Z;923f3590ee908d39cfcd3c59d3fc0ae27bbd7e8c;235860204
9;1548178670;testing build process;18311180;closed;2023-10-09T16:24:53Z;2023-10-09T17:06:07Z;168cb9816fc5c13e9729b6ff4bfa0060fcaa01fa;235860204
10;1546058640;Fix torch import causing release build failure;18311180;closed;2023-10-06T22:09:00Z;2023-10-09T03:01:40Z;6b634d0e7e7a7059f9fdf8434b7d92d3da2953ff;235860204
11;1545997864;Add release flow;114770087;closed;2023-10-06T20:52:26Z;2023-10-06T21:44:28Z;2118c635916120553e9cab66e06abe962db391c2;235860204
12;1545815539;Loadams/update release;114770087;closed;2023-10-06T17:56:51Z;2023-10-06T17:57:49Z;;235860204
13;1543420701;Move tensors to device if mp is not enabled;75629718;closed;2023-10-05T10:56:33Z;2023-10-09T03:01:40Z;59d62d614ed4390b82bdb36811fcc55c710510fe;235860204
14;1542862339;DeepSpeed-VisualChat Chinese blog;4238238;closed;2023-10-05T04:43:07Z;2023-10-05T04:49:49Z;2c220d6593772cc00fcb04faa97a56bfd62e4076;235860204
15;1542708555;Update README-Japanese.md;4238238;closed;2023-10-05T00:48:30Z;2023-10-05T00:48:58Z;f63c35b4b31afab3efc0989f9bf4aa22d58d63d6;235860204
16;1542703022;fix blog format;4238238;closed;2023-10-05T00:43:15Z;2023-10-05T00:43:42Z;93a6d7a547d29522a063f67cc205f067d78ef73c;235860204
17;1542690145;Add Japanese translation of DS-VisualChat blog ;81312776;closed;2023-10-05T00:25:37Z;2023-10-05T00:34:36Z;43a7f735943ba12203f09a7991492c9d740f536e;235860204
18;1542415069;CI fix for torch 2.1 release;18311180;closed;2023-10-04T19:38:55Z;2023-10-05T22:31:25Z;4294ea172caad1449af3af5e8941825ced4b5404;235860204
19;1540826719;adding 8bit dequantization kernel for asym fine-grained block quantization in zero-inference;13525892;closed;2023-10-03T22:52:51Z;2023-10-11T04:27:29Z;6c86ff393fbb579a5ca40f104cd70a14d3cb1eda;235860204
20;1540633403;documenting load_from_fp32_weights config parameter;379115;closed;2023-10-03T20:02:16Z;2023-10-04T15:41:14Z;9c22801f5e2992ad9f46f56d1817185adc69fdf0;235860204
21;1540476715;DeepSpeed-VisualChat Blog ;94406484;closed;2023-10-03T18:16:31Z;2023-10-03T22:36:34Z;41744d59f864f8ead56820bd9a1e3dba26628bce;235860204
22;1540449702;DS-VChat-blog-clean;9065216;closed;2023-10-03T17:55:13Z;2023-10-03T17:55:58Z;953d5928ee30fdc4a589b2e8e03e5c030c374662;235860204
23;1540363254;Enable ad-hoc running of cpu_inference;114770087;closed;2023-10-03T16:52:15Z;2023-10-03T17:49:39Z;cd0d2ba2df1b9f38c69b47730d73ca63a2c45320;235860204
24;1538765414;Test fixes + moving dtypes out of the test;114770087;closed;2023-10-02T21:30:53Z;2023-10-03T18:21:26Z;ebc1d3b4dd63af67c9bc7495d7107a407d3bc117;235860204
25;1538726181;Change default `set_to_none=true` in `zero_grad` methods;56836461;closed;2023-10-02T21:05:46Z;2023-10-03T15:49:12Z;2f73b834b59c69f6c2ca1aa1866b33e7135664fe;235860204
26;1537069465;Fix bug in bfloat16 optimizer related to checkpointing;68278821;closed;2023-10-01T15:27:30Z;2023-10-07T20:28:57Z;7ed952eff1c71f7652fe4786a16c8d917f9c37d6;235860204
27;1537002759;fix: check-license;56836461;closed;2023-10-01T12:35:42Z;2023-10-03T17:27:39Z;2c67b58b5f07ed8e08775df8442f5b6a91c16053;235860204
28;1536982690;Small docstring fix;56836461;closed;2023-10-01T11:40:06Z;2023-10-03T17:17:26Z;58a206059fd051b7348e11e6dc95204015cd4014;235860204
29;1536246078;Skip TestModelTask;114770087;closed;2023-09-29T20:02:11Z;2023-09-29T22:00:43Z;81c81baeb2f062e842143db782a9e82e27c4f74f;235860204
30;1536114470;Revert #4363 and re-apply some parts of it;114770087;closed;2023-09-29T17:52:49Z;2023-09-29T22:11:30Z;ec256b145059722f7926e28c4857b27ea050add0;235860204
31;1536095666;Update cpu_inference checkout action;114770087;closed;2023-09-29T17:33:54Z;2023-09-29T22:02:47Z;0636c74c5e27757d48f64f33f330d7bb975fc5a8;235860204
32;1534965481;Fix cpu_inference;114770087;closed;2023-09-28T23:29:15Z;2023-09-29T17:46:54Z;55fa086f74ed822a419350a441602fea011667fe;235860204
33;1534941417;"Revert ""add CPU autotp UT (#4263)""";114770087;closed;2023-09-28T22:49:50Z;2023-10-02T16:18:36Z;6fa2514d3ab0926db7ed1990526b2357d525c952;235860204
34;1534796829;Fix wrong documentation of `ignore_unused_parameters`;46997596;closed;2023-09-28T20:14:00Z;2023-10-03T19:12:58Z;986b5958e2465b608692ff958472a9a016a3e45a;235860204
35;1533225038;Fixup check release version script;114770087;closed;2023-09-27T22:58:08Z;2023-10-03T17:28:57Z;fd98af256e84c9d03432365a3a7648182ea2b696;235860204
36;1532902559;Update nv-transformers workflow to use cu11.6;114770087;closed;2023-09-27T18:18:50Z;2023-09-27T21:11:40Z;58619402b53f531ffc47a80ea45e57877185c62f;235860204
37;1532743464;Get Ubuntu version info;114770087;closed;2023-09-27T16:13:28Z;2023-09-27T16:33:24Z;2a18564f86253fb6eed3235c328754411097f9b8;235860204
38;1531610838;update deepspeed4science blog;4238238;closed;2023-09-27T03:41:32Z;2023-09-27T03:47:14Z;aea10eec5ad07ee6a4e71dcec4221ec0813f5bf2;235860204
39;1531467867;Introduce pydantic_v1 compatibility module for pydantic>=2.0.0 support;27844407;closed;2023-09-27T00:15:57Z;2023-10-09T18:59:30Z;604d701e35548e5407b017c088bdc3760832c9e0;235860204
40;1531239457;Enable control over timeout with environment variable;2779410;closed;2023-09-26T20:01:38Z;2023-10-10T15:56:11Z;706a72562ab6a4276fb0e6a7348a04f8e11bdf79;235860204
41;1530899685;[CCLBackend] Using parallel memcpy for inference_all_reduce;19373651;closed;2023-09-26T15:59:08Z;2023-10-03T15:49:12Z;9a5529145253353434a3f71b7e995bb251ce7372;235860204
42;1529348987;check dimensions and torch no grad;32752809;closed;2023-09-25T18:52:01Z;2023-09-25T22:01:31Z;8594d22ae8bbbcdfdf4db2f60310b2bbc71a661b;235860204
43;1528469211;Fix incorrect assignment of self.quantized_nontrainable_weights;18899212;closed;2023-09-25T09:57:42Z;2023-09-26T17:31:30Z;60bf78454c976c59eb9a77ea9ef92ca863669886;235860204
44;1528436874;origin zero15;48576019;closed;2023-09-25T09:37:19Z;2023-09-25T09:37:49Z;ff6628d0a376bcd920fcd0e3e85f343d9a29baf3;235860204
45;1528279534;Save/restore step in param groups with zero 1 or 2;81312776;closed;2023-09-25T07:57:31Z;2023-09-25T15:09:55Z;f8d3ec7fa142ef590ce602ef9cb15fafb7fff1f6;235860204
46;1527242386;Add torch no grad condition;32752809;closed;2023-09-23T01:22:30Z;2023-09-27T20:59:06Z;e339364127170bd624647231ba153da30e15ef83;235860204
47;1527241169;Add condition when dimension is greater than 2;32752809;closed;2023-09-23T01:17:31Z;2023-09-27T23:06:27Z;28b9d5c2313addde94a1aa17c09eeb97cb792d7e;235860204
48;1526980955;Fix a bug in DeepSpeedMLP;82225080;closed;2023-09-22T18:36:39Z;2023-10-04T01:18:43Z;7099f9933314b239d166671a5a95887a1467608d;235860204
49;1525683697;Allow multiple inference engines in single script;18311180;closed;2023-09-21T22:58:27Z;2023-09-22T23:11:41Z;4c35880b166cbd6756861f9878f7b63fd9383c01;235860204
50;1524022529;[CCLBackend] update API;17159645;closed;2023-09-21T03:38:17Z;2023-10-12T15:42:12Z;4fc181b01077521ba42379013ce91a1c294e5d8e;235860204
51;1523524013;Fix min torch version;4271600;closed;2023-09-20T17:44:46Z;2023-09-20T20:44:25Z;463dea27229ca60faeb782d6ec27b650a981ad0b;235860204
52;1523404391;Fix multinode runner to properly append to PDSH_SSH_ARGS_APPEND;114770087;closed;2023-09-20T16:12:11Z;2023-09-20T18:46:14Z;17957728c0362bf8ae70feca308e491e55ef9feb;235860204
53;1522447948;deepspeed4science japanese blog;4238238;closed;2023-09-20T06:23:51Z;2023-09-20T06:30:58Z;a99e5d3fb7cd08e32b9b37d8913657c8638083e2;235860204
54;1522370621;Openfold fix;17473714;closed;2023-09-20T05:20:11Z;2023-09-20T08:44:17Z;c58146471e7ba7df9791f27bdb6c3f2afa0bd3e5;235860204
55;1522303724;deepspeed4science chinese blog;4238238;closed;2023-09-20T04:12:27Z;2023-09-20T04:27:04Z;3592a22cfe35752a76ba486533555c1fca0b0105;235860204
56;1521935138;add deepspeed4science blog link;4238238;closed;2023-09-19T20:19:59Z;2023-09-19T20:28:19Z;da7a1851c43e9166e4a85564a216d5daa279678e;235860204
57;1521800414;[BUG] add the missing method to MPS accelerator;17418037;closed;2023-09-19T18:27:30Z;2023-09-20T16:25:20Z;727609df4adf55b862f753261493229aa802966c;235860204
58;1521784937;Update conda env to have max pydantic version;114770087;closed;2023-09-19T18:15:10Z;2023-09-19T21:59:27Z;dcf649c3e0e5167dcddb5521e525339a819030e1;235860204
59;1521718336;Enable workflow dispatch on Torch 1.10 CI tests;114770087;closed;2023-09-19T17:20:58Z;2023-09-19T22:24:13Z;dcd3ae195450014b3077b9ebddbd6c668f049a03;235860204
60;1520631882;fix deepspeed4science links;4238238;closed;2023-09-19T04:46:03Z;2023-09-19T04:52:21Z;78c3b148a8a8b6e60ab77a5c75849961f52b143d;235860204
61;1520216930;DeepSpeed4Science;4238238;closed;2023-09-18T20:58:57Z;2023-09-18T23:32:40Z;f876d81d34884aa17f485208e3f823500f49abe9;235860204
62;1518765259;fix cpu loading model partition OOM;55339926;closed;2023-09-18T03:48:08Z;2023-09-29T01:08:07Z;7220e7f8f7099725f5513c3d55add936e7c38306;235860204
63;1518029535;Check inference input_id tokens length;18311180;closed;2023-09-15T23:24:40Z;2023-09-19T19:46:33Z;85334238da42ac153fc1da54bbcc95995bcc28b9;235860204
64;1517748008;Pass base_dir to model files can be loaded for auto-tp/meta-tensor.;9065216;closed;2023-09-15T18:09:38Z;2023-09-15T22:39:16Z;b9d719a6d3877f50b453b70eb0d83241ad9532b3;235860204
65;1516497201;Fix autotune to support Triton 2.1 ;13525892;closed;2023-09-14T23:00:16Z;2023-09-15T02:00:05Z;3f3e9fb11e661cb999ea2c8d6ee5e348235e576d;235860204
66;1516343183;Switch test_compression to use the BertEncoder model from transformers.;114770087;closed;2023-09-14T20:49:44Z;2023-09-14T21:38:25Z;77796d740c9f56e8a6d6babfd777375f2105e631;235860204
67;1516281635;DS-Chat BLOOM: Fix Attention mask;113481193;closed;2023-09-14T19:59:20Z;2023-09-14T22:27:03Z;0c83436a752622f15cf5dce1044e0317d8ea77b0;235860204
68;1516196475;adds triton flash attention2 kernel;13525892;closed;2023-09-14T18:45:49Z;2023-09-21T00:45:37Z;0e0748c579cff3f94dc0609677623d082c9a2132;235860204
69;1516184192;Fix skipped inference tests;18311180;closed;2023-09-14T18:36:33Z;2023-09-15T01:07:30Z;8c7f7fd2fde57d8fceafcf7a5f3b58c08806c50c;235860204
70;1515021306;feat: add Lion;32317100;closed;2023-09-14T06:24:32Z;2023-10-05T23:55:28Z;8e64c3b5509c1251fbd0956e28a3079f8bec4aee;235860204
71;1514430294;Add release version checking;114770087;closed;2023-09-13T19:29:10Z;2023-09-14T19:03:01Z;b5977d41580c375f4f3345ae86910a4e684ffb65;235860204
72;1514403638;pipe engine eval_batch: add option to disable loss broadcast;88962733;closed;2023-09-13T19:07:58Z;2023-10-06T11:53:18Z;f9698c7307d02ce99144ed8941568a4ba9f994ed;235860204
73;1514386811;Pipe engine: Start batch_train timers only for rank 0;88962733;closed;2023-09-13T18:53:37Z;2023-10-06T13:09:06Z;35c5b971c5bafaa8744864c2123a07cd3eb6a563;235860204
74;1514377155;pipe engine: Cache metadata for TP activations and grads;88962733;closed;2023-09-13T18:45:55Z;2023-09-21T10:13:22Z;99a6159ab39b09bbf720e84140e485b2ceaabb04;235860204
75;1514326693;Fix Zero3 contiguous grads, reduce scatter false  accuracy issue;88962733;closed;2023-09-13T18:04:21Z;2023-09-14T17:46:06Z;11aa880efe10546813f19f4228350cb9322235b8;235860204
76;1514185725;Clean up modeling code;114770087;closed;2023-09-13T16:12:20Z;2023-09-13T19:43:20Z;180dd39714a79b1d30bdecfe5c1b2ffe37b30152;235860204
77;1513759683;fix parser bug in launcher/runner.py;38399296;closed;2023-09-13T11:59:55Z;2023-09-13T16:59:39Z;0029ccae594829474309c637c8b1d58da1d33208;235860204
78;1513614114;Update README.md;95188570;closed;2023-09-13T10:17:07Z;2023-09-13T17:20:51Z;48f2192aef5a2918ddd1b07793e1a66fc87964d5;235860204
79;1512806772;Add the policy to run llama model from the official repo;44502768;closed;2023-09-12T21:06:56Z;2023-09-19T18:18:41Z;468882fb68f59eb4b23fa96bf29a0c7666b4dcbd;235860204
80;1512239423;Suppress noise;4271600;closed;2023-09-12T14:25:33Z;2023-09-14T22:48:10Z;3ea42c6e26e9fe060e96c8c3cdd0950d2343823c;235860204
81;1511509509;clear redundant timers;30859191;closed;2023-09-12T07:10:03Z;2023-09-14T19:32:12Z;e20e4a9d02311f4f71b610928916e1c76a22d5e1;235860204
82;1511095632;README update;4271600;closed;2023-09-11T22:17:56Z;2023-09-12T03:14:36Z;581e44dd1ab3c409a5905335867c761d5cb4db5b;235860204
83;1509019377;Update index.md;95188570;closed;2023-09-10T05:21:47Z;2023-09-11T20:10:56Z;04a6fedffd7672de8b2ca01644419631bd866746;235860204
84;1507204350;add multiple experts per moe layer;8621935;closed;2023-09-08T04:20:00Z;2023-09-15T21:06:59Z;50545434be7b6af2f726daa2669b1ba54cd0568c;235860204
85;1506883323;fix complile errors.;9065216;closed;2023-09-07T20:48:15Z;2023-09-07T21:27:30Z;c42bc08d6a537000059e2c404cd8065b8e6f9c62;235860204
86;1506833671;Keep hpz secondary tensor in forward pass;46639297;closed;2023-09-07T19:58:12Z;2023-09-07T22:52:45Z;1f0a44d934b0c0a5005ae035bafa10c34f1b062b;235860204
87;1506558431;Update release and bump patch versioning flow;114770087;closed;2023-09-07T16:02:22Z;2023-09-11T23:36:10Z;8c1eed2e4750d1f8e963f5e85ff38f9053072e46;235860204
88;1506334495;Update README.md;95188570;closed;2023-09-07T13:43:14Z;2023-09-07T15:26:29Z;c55fad9f0c5f870f12376edc054d6d6413eafec1;235860204
89;1505159790;Refactor unit test modeling;114770087;closed;2023-09-06T19:14:26Z;2023-09-14T21:38:45Z;871e0b442228d73e4ee1cf38a9be5f3d32a3d9b8;235860204
90;1505092187;update deepspeed to run with the most recent triton 2.1.0;13525892;closed;2023-09-06T18:19:45Z;2023-09-07T18:33:16Z;e8ed7419ed40306100f0454bf85c6f4cc4d55f34;235860204
91;1504863799;Handle empty parameter groups;4271600;closed;2023-09-06T15:32:33Z;2023-09-13T18:31:09Z;9adc73ff652def660488dfc05e47bd760a711f22;235860204
92;1503571333;check for zero (empty) param groups in llama + hf/accelerate.;9065216;closed;2023-09-05T22:59:30Z;2023-09-06T19:05:15Z;16d8953a3790e46bb47eab86bb48e61fb1351c8a;235860204
93;1503287710;Fix nv-inference/un-pin transformers;114770087;closed;2023-09-05T18:20:29Z;2023-09-06T01:04:00Z;55d9964c59c0c6e23158b5789a5c36c28939a7b0;235860204
94;1503242494;Fix bump_patch_version.py;114770087;closed;2023-09-05T17:41:44Z;2023-09-07T15:09:18Z;1dc251f19aefcd2840d7c8a2db1ebb70703ad9a4;235860204
95;1503167580;added a model check for use_triton in deepspeed;13525892;closed;2023-09-05T16:44:22Z;2023-09-11T23:15:22Z;ffd82bb048b9047e399425beea267b3ff411f9fd;235860204
96;1502693332;fix user args parsing of string with spaces on runner;60373874;closed;2023-09-05T12:05:44Z;2023-09-11T18:16:58Z;e75c285ad78cf2c7f0e8df543f6cb097b3abb55e;235860204
97;1502467830;[CPU] Add CPU AutoTP UT.;55339926;closed;2023-09-05T09:34:03Z;2023-09-27T23:59:25Z;388c84834fca87465aff8bb8f6d85be88fa82ba6;235860204
98;1502213114;Code Refactoring ;97384583;closed;2023-09-05T06:39:29Z;2023-09-05T19:48:10Z;9894c06a2812f3835b44ea7ff7ac3adb02083d9e;235860204
99;1502116055;fix llama lm_head load wrong weight error;82791803;closed;2023-09-05T04:56:11Z;2023-09-20T05:01:07Z;70057eb235033ec9d0830f63dc2046af3c80c610;235860204
100;1501650110;fix zero_sd_list judgment;3692247;closed;2023-09-04T17:16:30Z;2023-09-14T16:52:06Z;c6a10f9a9c0ac3b30d13174c87f968edb2d4b5b1;235860204
101;1499396498;Add release;114770087;closed;2023-09-01T20:36:50Z;2023-09-01T20:37:31Z;c80df115efde8c44fdc1eca2db6f83ff3c66882d;235860204
102;1499306755;Pin Triton version to >=2.0.0 and <2.1.0;113481193;closed;2023-09-01T18:55:43Z;2023-09-01T23:47:53Z;f96c1c0a783bc621bb607ec5b6650c804abfe7df;235860204
103;1497911100;Update README.md;9065216;closed;2023-08-31T21:35:01Z;2023-08-31T21:39:03Z;844eb68570c14c63a31f995caaeff37f2e83dcf5;235860204
104;1497557401;dschat stability blog news items;112220543;closed;2023-08-31T17:28:14Z;2023-08-31T17:45:37Z;d1325abe5106f279d96eaede03e71f85644e6133;235860204
105;1497545817;Add check that opening issues on CI failure requires schedule;114770087;closed;2023-08-31T17:20:01Z;2023-09-05T17:18:21Z;c93e89a38c7aa8e0b7f7e54edce00b6cef1d7fd0;235860204
106;1497540041;Add Mixed Precision ZeRO++ tutorial;46639297;closed;2023-08-31T17:15:38Z;2023-08-31T17:40:03Z;69e89dd552ae82103a3915eacd86f5cbef5ad70b;235860204
107;1497539352;DeepSpeed-Chat Llama2/stability release;9065216;closed;2023-08-31T17:15:13Z;2023-08-31T17:51:27Z;2420e23fc9b960fb5ea4bcde477234d5b53689ef;235860204
108;1496174362;Enable AMD MI200 and H100 to run on branches for testing;114770087;closed;2023-08-30T21:37:29Z;2023-08-31T00:45:38Z;5dbc531328dfd7e33889831995d1af44b698b2e9;235860204
109;1495187016;fix MegatronLayerPolicy to be compatible with the newest ParallelTransformerLayer;5948851;closed;2023-08-30T09:29:01Z;2023-08-31T00:50:18Z;6cbf66613137ab6b4cf6cfa7f61974f9ec5eb9ab;235860204
110;1495085379;fix: linker issues in conda environments #3929;672982;closed;2023-08-30T08:23:56Z;2023-08-30T18:44:18Z;194b0043a9362e64e2de57c90f5e1e43805e0c7d;235860204
111;1494327619;Enable hpz when running with torch.no_grad;46639297;closed;2023-08-29T19:53:02Z;2023-08-31T03:51:24Z;462def451e06f10f12916c49f34800d52ab52446;235860204
112;1490724667;use ```non_reentrant_checkpoint``` fix requires_grad of input must be true for activation checkpoint layer in pipeline train.;27563729;closed;2023-08-26T17:34:41Z;2023-09-06T19:25:29Z;60a3e89eed258e9edfb998266cd2a9d03b7ae781;235860204
113;1490630331;add npu support dtypes;24593680;closed;2023-08-26T11:46:07Z;2023-08-29T15:18:45Z;60d7b0a39da25e78027765e0ca49c95f28653150;235860204
114;1488555804;add ulysses blog index;4238238;closed;2023-08-24T19:08:21Z;2023-08-24T19:15:02Z;d6c2e6b0113af0a06c46d9064a47193233a70e2e;235860204
115;1488517969;Simplify Gradient Attribute Names;114769929;closed;2023-08-24T18:37:35Z;2023-08-25T00:04:06Z;f69031909facf9c703635683189f30191425223c;235860204
116;1488440270;Fixes timer error referenced in #4212;32109055;closed;2023-08-24T17:33:50Z;2023-08-25T01:13:34Z;0b7a760c35c6cfcfb4151d1991555ee9b05ad096;235860204
117;1488403479;Update README.md;16696152;closed;2023-08-24T17:04:35Z;2023-08-24T17:10:36Z;c274e51212e075d2c911bbfdf6e18ede97b89746;235860204
118;1488290263;DeepSpeed Ulysses Chinese blog translation;46639297;closed;2023-08-24T15:44:02Z;2023-08-24T18:55:50Z;63e17769939e67872bfaf3b01014b5d495c3a535;235860204
119;1487895780;Add Japanese blog of DS-Ulysses;81312776;closed;2023-08-24T11:51:43Z;2023-08-24T18:34:25Z;3808273c2a005fea8bcde0e8c41890ecf778d765;235860204
120;1487617712;Fix AttributeError: 'NoneType' object has no attribute 'data' in grad_accum;93233241;closed;2023-08-24T08:37:39Z;2023-08-24T22:49:08Z;6e3c1620cf6bed8571aab589826e1decc8968265;235860204
121;1487567734;fix lm head overriden issue, move it from checkpoint in-loop loading …;36058628;closed;2023-08-24T08:01:47Z;2023-10-05T23:52:28Z;d72edb3b0d1588eee94a6c4fbea07f31aa5fb898;235860204
122;1487231903;Update Ulyssess;16696152;closed;2023-08-24T01:47:59Z;2023-08-24T15:32:45Z;10bef7acc555054ed72febe85e16ab2be712b58e;235860204
123;1487169577;DS-Ulysses formating;16696152;closed;2023-08-24T00:00:30Z;2023-08-24T00:12:18Z;961827be5102ac72dfd07091899d1e3ba9f4de04;235860204
124;1487041684;Ds ulysses news;16696152;closed;2023-08-23T21:14:01Z;2023-08-23T23:35:10Z;5de0662ce41478f76a36baebdab1fc0476620c10;235860204
125;1486821797;Deepspeed-Ulysses blog;16696152;closed;2023-08-23T17:54:29Z;2023-08-23T23:24:52Z;4e5d39fe13d42baf83493e8eb379b4ef55740745;235860204
126;1486820845;DeepSpeed Ulysses tutorial;33713995;closed;2023-08-23T17:53:52Z;2023-08-23T18:10:34Z;b5453990b47db415e03c9abc26cec208e9a26863;235860204
127;1486814756;DeepSpeed-Ulysses tutorial;16696152;closed;2023-08-23T17:48:23Z;2023-08-23T18:33:07Z;55583ef9c06d4d299bd0817679340b4fe8b6ea1a;235860204
128;1486803766;DeepSpeed Ulysses release;16696152;closed;2023-08-23T17:38:50Z;2023-08-23T23:22:30Z;a855405e0b85fdc8346ff5fc0ab4085f18d95a9a;235860204
129;1486794644;ZeRO-Inference refresh;4271600;closed;2023-08-23T17:30:43Z;2023-09-11T17:35:17Z;aa4a7401f8c364c64adfc775346f1defa1113ac1;235860204
130;1485125739;Fix the path in tutorial;38098964;closed;2023-08-22T17:01:29Z;2023-08-22T17:46:20Z;6c684e12901ddd13f0ac48043daf8f581d785445;235860204
131;1484811768;Allow modification of zero partitioned parameters;4271600;closed;2023-08-22T13:52:17Z;2023-09-02T00:54:18Z;a23cda6c3bb27b141b13ba231a53190507bf35ae;235860204
132;1483515050;Empty tensor size check;114769929;closed;2023-08-21T20:13:16Z;2023-08-29T20:00:28Z;57d629a17e93ec73333c80991f5998c585c8730a;235860204
133;1483287804;Permit empty environment variables as unset in `setup.py`;114770087;closed;2023-08-21T17:24:06Z;2023-08-22T03:18:09Z;8fb111c08da1d125db3304421d00b7d8a0df26ad;235860204
134;1483226041;Add unit test to check HF low_cpu_mem_usage_flag ;114770087;closed;2023-08-21T16:41:42Z;2023-08-22T23:41:17Z;9723a8794f0d85158e5564c1a07005bdac992904;235860204
135;1481118128;Pin transformers;18311180;closed;2023-08-18T21:46:01Z;2023-08-18T21:46:10Z;46d859a75da8933e2575556201492f7198a6c9d9;235860204
136;1481060793;Add DSE branch input to nv-ds-chat;113481193;closed;2023-08-18T20:34:00Z;2023-08-18T21:37:19Z;a3540f17f8f81c2923958c9ff74ea3788446beaa;235860204
137;1480618919;Load z3 checkpoints for inference;4271600;closed;2023-08-18T13:51:55Z;2023-08-23T21:54:06Z;6df158733db02a6d921d52443b67a6912054f7e4;235860204
138;1478670393;do allgather only in shared optimizer states groups;27563729;closed;2023-08-17T09:11:20Z;2023-08-21T18:32:59Z;7f3e82fe0902ede54201d50e35d11ae4f3954791;235860204
139;1478186616;Fix nv-nightly workflow;18311180;closed;2023-08-16T23:39:34Z;2023-08-22T16:46:08Z;d9a889d55921e1300ca21b26c85d63e4de8e3a74;235860204
140;1478031794;Fix CI Badges;18311180;closed;2023-08-16T20:24:58Z;2023-08-16T20:27:08Z;bd65eeaf708dfab70e372642284c6af06d506258;235860204
141;1477979874;Fix fused qkv sizing for bloom;112220543;closed;2023-08-16T19:34:58Z;2023-08-29T15:42:08Z;042115c80b11862f1e2cd030fd3747cadf9ef868;235860204
142;1477544358;Handling for SIGTERM as well;114770087;closed;2023-08-16T13:58:51Z;2023-08-16T19:38:52Z;1a2957394638a57950495c17f0e0a4a742eb7226;235860204
143;1476863759;fix autoTP bloom inference when require_tp_fused_qkvw=True;5948851;closed;2023-08-16T05:36:38Z;2023-08-16T19:43:24Z;cbd49ea4683698d415046bd2f591d33e7a39e815;235860204
144;1476427060;Fixes #4151;5234251;closed;2023-08-15T20:08:48Z;2023-08-16T16:18:01Z;740b78050de7d625bfcecf6220e0d9faa74e07fe;235860204
145;1476094029;Remove incorrect async-io library checking code.;114770087;closed;2023-08-15T15:34:01Z;2023-08-15T20:12:34Z;a452301879eeff2c8573cfc9a7491a9353f16cc8;235860204
146;1475346949;add meta onDevice support for LLAMA2;5948851;closed;2023-08-15T02:24:33Z;2023-08-25T00:35:42Z;0712e299205b641ddce7f2c010d45f8fe635ed67;235860204
147;1475290287;Return nn.parameter type for weights and biases;112220543;closed;2023-08-15T00:33:38Z;2023-08-15T21:50:18Z;341cefd2a406f578ee05b3a9d0686553926a7e61;235860204
148;1474743710;Fix nv-nightly workflow;114770087;closed;2023-08-14T16:34:00Z;2023-08-16T20:30:11Z;c83c478e12db19c68f4924d16d64c73e304e31e6;235860204
149;1472417856;Generalize frozen weights unit test;4271600;closed;2023-08-11T22:34:22Z;2023-08-14T20:46:08Z;7a282db8ca81bead4824990adbaf750a414beb15;235860204
150;1472264963;Handle PermissionError in os.chmod Call - Update engine.py;8782894;closed;2023-08-11T19:40:01Z;2023-08-14T20:17:46Z;629b203939a5cbf659c9316cb47c213c67665884;235860204
151;1471964373;Fix ZeRO parameter initialization for tensors with `requires_grad=True`;16078332;closed;2023-08-11T15:13:22Z;2023-08-23T08:36:22Z;426810a254d87d65cbd01a156dc7d90f2a878901;235860204
152;1471570970;Support InternLM;12756472;closed;2023-08-11T10:11:13Z;2023-09-18T19:31:18Z;367d6f9cecb9c6a9150ea0db6fa6e93e4b78e7e0;235860204
153;1470153676;Respect memory pinning config;4271600;closed;2023-08-10T11:16:49Z;2023-08-14T20:50:11Z;9d79cfd1e90cae9306dc1b5837d374b2c9489ac8;235860204
154;1469699156;Zero infinity xpu support;17159645;closed;2023-08-10T05:54:25Z;2023-10-03T15:49:12Z;1760627eb9ce1aa28692ac5a0787a4cb3c11fb91;235860204
155;1469571184;Fix requires_grad of input must be true for activation checkpoint layer in pipeline train.;27563729;closed;2023-08-10T02:45:08Z;2023-08-26T17:37:05Z;d28f87d8aeb349b087be0cdf756a3e34e9c6c274;235860204
156;1469472467;Add DS-Chat CI workflow;113481193;closed;2023-08-10T00:10:13Z;2023-08-17T05:16:56Z;64c670ef021118ed42a98d5dde249f35878a07a7;235860204
157;1469404700;Update torch1.9 tests to 1.10 to match latest accelerate.;114770087;closed;2023-08-09T22:32:58Z;2023-08-11T00:00:08Z;ff7d5275f2aa916cb5f320e0d817154e96f9cdb6;235860204
158;1469092745;tolerating missing optimizer states for MoE [2nd attempt];379115;closed;2023-08-09T18:16:57Z;2023-09-05T19:54:45Z;e801e6d718c386ef90fef7d9576cd40370e6a9cb;235860204
159;1469083548;Add full list of DS_BUILD_*;114770087;closed;2023-08-09T18:08:44Z;2023-08-09T18:13:57Z;d300517fbadfe03631672ee4164c2b1fc293f699;235860204
160;1468881672;feat(activation_checkpointing): add `non_reentrant_checkpoint` to support inputs require no grad;31498041;closed;2023-08-09T15:42:44Z;2023-08-29T11:57:50Z;42c1e916f63883cd52928ba5c730f91827abda49;235860204
161;1468860888;added port argument for ssh;58378553;closed;2023-08-09T15:30:23Z;2023-08-29T18:51:47Z;8145b5e41f777a73fe2afd09b8b8d11650c5a1f2;235860204
162;1468695720;[CPU][Bugfix] Make uid and addr_port part of SHM name in CCL backend;19373651;closed;2023-08-09T14:07:45Z;2023-08-17T12:04:36Z;19e9a7c0284cc886d84afd7ec58721af5e045811;235860204
163;1467692354;Update megatron-lm with the correct version from Megatron repo;114770087;closed;2023-08-08T22:38:19Z;2023-08-08T22:52:21Z;cd6023f1595402fd154eee8ce45c0ad12c965552;235860204
164;1467644313;add deepspeed chat arxiv report;4238238;closed;2023-08-08T21:40:35Z;2023-08-09T03:06:46Z;78d985ab21b126811dc891666c833378b157911d;235860204
165;1467218824;Fix generate config validation error on inference unit tests;18311180;closed;2023-08-08T16:54:26Z;2023-08-08T21:29:26Z;975bcbc0bdec3df7830f95f54906d904aa8add78;235860204
166;1467190310;Disable z3 tracing profiler;4271600;closed;2023-08-08T16:35:07Z;2023-08-08T23:59:18Z;977254c148c1634344434ab41e4b583bcbc4c4b4;235860204
167;1464867186;add type checker ignore;49790022;closed;2023-08-07T09:16:54Z;2023-08-08T15:31:31Z;57a27b0803ce1fb31a24f7df1a00f7f86c912f66;235860204
168;1464778701;use correct ckpt path when base_dir not available;6461246;closed;2023-08-07T08:17:38Z;2023-08-08T23:48:35Z;abe293b40297c5355c3d39224944017891eae132;235860204
169;1462573888;fix typo: change polciies to policies;55081697;closed;2023-08-04T08:52:21Z;2023-08-04T19:03:36Z;4cde5da88e1d24390031a199170d4a2cfb671afd;235860204
170;1462494434;zero_to_fp32 script adds support for tag argument;49790022;closed;2023-08-04T07:51:35Z;2023-08-07T19:37:04Z;241ae39a29ed74caf2d48e40341732475d585768;235860204
171;1462060766;Pass correct node size for ZeRO++;2001145;closed;2023-08-03T21:16:58Z;2023-08-09T03:01:47Z;f0463b4d1fcb1df3d2cafc85ee26b7d55da93c38;235860204
172;1461917246;Fix Issue 4083;114769929;closed;2023-08-03T19:02:42Z;2023-08-09T17:20:33Z;8a8683d343cd0c55be8a6c4c7e568dd23f574a63;235860204
173;1460222485;Fix transformers unit tests;18311180;closed;2023-08-02T18:05:49Z;2023-08-02T22:28:23Z;a7fe3bcc353c072846e4f86acff5cbfd758e2ec9;235860204
174;1458955324;Fix Stable Diffusion Injection;113481193;closed;2023-08-02T01:09:07Z;2023-08-03T19:10:16Z;1ba4098918d69fc3b2081f346802f2b58ac3d96e;235860204
175;1456542651;Disable H100 CI until runners are available.;114770087;closed;2023-07-31T15:41:06Z;2023-07-31T17:18:05Z;2623c03049de30b4c64d3300774da1ea0951e87b;235860204
176;1455417176;enable autoTP for mpt in huggingface model hub without trust_remote_c…;36058628;closed;2023-07-31T02:29:40Z;2023-08-22T15:23:47Z;5e16eb2c939707d0d0062a458d77998fccb3afad;235860204
177;1455040140;fix: remove unnessary `#` punct in the second `sed` command;31498041;closed;2023-07-30T05:10:55Z;2023-07-31T18:04:37Z;e31b40411feda607471eac05d12301b378df67cd;235860204
178;1453715393;update ut/doc for glm/codegen;27563729;closed;2023-07-28T11:57:29Z;2023-08-04T20:31:46Z;85dc854b11a66ec18e0f54e23eb72eeeddf9c81a;235860204
179;1451590763;Spread layers more uniformly when using partition_uniform;56817594;closed;2023-07-27T08:50:54Z;2023-08-03T19:29:49Z;e8318634b4313eaad89842cf4322e1762d34ced3;235860204
180;1451142929;fix: Remove duplicate word the;55081697;closed;2023-07-27T00:29:43Z;2023-07-27T16:33:13Z;389bf6931949ad85ecc0277eefd5bb7f6f5af285;235860204
181;1450591566;[CPU] Faster reduce kernel for SHM allreduce;19373651;closed;2023-07-26T16:34:42Z;2023-07-27T23:56:07Z;7f26bb6ae47c352efeabf52f827108c42a1a55eb;235860204
182;1450525234;Fix deadlock when SHM based allreduce spin too fast;19373651;closed;2023-07-26T15:46:24Z;2023-07-28T17:17:23Z;82c498d947151fc8bbc586031544dc0f5a693cd7;235860204
183;1449582415;[Bug Fix] Fix comm logging for inference;19373651;closed;2023-07-26T05:58:43Z;2023-07-27T19:03:06Z;0b507253e5b424994517cd7f7964c954fc1dadcc;235860204
184;1449285734;Refactor autoTP inference for HE;112220543;closed;2023-07-25T22:58:58Z;2023-08-01T05:52:35Z;94c7233a8bb51e068ff8dd5d3e03f2e9b5ab248e;235860204
185;1448045911;remove duplicate check for pp and zero stage;27563729;closed;2023-07-25T09:21:46Z;2023-07-25T22:03:54Z;e8600b7f7d856ff7cb4b83f311714312e4399505;235860204
186;1447767693;Remove print of weight parameter in RMS norm;37102144;closed;2023-07-25T05:36:06Z;2023-07-25T22:52:22Z;ad661b8e35044b9996e84eee13e78d962dc9f501;235860204
187;1447538144;Monitored Loss Calculations;114769929;closed;2023-07-25T00:21:29Z;2023-07-25T23:11:04Z;eeab613ab888da19e9a46285c6c87f45e5c4ce63;235860204
188;1447324095;Support num_key_value_heads configuration for grouped-query attention.;903890;closed;2023-07-24T20:23:16Z;2023-07-24T21:56:27Z;e11bad6700b194b856b95ccd5e921fecb3d6ea75;235860204
189;1447140071;Pass missing positional arguments in `DeepSpeedHybridEngine.generate()`;16078332;closed;2023-07-24T18:00:03Z;2023-07-25T22:26:37Z;43188ff077c05cc09f30a799d76b7586a9a90cff;235860204
190;1447124533;[zero_to_fp32] 3x less cpu memory requirements;10676103;closed;2023-07-24T17:48:26Z;2023-07-25T11:57:49Z;1cc9caa9c65ee319a8e46abd9a725ff98048d53e;235860204
191;1446195935;add llama2 autoTP support in replace_module;5948851;closed;2023-07-24T07:33:55Z;2023-07-24T23:08:33Z;f3943cf9109226ed3ecf2d5dbb639a11cd925555;235860204
192;1445942045;fix(pipe): make pipe module `load_state_dir` non-strict-mode work;31498041;closed;2023-07-24T03:23:21Z;2023-07-25T23:37:25Z;09601bb811b28fb0db92b6dcb2b737873e6677e8;235860204
193;1444929299;add /dev/shm size to ds_report;645595;closed;2023-07-21T19:38:29Z;2023-07-22T01:20:50Z;19d5c03d0a1f24c85aa2beb2914db5694236580c;235860204
194;1443731052;Re-enable elastic training for torch 2+;114770087;closed;2023-07-20T23:28:12Z;2023-07-21T19:37:02Z;6b2365e4faec59ba86f1af3501bddff661d6aff2;235860204
195;1443641644;Silence backend warning;18311180;closed;2023-07-20T21:47:27Z;2023-07-20T23:48:51Z;11f8e4a5c81ed0553ec1b371fd9d5eee229bdcf0;235860204
196;1443609257;Specify triton 2.0.0 requirement;18311180;closed;2023-07-20T21:08:30Z;2023-07-21T19:11:13Z;8e808392c89efe244b376700c69b5ae2b3a158cb;235860204
197;1443577854;Fix user arg parsing in single node deployment;18311180;closed;2023-07-20T20:41:22Z;2023-07-21T16:49:11Z;0cc2d6ff256312efe1cc05592081267dbac9037d;235860204
198;1443442285;Allow user to select name of .deepspeed_env;114770087;closed;2023-07-20T18:53:45Z;2023-07-20T23:34:07Z;6580a2db17e0a93c7e47878ed64a2c42e1ce931c;235860204
199;1441670791;Make AMD/ROCm apex install to /blob to save test/compile time.;114770087;closed;2023-07-19T20:05:36Z;2023-07-20T00:19:08Z;ceccfa3ef68182384c6db1349fab43b9af3ed7f3;235860204
200;1441350883;polishing timers and log_dist;379115;closed;2023-07-19T16:30:02Z;2023-07-26T18:34:44Z;b354c28b760efb46ff04410739fd574583530441;235860204
201;1441116744;Specify language=python in pre-commit hook;12756472;closed;2023-07-19T14:08:26Z;2023-07-19T19:28:09Z;c79a104cf589b5353f00b02bb06a1352c85148d6;235860204
202;1440655460;[CPU] FusedAdam and CPU training support;19373651;closed;2023-07-19T09:14:53Z;2023-07-25T15:56:01Z;0f5406323cc3d0d1c6314cd39ba4cf27a57c9415;235860204
203;1439933504;Switch to torch.linalg.norm;114770087;closed;2023-07-18T21:04:49Z;2023-07-18T22:57:33Z;a655d7d3f871df223182ba0b4572df6336f09596;235860204
204;1439776892;Engine side fix for loading llama checkpoint fine-tuned with zero3;33713995;closed;2023-07-18T19:01:02Z;2023-07-26T23:25:23Z;15f94ae756476579e4e05781a25897a177bdbf93;235860204
205;1437938939;Avoid race condition with port selection in unit tests;18311180;closed;2023-07-17T19:26:53Z;2023-07-18T22:39:44Z;a1effc9170669859f74f735fb5f10306789e5557;235860204
206;1437829268;[docs] add zero++ paper link;645595;closed;2023-07-17T18:22:17Z;2023-07-17T18:30:16Z;cbf2f61a029db94f7d2329f1a274d31450086770;235860204
207;1437046560;fix(cpu_accelerator): :bug: Convert LOCAL_SIZE to integer;1133777;closed;2023-07-17T10:30:46Z;2023-07-17T17:44:41Z;f5c834a6e0eedd440af85b0f577ca9c8f5624630;235860204
208;1434863356;add lm_head and embed_out tensor parallel;55339926;closed;2023-07-14T14:17:54Z;2023-10-09T11:50:17Z;6763e2de610b006c0fafc2c19a31f6508c920d1b;235860204
209;1433879445;fix Megatron-DeepSpeed links;4238238;closed;2023-07-13T22:48:52Z;2023-07-14T00:47:24Z;4d9654163f843eb0561e7a9d7b383e8b96685f0b;235860204
210;1433793594;Fix inference tutorial docs for checkpoints;114770087;closed;2023-07-13T21:10:26Z;2023-07-13T21:40:52Z;ed34ddcaa9e539a899accbbf921e7b44711217bb;235860204
211;1433684796;MP ZeRO++ ;46639297;closed;2023-07-13T19:34:40Z;2023-08-21T03:50:14Z;7711bdbbd27c62ab4986f35c1ed01a0268fed92f;235860204
212;1433633227;Option to exclude frozen weights for checkpoint save;4271600;closed;2023-07-13T18:56:13Z;2023-07-20T13:03:25Z;0a0819b78554a5130b7c1b31d18779d39421dade;235860204
213;1433624777;Update nightly workflows to open an issue if CI fails;114770087;closed;2023-07-13T18:50:44Z;2023-08-10T00:54:21Z;0c75f4a3f937febc8c15610fcab7b81466b216c7;235860204
214;1433548764;Remove duplicated inference unit tests;18311180;closed;2023-07-13T17:47:59Z;2023-07-18T22:41:24Z;04b1f58e08a5c2ab2e2c7591cf0186666c811311;235860204
215;1433337783;[deleted];69966551;closed;2023-07-13T15:22:49Z;2023-07-13T16:26:44Z;;235860204
216;1432328684;add reproducible compilation environment;41792945;closed;2023-07-13T04:36:45Z;2023-07-31T18:04:37Z;f763b93d94ae149de8f2e0e0c9c8d05ead359493;235860204
217;1432064924;[docs] add xTrimoPGLM;645595;closed;2023-07-12T22:25:59Z;2023-07-13T00:22:26Z;aa54dba02532f3f487cc635dfdace8fa95593db0;235860204
218;1431795124;Re-enable skipped unit tests;18311180;closed;2023-07-12T18:30:29Z;2023-07-20T00:03:28Z;7b850d3d040c350152d6b6664d30ebb78d73802b;235860204
219;1430956948;Update zero_to_fp32.py - to support deepspeed_stage_1;17175484;closed;2023-07-12T09:58:12Z;2023-07-12T21:03:59Z;103884aeee3b92edbd9c447e78d21da6cacac8b4;235860204
220;1430859169;Use device_name instead of device index to support other device;3837401;closed;2023-07-12T08:56:53Z;2023-07-14T20:48:22Z;7528035c1ed884442a13c850c9d01750d1b8d92a;235860204
221;1430654412;add flash_attn as deepspeed ops;86939711;closed;2023-07-12T06:30:41Z;2023-07-14T02:53:20Z;bcd294dcd11cf245a2bee33d5349e8fbb99ddf9f;235860204
222;1430517905;Update Nvidia docker base image;29816911;closed;2023-07-12T04:04:56Z;2023-07-13T19:27:30Z;45cecc05fbcc431324ed1429830c37703fe8a1bc;235860204
223;1430136697;Remove the param.ds_tensor from print;46639297;closed;2023-07-11T20:21:53Z;2023-07-12T01:38:58Z;e59f69a8ff94bade1d06b868d5cc35df6969e556;235860204
224;1430104072;fixing flops profiler formatting, units and precision;379115;closed;2023-07-11T19:53:31Z;2023-07-19T18:50:23Z;488a1b9879ac045537495658ca604dd4b74c0e81;235860204
225;1428513471;fix: change ==NONE to is under deepspeed/;55081697;closed;2023-07-11T00:49:43Z;2023-07-11T18:21:16Z;ce535945e6dacb6ffbf17a7cbf7543fbd86385dd;235860204
226;1427368249;RNNprofiler: fix gates size retrieval logic in _rnn_flops;137808163;closed;2023-07-10T11:50:16Z;2023-07-24T15:53:37Z;f4d18fa2b7184b110963cd3c61451283d678f4c9;235860204
227;1427200981;[CPU] Use allreduce_low_latency for AutoTP and implement low latency allreduce for CPU backend (single node);19373651;closed;2023-07-10T10:02:45Z;2023-07-19T21:47:44Z;1bc3b78423be188ea765d0180ea17e7b52adfe31;235860204
228;1427177018;[CPU] Support HBM flatmode and fakenuma mode;19373651;closed;2023-07-10T09:47:49Z;2023-07-19T03:40:56Z;5dadf68771a7c80824519aeb86880d60e07c8677;235860204
229;1427103930;fix some typo docs/;55081697;closed;2023-07-10T08:59:14Z;2023-07-10T16:24:02Z;55243f3bc8d4e751734ee2000fe3979bd4b6228c;235860204
230;1426837701;skip bcast when enable pp but pp_group_size=1;27563729;closed;2023-07-10T05:50:33Z;2023-07-14T20:48:22Z;05a6cee1f482bd6250bbe2b5f53b256a7345d823;235860204
231;1426823359;fix llama meta data error and LLaMa lm_head wrongly loading error;82791803;closed;2023-07-10T05:40:03Z;2023-08-08T05:22:30Z;1542f1aceeec206febcdfc848a94dfc2d5f88535;235860204
232;1426724055;fix Unable to parse import deepspeed.accelerator;55081697;closed;2023-07-10T03:51:37Z;2023-07-10T23:11:53Z;c5e4f32f131e8935ecd94399f2d1b68ed783ec1a;235860204
233;1426611031;Simplify chain comparisons, remove redundant parentheses;55081697;closed;2023-07-10T02:00:17Z;2023-07-19T03:00:05Z;fc8de76f1d12c40530c7fb1f72418c0f220907d5;235860204
234;1425985749;Create accelerator for apple silicon GPU Acceleration;86844847;closed;2023-07-08T16:03:52Z;2023-07-17T17:43:35Z;31ac29ddb918816fcd52d3c481a18107c7a9ce7d;235860204
235;1425519062;fix memory leak with zero-3;645595;closed;2023-07-07T22:04:32Z;2023-07-10T03:37:45Z;af9a622a748eef2aaf73711c96298c79fdb10781;235860204
236;1424440584;[profiling][mics]Fix some issues for log_summary().;86951221;closed;2023-07-07T10:35:47Z;2023-07-07T20:52:56Z;c520d476791e5b99ec4465f8d1843d6eb2609a31;235860204
237;1423796684;Del comment deepspeed.zero.Init() can be used as a decorator;3837401;closed;2023-07-07T01:52:28Z;2023-07-11T22:22:53Z;e292343d7bf693eb6cc87b7845d41cb6e90a63fa;235860204
238;1423314603;Silence comm.py warning;18311180;closed;2023-07-06T18:26:49Z;2023-07-06T23:18:48Z;b58e0fa92a5fa3012d2c7807357dd97aa2de8bb9;235860204
239;1423256686;Update workflows for merge queue;18311180;closed;2023-07-06T17:39:30Z;2023-07-06T21:53:43Z;52844f495655c6b77971afc9bcd193e640b754be;235860204
240;1421950406;Multiple zero stage 3 related fixes;4271600;closed;2023-07-05T23:16:59Z;2023-07-28T17:17:23Z;7f90ef4bddde0604f80857cf808d4309a1db672e;235860204
241;1421908661;Fix Meta Tensor checkpoint load for BLOOM models;113481193;closed;2023-07-05T22:34:47Z;2023-07-06T06:41:17Z;cc3a7c9cba14dc59ea2618bf756dc98cb2f35c55;235860204
242;1421721461;Separate ZeRO3 InflightParamRegistry for train and eval;46639297;closed;2023-07-05T20:25:18Z;2023-07-06T01:08:35Z;9377921a3fa4f212a6423906e0740121da3f5507;235860204
243;1421485826;Extend HE-Lora test with Z3 support + Fix/add guard in HE for Z3;9065216;closed;2023-07-05T17:24:33Z;2023-07-05T23:21:04Z;db4638d157e6d6fb748f0dc87e15c72e45b58ba3;235860204
244;1421473839;Update pytorch-lightning version in CI;18311180;closed;2023-07-05T17:14:49Z;2023-07-05T17:45:24Z;7c126f431ce8b594871ed3eef72303921c4c40a7;235860204
245;1421361167;Update test_he_lora.py (fix typo);9065216;closed;2023-07-05T15:54:03Z;2023-07-05T17:25:20Z;9586043fb135cf616f06a833cfea2b71e93fb179;235860204
246;1420853488;[Docs] MMEngine has integrated deepspeed.;57566630;closed;2023-07-05T10:41:04Z;2023-07-05T19:06:51Z;385e89d4a81dd1c80e8658ddf0365377d32d9a2b;235860204
247;1417662798;enable autoTP for MPT;36058628;closed;2023-07-03T08:52:16Z;2023-07-27T22:37:01Z;0bafeac491da935ae192bc07ab0e946bb92ac5be;235860204
248;1415004663;Avoid deprecation warnings in `CHECK_CUDA`;309017;closed;2023-06-30T15:10:36Z;2023-07-06T23:18:48Z;9aeba94a8ee130de7f3e66612dcb81f2b58c83df;235860204
249;1414399470;Fix a typo of global variable in comm.py;3837401;closed;2023-06-30T07:13:03Z;2023-07-06T23:34:36Z;c5e55d3d1477eeb839cf84362fb41954712118a6;235860204
250;1414018509;Reduce Unit Test Times (Part 3);18311180;closed;2023-06-29T22:18:42Z;2023-07-12T01:41:58Z;aef6c65ce39d191ca31618b2a995599942574fd9;235860204
251;1413936986;[ROCm] Enable TestCUDABackward::test_backward unit tests;62723901;closed;2023-06-29T20:46:28Z;2023-07-07T02:22:26Z;d24629f4fdaaa92df068de24f926d341f129112c;235860204
252;1413744321;Enable AMD MI200 unit test flow to confirm AMD fixes;114770087;closed;2023-06-29T18:16:28Z;2023-07-20T16:17:28Z;839a5a8b3c88318206388d518ae9f8dcb5cdc537;235860204
253;1413740882;Disable AMD test flows in YML;114770087;closed;2023-06-29T18:13:19Z;2023-06-29T18:14:21Z;c973e15711c6bcd447f6574909ccfcc940b1050c;235860204
254;1413592360;"fix ""undefined symbol: curandCreateGenerator"" for quantizer op";14980050;closed;2023-06-29T15:49:32Z;2023-07-07T21:06:08Z;7e8bcc07d6532a380a7a439741609b058f083ed6;235860204
255;1413359261;autoTP for fused qkv weight;27563729;closed;2023-06-29T13:38:48Z;2023-07-27T22:48:30Z;6b877d2dbc879851dc5f9b7a4fc547eb4a3724b2;235860204
256;1413248672;scripts/check-torchcuda.py: add checking for tensor.is_cuda;10448440;closed;2023-06-29T12:23:33Z;2023-06-30T22:06:37Z;807d1b5dfc630a13a15d5385e3857b5d5387078c;235860204
257;1412507932;Reduce Unit Test Time (Part 2);18311180;closed;2023-06-28T22:57:53Z;2023-06-29T20:54:50Z;fd1d2c64472c1a3061a05eb3b56a3f882199cfba;235860204
258;1411263154;Fix transpose convolution FLOPS profiler (retrieval of out_channels);137808163;closed;2023-06-28T08:54:05Z;2023-07-03T17:43:22Z;c1c1d2496fa12f8548e2ccd22cbf591c8bccd361;235860204
259;1411256697;Fix rnn flop profiler to compute flops instead of macs;137808163;closed;2023-06-28T08:49:11Z;2023-07-06T15:57:46Z;3491e32d72746ec3d990108a23e67b2666b3e0e0;235860204
260;1411244383;Zero3 Fix allreduce optimization for extra large tensor;93904671;closed;2023-06-28T08:39:50Z;2023-07-03T13:11:04Z;d229ff175ebd036b21fc8b5fe95e597c54ec8528;235860204
261;1411121108;Make Ascend NPU available;3837401;closed;2023-06-28T07:02:03Z;2023-07-22T14:08:19Z;23a11a39510e2aefb48236e3d2672a7dcbfc42a3;235860204
262;1410312806;Reduce Unit Test Times (Part 1);18311180;closed;2023-06-27T17:31:35Z;2023-06-28T18:29:47Z;7726fc8d54afd638b8a1ae00397dd6965d898741;235860204
263;1409394696;Fix checkpoint conversion when model layers share weights;5495193;closed;2023-06-27T08:51:53Z;2023-07-19T04:04:41Z;fb9aebbf254d6d4535e42df75cb08b7c1dbd03f2;235860204
264;1408999086;Update zeropp.md;16696152;closed;2023-06-27T02:06:36Z;2023-06-27T15:38:53Z;25e500e8dd8bfb2fe07fe6e7eb6261bd58e6bd71;235860204
265;1408537113;Fix racing condition in GatheredParameters;46639297;closed;2023-06-26T19:16:02Z;2023-06-29T00:43:30Z;f8551b439ea4a849ecb37d148e3bacbffd64121f;235860204
266;1408349665;"Revert ""Prevent hangs in CI during parallel run compilation""";645595;closed;2023-06-26T17:09:30Z;2023-06-26T17:10:13Z;6102d128f2821258eca0ebcd7355c28815197fbc;235860204
267;1406448061;zero/mics.py: use on_accelerator instead of cuda only;10448440;closed;2023-06-25T03:06:54Z;2023-06-29T15:50:57Z;b4626194e4be81c2af20d6fdca8d4771ba34f74e;235860204
268;1406304298;[Docs] `chrome://tracing` is deprecated;15572698;closed;2023-06-24T18:03:45Z;2023-06-26T17:48:34Z;a63f9152b9cfd01a8080b2d1a13f2ac60af35e20;235860204
269;1405795670;Clean opt base;9065216;closed;2023-06-23T23:13:38Z;2023-06-23T23:14:00Z;;235860204
270;1405789594;squash llama to clean opt;9065216;closed;2023-06-23T23:10:34Z;2023-06-23T23:11:51Z;928e3fe65fb6aad14adad497cbb0ed621ed69f3d;235860204
271;1405551582;test pr;645595;closed;2023-06-23T19:35:32Z;2023-06-23T19:46:56Z;73b89918e016832aa6f8bd25fe8812eef7ce1f34;235860204
272;1405430069;bug fix: triton importing error;13525892;closed;2023-06-23T18:02:12Z;2023-06-23T20:07:00Z;f6e2e38ba770748229daf41ae2cb89ecf81eacc4;235860204
273;1405414983;fix import error and add lazy import;645595;closed;2023-06-23T17:51:18Z;2023-06-23T20:08:05Z;216912fa0ab7d3641cd2f77759d336c318fa6e59;235860204
274;1404460543;Add ZeRO++ Japanese blog;81312776;closed;2023-06-23T04:32:11Z;2023-06-23T04:54:33Z;319b64eddde58fe5c1435f9ead47ddac27d3a383;235860204
275;1404458536;adding zero++ to navigation panel of deepspeed.ai;46639297;closed;2023-06-23T04:28:23Z;2023-06-23T04:34:34Z;01b843aae95a27f81967b4d3511bd35f8a734047;235860204
276;1404294744;ZeRO++ chinese blog;46639297;closed;2023-06-23T00:10:06Z;2023-06-23T00:23:33Z;49a0a1bb8e98ecebd094ed24d0bbd3403ba4de98;235860204
277;1404266338;[CI] remove staging trigger;645595;closed;2023-06-22T23:23:54Z;2023-06-23T00:44:58Z;2c62cb4cdc8505456704b31f228d4725d53cca6c;235860204
278;1404011557;[zero] revert PR #3166, it disabled grad clip for bf16;645595;closed;2023-06-22T18:55:13Z;2023-07-03T15:55:41Z;691d246e0216a5c209eff10a7a6ee8c78eed521e;235860204
279;1403968127;All Reduce Requires Grad Check;114769929;closed;2023-06-22T18:18:35Z;2023-06-23T16:35:42Z;e5b1eadb66a869066d7e438f7404662051c0d5a3;235860204
280;1403949326;Llama Tensor Parallel Accuracy Fix;2001145;closed;2023-06-22T18:02:27Z;2023-06-23T16:33:11Z;b7e1010b391304617e9f6e45df5d9c636a5d591f;235860204
281;1403926998;[MiCS] [Bugfix] set self.save_non_zero_checkpoint=True only for first partition group;1150493;closed;2023-06-22T17:43:42Z;2023-07-28T17:30:08Z;8a63754bcef47e91ee6f38640043409d752d12a7;235860204
282;1403916844;[zero] revert PR #3611;645595;closed;2023-06-22T17:34:41Z;2023-06-22T18:56:51Z;fc9e1ee00e673b2ce2a433c4e34c5440e76c9f3e;235860204
283;1402462202;ZeRO++;46639297;closed;2023-06-21T21:12:10Z;2023-06-23T04:20:40Z;e1119d8bcb0f3d514cecfa59ba5762fcb8850003;235860204
284;1402230286;Zero++ tutorial PR;46639297;closed;2023-06-21T18:45:11Z;2023-06-21T18:51:01Z;df1859d6188bd7084c16b4c05ca0ac01374e8b3e;235860204
285;1402157279;fix interpolate flops compute;17418037;closed;2023-06-21T17:51:57Z;2023-06-22T02:15:01Z;a8c182a406991bf5191f5ab4e90a0c0a66e10d93;235860204
286;1401216937;Add GPTNeoX AutoTP support;55339926;closed;2023-06-21T08:30:03Z;2023-07-06T03:42:56Z;d6f622176dd52305d1423210f75c7c25b4373888;235860204
287;1399692063;Add an api in deepspeed engine for adjusting micro batch size during training;15059072;closed;2023-06-20T11:26:35Z;2023-06-23T23:13:55Z;1b888399dcb6dd2fb4d28073c30c690cdb6ce346;235860204
288;1397579342;Fix url in getting-started guide (docs);45468127;closed;2023-06-19T06:01:31Z;2023-06-19T18:23:00Z;044dd0e2c3bf44b98163f15f42343a72b5541078;235860204
289;1396766430;Update deepspeed-chat/japanese/README.md;22633385;closed;2023-06-17T13:02:04Z;2023-06-20T23:14:44Z;1491e14e1dd5690eb7c7fd047e660348715c1e3a;235860204
290;1396513667;Treat empty environment variables as unset in `setup.py`;24918963;closed;2023-06-17T00:09:58Z;2023-08-21T17:43:41Z;937ba1254a25137b22f06f3a9a995d5f9814708a;235860204
291;1393980642;fix the bug of save model in the bf16+zero1+pp mode;25739631;closed;2023-06-15T11:50:33Z;2023-06-16T02:01:24Z;96f452fe124ea645e1b36bc94fd8021d07c13e97;235860204
292;1393211607;add Chinese Zhihu social account;4238238;closed;2023-06-14T23:13:28Z;2023-06-14T23:20:50Z;b692d236d50a3cf7716653fc1d98166bd5385ae5;235860204
293;1392819663;Add H100 workflow and status badge.;114770087;closed;2023-06-14T17:28:16Z;2023-06-21T16:48:08Z;dd593410012c0c52db45f6b084859d44775c6398;235860204
294;1391712758;fix autoTP checkpoint load for OPT models;5948851;closed;2023-06-14T05:52:35Z;2023-06-14T06:03:20Z;235878b27ba2116532fa6df9dea95515e109ab52;235860204
295;1391471526;DeepSpeed-Triton for Inference;13525892;closed;2023-06-14T00:33:46Z;2023-06-23T02:41:40Z;4dc65f7b99f57c3d6e93221011ef5e36dd48a966;235860204
296;1391212754;Fix output transpose dimension bugs;114770087;closed;2023-06-13T19:45:06Z;2023-06-13T23:51:31Z;cd911f9ab2213edb0c8781bd5fd604c37c020dfb;235860204
297;1391020416;Update apex installation to resolve apex's pyproject.toml issues.;114770087;closed;2023-06-13T17:09:50Z;2023-07-05T22:20:06Z;59c9b0914f93b90b71dfcd46b9d169d28747deb4;235860204
298;1389551177;Fix apex install bugs;114770087;closed;2023-06-12T22:27:41Z;2023-06-13T16:57:29Z;1b40182312a038342c713df4c517359d8b2ee48a;235860204
299;1388765078;Zero3 Fix allreduce optimization for extra large tensor;93904671;closed;2023-06-12T13:56:53Z;2023-06-28T08:36:57Z;965e79e4e9069c7581a27dc0bed7e9c39468626f;235860204
300;1387850317;fix hybrid engine mlp module;21351065;closed;2023-06-12T03:02:59Z;2023-06-13T21:44:48Z;45466afa34aa25da004cc0032952576efb6d0538;235860204
301;1386610183;FP8 unittest for H100;114769929;closed;2023-06-09T18:53:44Z;2023-06-12T16:44:02Z;6f4fc30b5823f0a6222617a99093e6ab7f52c1a4;235860204
302;1386460579;Single Node is using unreferenced pdsh kill cmd while terminating;30946547;closed;2023-06-09T16:37:51Z;2023-06-09T19:24:15Z;26b3e73298616f51258d26f9d3ba377a57c5989b;235860204
303;1386047445;remove UtilsBuilder load, use torch (un)flatten ops;27563729;closed;2023-06-09T11:38:42Z;2023-06-14T20:06:03Z;5a5340d03bc216afd4060bc44ceaf965e0187251;235860204
304;1385328933;Account for expert parameters when calculating the total number of pa…;775207;closed;2023-06-09T01:23:30Z;2023-06-15T17:07:16Z;9a8f6a1d3c603f352c2ec923c7b575cd1595dfaf;235860204
305;1384948245;Update Dockerfile with newer cuda and torch.;114770087;closed;2023-06-08T18:36:42Z;2023-06-09T19:31:03Z;a65f6b9e9b6375395fb60eabbe0a29cd2007fc62;235860204
306;1384201241;fix typo name of hybrid engine;21351065;closed;2023-06-08T10:29:39Z;2023-06-08T16:38:06Z;f570e42b7aa173a844a06ff952178b499d307fb6;235860204
307;1383666275;DeepSpeed overview in Japanese ;4238238;closed;2023-06-08T03:09:21Z;2023-06-08T03:20:46Z;df425097869214c3371d74a4cbd7c506bea3cef7;235860204
308;1383662862;fix error :Dictionary expression not allowed in type annotation Pylance;55081697;closed;2023-06-08T03:05:20Z;2023-07-06T14:46:59Z;97e7b8410ccfc5e68c574b2a4d54b3ff77bee206;235860204
309;1383556623;[MoE/ZeRO] add moe support to non-CG zero-1;645595;closed;2023-06-08T00:48:16Z;2023-06-14T18:05:02Z;7b56ba7d6ba98ce9b3649d301e9ad4f1d491d705;235860204
310;1383126640;Small tweak on cuda version mismatch documentation;133466;closed;2023-06-07T17:51:25Z;2023-06-07T23:59:35Z;d414678df77c8a6fb4bc112fb0aa3bd81d677d3f;235860204
311;1383116488;Update dockerfile;114770087;closed;2023-06-07T17:44:13Z;2023-06-07T23:59:52Z;5f7db5a2d105fafa594d3bc1bdf21117d3f665fc;235860204
312;1383077116;Fix typo in name of hybrid engine function;114770087;closed;2023-06-07T17:11:15Z;2023-06-08T18:19:41Z;fc8e5c8858206802ab1b454d67b8c937e3e9ce9b;235860204
313;1383032336;Clean opt;9065216;closed;2023-06-07T16:41:10Z;2023-09-21T20:54:12Z;b9aad1fe2159dedce503a6171d286e8db9ed55ef;235860204
314;1382922071;"Revert ""fix typo name (#3689)""";114770087;closed;2023-06-07T15:29:17Z;2023-06-07T16:56:22Z;7e59ef12300032fc50683fae534cbd41ec1475b0;235860204
315;1381801688;change partititon_name to partition_name;55081697;closed;2023-06-07T02:28:51Z;2023-06-07T22:33:44Z;c5edc91ecb5a080d8110f2b4dfbc323f8f767116;235860204
316;1381657245;Fix incorrectly formatted f string in hostfile checking;114770087;closed;2023-06-06T23:13:19Z;2023-06-06T23:42:14Z;d8aaa581223f00f84645629d4c0e31879827937f;235860204
317;1381633948;Fix unit test typo in tests/unit/ops/transformer/inference;18311180;closed;2023-06-06T22:47:19Z;2023-06-07T23:53:37Z;fb2b4ab11a5a2bbeb998b82aba1205d2bdd06152;235860204
318;1381446214;Include cublas error details when getting cublas handle fails;133466;closed;2023-06-06T20:08:03Z;2023-06-13T20:12:27Z;46bb08c2df725fce1d49cf27341dec0d42a0e0d5;235860204
319;1381293983;Correct world_size/backend for mpi;30946547;closed;2023-06-06T18:12:47Z;2023-06-06T23:36:25Z;c17313fb241ddf4ccc8c2b8b135cbcc5e9e89ce5;235860204
320;1380361026;fix typo name of hybrid engine func;21351065;closed;2023-06-06T07:57:44Z;2023-06-06T23:43:30Z;f2f5f21b52a82de75c85abd190ecd328ce762c5a;235860204
321;1380076811;Update README to add ICS'23 paper on Tensor Parallel MoEs;16764680;closed;2023-06-06T02:56:53Z;2023-06-06T13:48:50Z;2d737eddcc44c838a8bc7f934d7dd9cc31bd2b9c;235860204
322;1379929585;fix typo texts/unit/ops/transformer/interface;55081697;closed;2023-06-05T23:45:59Z;2023-06-06T22:58:10Z;b5045a0aef8fa8fe8e88d878a734556983e23dfe;235860204
323;1379900421;Increase tensor creator coverage;4271600;closed;2023-06-05T23:09:54Z;2023-06-08T23:49:35Z;046afcedb4f975ea082f778796ae7ebbf961cf60;235860204
324;1379417263;[MoE] remove deepcopy to avoid incompatible torch.jit.script modules.;9065216;closed;2023-06-05T17:42:32Z;2023-06-05T23:50:24Z;b953696a2b819cee50322d10940d8deaafd54756;235860204
325;1379315738;Use logger in accelerator;4271600;closed;2023-06-05T16:24:26Z;2023-06-06T02:20:26Z;e5fe5f65e8be68364210f0173f1d1c4ab58a4ab7;235860204
326;1378010505;fix some typo;55081697;closed;2023-06-05T00:21:29Z;2023-06-05T22:22:53Z;3fb3cfdced941d8c7856c020812054141f8eab2c;235860204
327;1377137511;Fix initialize_ds_offload invalid keyword argument name in MiCS_Optimizer (offload_optimizer_config --> offload_param_config);57588340;closed;2023-06-03T17:30:44Z;2023-06-15T20:02:42Z;3d7ccd4f46d7cfd4b85bd3892b2d693a2f4e4ebf;235860204
328;1375673947;fix vector matmul transposed mode out size error;17606906;closed;2023-06-02T12:06:52Z;2023-06-13T21:48:52Z;8823ff7990b28adab17658e009f41970a2acfb77;235860204
329;1375661201;fix vector matmul transposed mode out size error;17606906;closed;2023-06-02T11:58:44Z;2023-06-02T12:00:06Z;e654b7076f2958c7fdd68c88b12b1f2e74aff812;235860204
330;1375034139;Fix Autotuner get_gas_from_user_config;6890059;closed;2023-06-02T02:47:56Z;2023-06-13T18:11:08Z;09332dbf9f902359c1d5111090e3618a97331595;235860204
331;1375027318;fix typo deepspeed/runtime;55081697;closed;2023-06-02T02:34:04Z;2023-06-02T17:51:05Z;5d14afd26ce89be4d4e6ebdf8fb6a943aebd4aa3;235860204
332;1372652767;Skip tests on docs-only changes;18311180;closed;2023-05-31T17:52:39Z;2023-05-31T17:53:31Z;8b8c7031fb9b3530fea0ede2c869e9099864e49a;235860204
333;1371714259;[Bugfix][CPU] Remove C++ version in CPU OpBuilder;19373651;closed;2023-05-31T08:40:47Z;2023-06-09T18:02:11Z;8bfbb0e3caf394dbb5d64a6fdf26a09336dc1909;235860204
334;1371497262;fix ccl_backend and residual_add problems;5948851;closed;2023-05-31T05:45:17Z;2023-06-15T18:47:00Z;3f5e4931098bf533f8217afb6d986c90f81aed80;235860204
335;1371268765;Update megatron.md;13675;closed;2023-05-30T23:38:14Z;2023-05-31T17:53:57Z;8f459c50e79528eb2a2612f3a1ea280af6afe883;235860204
336;1371238154;Add FALCON Auto-TP Support;44502768;closed;2023-05-30T22:52:59Z;2023-07-05T20:01:03Z;f3c93b056d55d8a52b123115ec853596da368211;235860204
337;1371218895;Fix gpt-j inference issue;44502768;closed;2023-05-30T22:27:05Z;2023-06-07T19:38:46Z;34a9fbf1a3f1c5b992bcea92b1b1aa8ba9ea5cc0;235860204
338;1371210939;non-JIT build fix on ROCm;62723901;closed;2023-05-30T22:15:27Z;2023-06-06T16:25:13Z;4cd0a003f5b6744a3455c34ad0d20364a8627b30;235860204
339;1370868021;AISC launcher fixes;645595;closed;2023-05-30T17:54:18Z;2023-05-30T19:07:31Z;49a73549b91cc0a589d3a44e59dd4687e774d296;235860204
340;1370670342;deepspeed/comm/comm.py: fix typo of warning message;10448440;closed;2023-05-30T15:21:07Z;2023-06-01T16:02:18Z;3b299997610e4a93a506bc617584f2845a2051ea;235860204
341;1370418850;[CPU] Skip CPU support unimplemented error;55339926;closed;2023-05-30T12:57:30Z;2023-07-19T20:49:13Z;7290aace9b966c671512559ab9912f6a0f89c361;235860204
342;1369868430;stage3.py: do not scale if gradient_predivide_factor is 1.0;10448440;closed;2023-05-30T06:29:22Z;2023-05-30T20:54:06Z;52907a661c558044a428eaf9e8a54331d862b5c2;235860204
343;1369678633;enable pipeline checkpoint loading mode;18640128;closed;2023-05-30T01:20:01Z;2023-08-09T12:31:32Z;1e0c39c6bf54f7b3f0ac1c31a34e3cabbd2c3c9d;235860204
344;1367955530;zero3 performance optimizations;93904671;closed;2023-05-28T12:35:47Z;2023-06-08T16:29:17Z;0977106ac902f194e25d839bc2c0bdfbe6e33549;235860204
345;1367731212;Typo Correction;886059;closed;2023-05-28T05:16:25Z;2023-05-31T18:00:58Z;e02b8d0bd06fd5e3d65c4bc410708ee2443334c7;235860204
346;1366760056;Re-enable GPT-J unit tests and refactor inference tests;18311180;closed;2023-05-26T18:47:07Z;2023-06-28T19:33:56Z;78b769359152e3c935c1d2ccd0ce5b3cc92e237e;235860204
347;1366505125;Batch scheduler;74274091;closed;2023-05-26T15:04:07Z;2023-05-26T15:08:55Z;;235860204
348;1366481762;Refactor check_enabled root validator in DeepSpeedMonitorConfig;11869756;closed;2023-05-26T14:50:21Z;2023-06-02T17:54:01Z;4559aa9b02bf9f113951e0092ebecc21debf8e20;235860204
349;1365239559;DS init should not broadcast or move zero.Init models;4271600;closed;2023-05-25T19:29:44Z;2023-05-25T20:35:50Z;d39c311fc69bc5cba663b72880bbc28987152b69;235860204
350;1365133046;data efficiency bug fix, avoid invalid range step size;4238238;closed;2023-05-25T18:03:40Z;2023-05-25T19:13:44Z;736bf1853b76d9fb8a3f04da83a7c6810ddf58d2;235860204
351;1364876851;Fix llama meta tensor loading in AutoTP and kernel injected inference;6374697;closed;2023-05-25T14:44:32Z;2023-09-20T21:50:57Z;4fc2c8e7d583977b17a4ce09cb5f364cbdd229e3;235860204
352;1363416144;fix   #3554 dimension-related bug;35376518;closed;2023-05-24T16:02:02Z;2023-06-13T21:48:34Z;89b331fd70fc226088023305c753f89188225585;235860204
353;1363131790;fix opt-350m shard loading issue in AutoTP;36058628;closed;2023-05-24T13:32:05Z;2023-07-27T22:35:01Z;76953a37b7a13dd727c0a8ee02fd47dc0364e891;235860204
354;1361981746;Params for Callable Optimizer;114769929;closed;2023-05-23T20:10:15Z;2023-05-23T23:51:29Z;116f3f76982e57938f4e121e9f24cdc3febadce9;235860204
355;1361883754;Fix op_builder against PyTorch nightly;2453524;closed;2023-05-23T18:47:14Z;2023-05-24T23:27:33Z;6622776cecb15831dfec96f892921447750e5b69;235860204
356;1361008368;Add Ascend NPU accelerator support;24593680;closed;2023-05-23T09:24:06Z;2023-05-31T14:24:24Z;f3c8eacafc5f3061b67e2db1f98aba319b378eb5;235860204
357;1359734973;Support model declaration in zero.Init context;81312776;closed;2023-05-22T18:39:46Z;2023-06-26T22:19:42Z;203ac9d7ac32f4ed2c2da6d54ccc8ed8346a1699;235860204
358;1358729881;Improve inference-generation accuracy (with more precise attention computation);44502768;closed;2023-05-22T07:51:21Z;2023-05-23T23:05:00Z;4d95981a1f52f7d129b6a671d122e6ba5efd2045;235860204
359;1358376042;Test cuda 11.7;44502768;closed;2023-05-22T00:49:18Z;2023-08-14T16:23:21Z;;235860204
360;1358374861;test;44502768;closed;2023-05-22T00:44:56Z;2023-05-22T00:45:29Z;52b0259e4367ef0facd3ba59d3ab7c9f0e269a6c;235860204
361;1357551367;Fix Hybrid Engine for BLOOM;113481193;closed;2023-05-19T19:05:02Z;2023-05-23T18:47:00Z;766798849144fdb51e81204370d4e9411a34cafc;235860204
362;1357329088;[profiling]add show_straggler argument to log_summary();19373651;closed;2023-05-19T15:37:54Z;2023-06-30T10:57:26Z;5d1124f2aaff1af3dd1fab8f142ae09cc25cc228;235860204
363;1357322569;Add straggler effect to communication logging;19373651;closed;2023-05-19T15:31:44Z;2023-05-19T15:32:06Z;9180131aaa121dfb78d7a8933340d19a1f0671ff;235860204
364;1357231083;checking process_group before merging bucket ranges (#3521);379115;closed;2023-05-19T14:21:04Z;2023-06-30T14:40:14Z;2ded2ff0be6ef5f1e592af7d2f7e05c1151a8d44;235860204
365;1357221652;Profiler enhancements: adding memory details to profilder, adding dtype breakdown for memory and params;379115;closed;2023-05-19T14:14:41Z;2023-07-11T19:41:36Z;9a9370b938afeecfb33848967b1b3b4fdbc9e9ca;235860204
366;1356572423;Add comma to fix upstream DeepSpeed bug;7449128;closed;2023-05-19T04:47:41Z;2023-05-19T05:25:46Z;af8421f08b822ec053c8309abb7bf5aa50c2f746;235860204
367;1356246382;Consecutive hysteresis;10281105;closed;2023-05-18T20:33:47Z;2023-05-18T20:34:16Z;77fcc1ed5f55a5ad872d0c12d856b1ddbf619072;235860204
368;1356232153;Profiler enhancements: adding memory details to profilder, adding dtype breakdown for memory and params;379115;closed;2023-05-18T20:20:23Z;2023-05-19T14:13:56Z;7b5382864472802ffc9476f776923e39f73f9d2b;235860204
369;1356168710;Handle None in `update_mp_params` to support BetterTransformer;10364161;closed;2023-05-18T19:17:54Z;2023-09-15T22:30:08Z;200a420f661531de653db7eff09bf6de57f045d4;235860204
370;1355230219;Fix RuntimeError when using ZeRO Stage3 with mpu: #3564;15099669;closed;2023-05-18T06:37:16Z;2023-06-01T18:40:36Z;f5dde36c1af9fe6b166ed05d381f546f53dcebce;235860204
371;1354995624;Fix LoRA Fuse/Unfuse in Hybrid Engine;5178350;closed;2023-05-18T00:48:08Z;2023-07-05T12:42:43Z;d81dfdabcc47e9831f1e123ee91367075e6956f7;235860204
372;1353784316;fix typo;27563729;closed;2023-05-17T09:13:56Z;2023-05-18T19:13:38Z;d1c3c0df5318cbcb2b221d38d4127dd566f4984d;235860204
373;1353158999;Expose Consecutive Hysteresis to Users;10281105;closed;2023-05-16T21:28:37Z;2023-05-25T20:53:18Z;0411a9f871dafc44ac498e0028d3036da86d53bb;235860204
374;1352861401;Fixing bf16 test ;114769929;closed;2023-05-16T17:18:16Z;2023-05-23T16:23:42Z;49d399cd284535129f82cc5fd25a580f35c1c6e1;235860204
375;1351641646;fix typo with deepspeed/ ;55081697;closed;2023-05-16T01:03:03Z;2023-06-02T00:47:14Z;cd4e473ee613a3c5d0b70769c5ec19a7fc8a453b;235860204
376;1349960800;fix typo in comments with deepspeed/ ;55081697;closed;2023-05-15T01:05:41Z;2023-05-15T19:20:46Z;c8d3f5eb196423083f75dc23b5d4b4bcdd222e55;235860204
377;1349080416;Fix Bug in transform.cu;62723901;closed;2023-05-12T19:02:14Z;2023-06-23T19:03:05Z;a204edc7b3c631f64ff85e777592682e15b0e957;235860204
378;1349047677;Update SD and SparseAttn to latest triton;114770087;closed;2023-05-12T18:28:11Z;2023-07-20T21:11:07Z;bbe4fb3073cc8420573078e7b8acf8109428c482;235860204
379;1348986765;[ROCm] Hip headers fix;62723901;closed;2023-05-12T17:24:17Z;2023-05-16T13:07:28Z;5147b90aa4477c4a3914c4ca10e701f30753837d;235860204
380;1348089233;Fix attribute error when loading FusedAdamBuilder();62723901;closed;2023-05-12T05:29:11Z;2023-05-16T21:57:20Z;2fc56841e8525dfdfe9f14cda51505af2d71cd8a;235860204
381;1347992073;change actions/checkout@v2 to v3;55081697;closed;2023-05-12T02:58:04Z;2023-05-12T15:47:05Z;b3956dc9e3c7af8d802a48f145a5e99b0b73e772;235860204
382;1347957471;fix typo with docs/;55081697;closed;2023-05-12T01:52:06Z;2023-05-12T17:06:19Z;d73f99d8550831311c0c118c169ad480c11d8852;235860204
383;1347711832;checking process_group before merging bucket ranges (#3521);379115;closed;2023-05-11T20:43:56Z;2023-05-18T18:37:42Z;9ac47187a568cd1cf073d67889ef06beb019e6aa;235860204
384;1347510571;Doc updates;10147276;closed;2023-05-11T18:05:02Z;2023-05-12T19:00:36Z;82991df05419828d65cbb658efc01b50c135ea00;235860204
385;1346939642;"removed hardcoded ""eth0"" in OpenMPIRunner";91251307;closed;2023-05-11T11:36:51Z;2023-05-19T14:11:46Z;773509ba9f532d3f2074f6f7204caba492fd3be2;235860204
386;1346715637;fix spelling error with deepspeed/runtime/;55081697;closed;2023-05-11T09:06:49Z;2023-05-11T16:34:19Z;254663a28cffcd83ecfa265f9accb474e7ae0506;235860204
387;1345862976;Hybrid Engine Fix Llama;113481193;closed;2023-05-10T18:16:55Z;2023-05-11T02:29:08Z;194053bd58947ac6a45363ba780c9dfb127d3064;235860204
388;1345490697;Update README.md;10147276;closed;2023-05-10T14:00:41Z;2023-05-10T18:30:39Z;b303fa8b5b27bb7f27d8d9f2ceab8da3f41ba8e6;235860204
389;1344795852;Align InferenceEngine to store ms in _model_times;19345135;closed;2023-05-10T06:34:34Z;2023-05-27T00:17:26Z;d755b9d616bac5d830e6025dc7d0ca10d45d4ba8;235860204
390;1344140858;Fix bug in Hybrid Engine;18311180;closed;2023-05-09T17:48:49Z;2023-05-12T21:40:48Z;1824cb5570b9529567d28904e95ac6dc1d6c0a71;235860204
391;1343573454;Fix spelling errors in DeepSpeed codebase;55081697;closed;2023-05-09T10:38:26Z;2023-05-09T16:54:06Z;198166423d9f2bd8c03a62bc4d8b1c0e74e31b19;235860204
392;1341651152;Fix spelling errors in comments and documents ;55081697;closed;2023-05-08T07:03:18Z;2023-05-08T20:33:36Z;87edbc8dcee81db66138bca1c3cc0055f7106d68;235860204
393;1341352122;Build: Update license in setup;69937719;closed;2023-05-08T00:45:36Z;2023-05-08T17:16:05Z;f3f4c44959a9dfff48c4c3f3480bb05b10e629e3;235860204
394;1341149383;Fix spelling error in function GetMaxTokenLength();17606906;closed;2023-05-07T14:08:59Z;2023-05-08T22:52:56Z;f1fab902c8248d7838d9206ce47cdaf4ae1e37ec;235860204
395;1340780997;delete the line to keep user_zero_stages;34998703;closed;2023-05-06T13:44:08Z;2023-05-09T20:17:30Z;99dfac9ad09ed4462b6461058620985e490fd9dc;235860204
396;1340236894;share inflight registry between PartitionedParameterCoordinators;46639297;closed;2023-05-05T18:22:37Z;2023-05-15T13:38:23Z;4716b0f7691f6e58842fc522b48a54090b784ca8;235860204
397;1339758847;fix regression in shard checkpoint loading in AutoTP Path caused by qkv_copy() is deleted and add UT case for shard checkpoint loading in AutoTP;36058628;closed;2023-05-05T11:40:18Z;2023-05-10T10:52:44Z;b31b46c0d100f93295eb33ce54c03d093c053b62;235860204
398;1339285400;fix some spelling error under doc/;55081697;closed;2023-05-05T03:08:35Z;2023-05-08T22:37:29Z;1edd1d82249e5f2f2e4e0e53a466baca093188c8;235860204
399;1339192054;Skip autoTP if tp_size is 1;112220543;closed;2023-05-04T23:55:43Z;2023-05-11T18:22:44Z;5979ece8a256726976ecd21a08c2901ab3355ba0;235860204
400;1338001347;fix spelling error with  docs/index.md;55081697;closed;2023-05-04T08:30:27Z;2023-05-09T17:50:30Z;58c4d230920f10b9a0c33891b6cb88afc1a6a5f4;235860204
401;1337941760;Fix a type error on bf16+Pipeline Parallelism;86951221;closed;2023-05-04T07:44:51Z;2023-05-09T04:25:36Z;195563a2c5dd865c2f56df133e14249c1387171c;235860204
402;1337867428;[MiCS] [Fix] saving and loading model checkpoint logic for MiCS sharding;1150493;closed;2023-05-04T06:52:43Z;2023-06-05T00:26:47Z;c88af2143248e4655d401f9231317f3c76018057;235860204
403;1337222213;Allow users to use mis-matched CUDA versions;18311180;closed;2023-05-03T19:16:10Z;2023-05-03T23:59:09Z;d2e6110e23bc9169e9238a467492f2b66185523c;235860204
404;1337206618;Doc corrections ;10147276;closed;2023-05-03T19:06:16Z;2023-05-08T17:22:01Z;4132118054b3c0458baee150e24d55322cf3c2f2;235860204
405;1337143716;Syncing FusedAdam with new Apex features;114769929;closed;2023-05-03T18:12:28Z;2023-05-15T16:09:23Z;9685eb92ab98ea4534fbfce21e303f396575f7e4;235860204
406;1336864565;Fix a bug in the implementation of dequantization for inference;82225080;closed;2023-05-03T14:59:22Z;2023-09-14T22:35:13Z;9bf77782b2597e4c1b73988b553899245516097d;235860204
407;1336519601;Update 2020-09-09-sparse-attention.md;10147276;closed;2023-05-03T11:08:24Z;2023-05-03T16:11:13Z;e0e808503e25aaeb3cb32c83464bdda6f41462b8;235860204
408;1335784544;Changing monitor loss to aggregate loss over gradient accumulation steps;114769929;closed;2023-05-02T20:10:12Z;2023-05-11T20:16:35Z;4d269c6e4db390c2b427decc863e0a29df2fa99f;235860204
409;1335318807;Avoid non_blocking copy from GPU to CPU;132277730;closed;2023-05-02T14:12:01Z;2023-05-21T09:17:09Z;a4ac5d1567e1b14b33f6bed6360270d67a78fc9d;235860204
410;1334402664;Hybrid Engine Refactor and Llama Inference Support;2001145;closed;2023-05-01T22:00:57Z;2023-05-04T00:20:08Z;0a61d5d66462d51c6d867ab58479adf94f59de97;235860204
411;1334371442;Update PyTorch Lightning/DeepSpeed examples links;114770087;closed;2023-05-01T21:30:58Z;2023-05-01T23:18:38Z;b2ac7f6333e1c621a0e5a03e7b214f00bcda441a;235860204
412;1334221218;Update megatron-lm package;114770087;closed;2023-05-01T19:50:25Z;2023-05-09T18:08:55Z;cf3b814d5c65f50740645f2d9aed9985919588d6;235860204
413;1334006069;Try to fix megatron version;114770087;closed;2023-05-01T16:22:22Z;2023-05-01T16:24:50Z;877743ca6d5b8fc7a6c137a16a66b8c2aa038d3f;235860204
414;1333900995;Fix wrong passing of offload_optimizer_config to DeepSpeedZeRoOffload;132277730;closed;2023-05-01T14:54:16Z;2023-05-13T11:54:13Z;5c6da1f001f936234a31a238e71ca386e34eb51a;235860204
415;1333174347;doc updates;10147276;closed;2023-04-30T21:05:30Z;2023-05-01T16:51:44Z;b4b63f521f3d12118a0240a6b46dd35ba79f5534;235860204
416;1332981202;Save tensors in context of memory_efficient_linear;81312776;closed;2023-04-30T09:18:22Z;2023-05-01T19:53:52Z;42858a9891422abcecaa12c1bd432d28d33eb0d4;235860204
417;1332724297;Fix local rank mismatch error when training on nodes with different number of GPUs;14370937;closed;2023-04-29T10:18:02Z;2023-06-06T22:14:07Z;b7f463ddeb00f8a4119520383759b201bc572b07;235860204
418;1332503368;[zero_to_fp32] fix shared param recovery;10676103;closed;2023-04-28T23:21:21Z;2023-05-02T21:41:15Z;77ebf760f38b8fd9554edc3e6e350a78473018b1;235860204
419;1331129566;Adagrad support in ZeRO;114769929;closed;2023-04-27T23:56:16Z;2023-05-03T11:53:45Z;d3550dc88aaecc10f3ea0d0f0423f7db7a80bfcb;235860204
420;1331092283;OPT Activation Function Hotfix;2001145;closed;2023-04-27T22:52:04Z;2023-05-02T04:08:14Z;52d7e80aace514fa22dcc596fcdc0c37162b003b;235860204
421;1330978740;Add ZeRO 1 support to PP for BF16.;114769929;closed;2023-04-27T20:43:14Z;2023-05-02T17:41:01Z;dcb4a7d66439f2100c6d0e67723eb94bfe3f5ced;235860204
422;1330654397;Add Correct Attention Dense Gem (autoTP) for FunnelTransformer and TransformerXL;30946547;closed;2023-04-27T16:10:19Z;2023-05-09T20:04:25Z;42405fbf361ac61e6f334e1e3b0b2ab00e9d756c;235860204
423;1330634034;Revert to older megatron installed via git;114770087;closed;2023-04-27T15:56:26Z;2023-05-01T21:20:42Z;7e53d180b62fe28f094fb8dcae14be2242e3420a;235860204
424;1329349933;Switch megatron-lm install to git rather than pip;114770087;closed;2023-04-26T20:38:21Z;2023-04-28T20:43:04Z;e202f459ffee77dfb0dac85de2d4ba3c976d15e2;235860204
425;1329259654;remove megatron-lm, no longer pip installable;645595;closed;2023-04-26T19:24:06Z;2023-04-28T20:30:26Z;a094c9763de8d42107cbffd0bb9abb8056aa3c60;235860204
426;1329192149;Update flops-profiler.rst;10147276;closed;2023-04-26T18:25:21Z;2023-04-30T20:34:31Z;abc9830b07b3ef94103214727e6917466c1f1b5b;235860204
427;1327887215;make parameters status shared by all PartitionedParameterCoordinator instances;46639297;closed;2023-04-25T23:48:35Z;2023-07-17T21:43:09Z;9a302dc76f8eda1815db578043770eaff1e64eeb;235860204
428;1326407799;launcher/multinode_runner.py: mapping env variables;86939711;closed;2023-04-25T02:48:04Z;2023-05-05T16:36:28Z;4e886f0568832d292183926bcc1a9105def25f2c;235860204
429;1326244864;fixing default communication_data_type for bfloat16_enabled and docs;379115;closed;2023-04-24T22:55:15Z;2023-04-25T17:25:08Z;d56268f3752433d63b1025435d8c597174bf7033;235860204
430;1326230565;add deepspeed chat blog links, add tags;4238238;closed;2023-04-24T22:39:22Z;2023-04-24T22:58:03Z;085981bf1caf5d7d0b26d05f7c7e9487e1b35190;235860204
431;1326064463;Update DS-Chat issue template;18311180;closed;2023-04-24T20:11:56Z;2023-04-24T21:45:36Z;3031eec44efc6ea15b7d5cda94da94227a248334;235860204
432;1324980767;flops_profiler: add option recompute_fwd_factor for the case of activation c…;10448440;closed;2023-04-24T08:42:00Z;2023-06-02T15:20:41Z;460bec4679fb460ccc24f915ea1674e89baf698d;235860204
433;1323732776;Clone tensors to avoid torch.save bloat;4271600;closed;2023-04-22T00:46:14Z;2023-05-16T19:06:23Z;5c3ebd7ede063dd5141711c0b2567924b3ec2908;235860204
434;1323697225;Print default values for DeepSpeed --help;18311180;closed;2023-04-21T23:09:36Z;2023-04-21T23:23:02Z;2f8d384e8bf3644e11e7bb2c658ddfcea7c611b1;235860204
435;1323655187;Switch to adding AMD/ROCm pre-compile too;114770087;closed;2023-04-21T22:13:06Z;2023-09-06T21:32:14Z;0f809353ac0c38b8b3d5e64b682ee6b7894e6924;235860204
436;1323567448;Diffusers 0.15.0 bug fix;112220543;closed;2023-04-21T20:39:01Z;2023-04-21T22:30:25Z;496a9a3a62ba4ce971403f053c059b9a9ff9cb99;235860204
437;1323373690;README.md: Update MosaicML docs link;126616;closed;2023-04-21T17:13:04Z;2023-04-23T18:20:51Z;39b429d56ef12b3dc82fc177e2f0f801db744a3d;235860204
438;1323338742;Fix formatting;18311180;closed;2023-04-21T16:40:27Z;2023-04-21T16:57:46Z;4a3ca4e26d4f29e176ea80bf5ec303240107b49a;235860204
439;1322252026;Fix redundant share_params in zero_to_fp32.py;116392778;closed;2023-04-20T23:56:48Z;2023-04-20T23:57:10Z;52d77dd81f84f9d18dc83a56ff5a33fbb332b165;235860204
440;1321831367;Fix for dist not being initialized when constructing main config;18311180;closed;2023-04-20T16:57:38Z;2023-04-20T23:55:13Z;ad168a695425f2617976cf0ab2e281854b97aa26;235860204
441;1321828089;[ROCm] Hipify cooperative_groups headers;62723901;closed;2023-04-20T16:55:34Z;2023-04-21T18:41:23Z;6e1cbebe52f8a66872929689419c3f159cb43bcb;235860204
442;1321068641;Fix `PipelineEngine.eval_batch` result;14273895;closed;2023-04-20T08:09:36Z;2023-05-02T01:01:37Z;b0d9c4d052796bdd16596c43053eb8b798696141;235860204
443;1321052171;Update README.md;55081697;closed;2023-04-20T07:57:55Z;2023-04-20T16:05:21Z;dd902a3c0fc3ff937debf8892671253d50764169;235860204
444;1320703936;hybrid_engine: check tuple size when fusing lora params;1105742;closed;2023-04-20T00:20:00Z;2023-04-24T16:04:36Z;c9196b615ed0e6b31c4e6490109d7a1bb282509f;235860204
445;1319504029;Fix memory leak in zero2 contiguous gradients;93904671;closed;2023-04-19T08:41:27Z;2023-04-26T15:16:26Z;01d17492c360753670662ae6cac65e0c35e70734;235860204
446;1319222104;Add snip_momentum structured pruning which supports higher sparse ratio;16394660;closed;2023-04-19T03:55:41Z;2023-05-10T17:33:48Z;6938c449def0b314e32505ee98f03d104bdb1ade;235860204
447;1319189470;Update Dockerfile to use python 3.6 specifically;24909311;closed;2023-04-19T02:54:58Z;2023-04-20T19:06:07Z;ab1d2f826b5e1365b9e68b59e4d13e27c6f1065e;235860204
448;1318963822;:bug: fix bug in recovering shared parameters when all parameters are not trainable;32954280;closed;2023-04-18T21:00:38Z;2023-05-15T17:33:39Z;fd50a83ba1652fda1e810c1262b861e98aeca673;235860204
449;1318947793;Update MI200 workflow to install apex with changes from pip;114770087;closed;2023-04-18T20:44:18Z;2023-04-19T05:41:22Z;61a8b3a0eeb5f71dc3f4ff4a62b0719ecb92f659;235860204
450;1318673647;Fix pydantic and autodoc_pydantic version to <2.0.0 until support is added.;114770087;closed;2023-04-18T16:44:17Z;2023-04-18T20:03:49Z;089056236cceb119d62c3a10b122592b61144a41;235860204
451;1317844147;Add contribution images to readme;55081697;closed;2023-04-18T07:51:18Z;2023-04-18T20:31:25Z;c381dd16238ff3c66d7013f9cd4e7214cb23ef8a;235860204
452;1317439632;Explicitly check for OPT activation function;2001145;closed;2023-04-17T23:01:11Z;2023-04-21T00:38:44Z;793c23e5c118b47c8862ad8c946fc081df3d2849;235860204
453;1317332323;Add pre-compiling ops test;114770087;closed;2023-04-17T21:03:21Z;2023-04-19T14:23:21Z;4de4d2acc6077707c806a8abbc26fba1e2779745;235860204
454;1317320274;Fix cupy install version detection;18311180;closed;2023-04-17T20:55:12Z;2023-04-18T17:13:36Z;bcccee4d85557994d7a1ec7f068bb7ae369b2173;235860204
455;1316961956;[fp16/doc] correct initial_scale_power default value;10676103;closed;2023-04-17T16:21:22Z;2023-04-17T17:37:42Z;72c2d6df2a8392dadb64bc752f63824493a32c75;235860204
456;1316035678;Update install.sh;55081697;closed;2023-04-17T06:24:01Z;2023-04-18T03:41:08Z;077e42e68a766a5ec1a1b231a62af0b6125defdd;235860204
457;1315997406;fix typo in autotuner.py;22633385;closed;2023-04-17T05:47:43Z;2023-04-17T19:34:35Z;050aee287d70157e29f242b3a629a4cb97b4e4e7;235860204
458;1315617237;Create 如何策划楼盘销售;130878115;closed;2023-04-16T15:09:27Z;2023-04-16T22:17:21Z;7720735ccd3f95332a1bd59eb2fd616bca1f76d6;235860204
459;1315210186;Fix missing scale attributes for GPTJ;2001145;closed;2023-04-15T18:23:53Z;2023-04-21T00:38:02Z;145c3a75916cc39de9048e6c5b415fac6d634896;235860204
460;1315001862;(update) warning for partially supported models in module_inject;10137;closed;2023-04-15T09:18:20Z;2023-06-13T14:28:37Z;39fa9bad23da429add9d7b70ded29db0ddc527b4;235860204
461;1314930300;Improve formatting and styling of Chinese README.md to make it more Markdown style;1758159;closed;2023-04-15T06:24:22Z;2023-09-01T17:48:51Z;3329ed69eee72dca21f3000c0e48b7076ab47bdb;235860204
462;1314753885;update link to PL docs;6035284;closed;2023-04-14T21:32:56Z;2023-04-17T18:17:06Z;6dbff77117e7edfcab7e103ab3b082bae870bbf0;235860204
463;1314447246;[ROCm] temporary workaround till __double2half support enabled in HIP;86327865;closed;2023-04-14T17:17:04Z;2023-04-18T18:37:25Z;f7bfe5e7efbb9d04b1297f404de6fd76a6a07f4c;235860204
464;1313216258;Update DeepSpeed-Chat docs with latest changes to scripts;18311180;closed;2023-04-13T22:31:10Z;2023-04-13T23:35:30Z;a8f999e3c4c7ad66ba6be1caa5a054a50cf57852;235860204
465;1313199483;Fix for Stable Diffusion;18311180;closed;2023-04-13T22:09:53Z;2023-04-14T17:39:40Z;fef5aa6e6d88e963ebab117724cd9c4925fcd612;235860204
466;1312845288;Update DS-Chat docs for v0.9.0;18311180;closed;2023-04-13T17:03:27Z;2023-04-13T19:33:29Z;ad97ca3417d4cb5eec686dee0750b74e783c3848;235860204
467;1312119096;[update] reference in cifar-10;10137;closed;2023-04-13T08:36:35Z;2023-04-14T17:49:36Z;cc67f22f60f7ec20c61a53b4c3da4e8799d7de5a;235860204
468;1311531916;zero3 checkpoint frozen params;4271600;closed;2023-04-12T21:44:15Z;2023-04-20T22:07:01Z;dd8df20fe0cc773d580689081d03e14b98e81416;235860204
469;1311515861;Additional changes to support MI200;114770087;closed;2023-04-12T21:27:07Z;2023-09-08T18:57:27Z;3d6308023ea0449f8724c30423078655841e96d7;235860204
470;1311479322;Make deepspeed.zero.Init() idempotent;4489482;closed;2023-04-12T21:00:15Z;2023-07-03T15:19:35Z;6d9b4e7f74f806f565ffbc73394cfa6ba7b16d3e;235860204
471;1311305094;fix whitespace;4489482;closed;2023-04-12T18:31:54Z;2023-04-12T20:56:28Z;9d4a99967bfc43d860ddb9cbc8fb0c82de2623ef;235860204
472;1311302778;fix license badge;4238238;closed;2023-04-12T18:30:05Z;2023-04-12T18:54:00Z;a725c5d7eb207b5260476cbc3b0d6757f9717d44;235860204
473;1310414884;fix hero figure;4238238;closed;2023-04-12T07:55:56Z;2023-04-12T07:57:44Z;970d827ff6b2a5bb80aca4f7115a02942f389aa5;235860204
474;1310378519;Update automatic-tensor-parallelism.md;36058628;closed;2023-04-12T07:24:02Z;2023-05-07T17:50:56Z;9715d802363321aa6660360ea45bbea9c235393b;235860204
475;1310328848;Add Japanese version of ChatGPT-like pipeline blog;81312776;closed;2023-04-12T06:46:34Z;2023-04-12T07:47:00Z;02dec1f543b3120a59d4b446a371c48f944e2f5a;235860204
476;1310099926;Chatgpt chinese blog;23286944;closed;2023-04-12T03:57:35Z;2023-04-12T04:21:17Z;f662bfcd70806157b95f337cd5e75c745d4eba5b;235860204
477;1309838936;Add HE support for the rest of model containers;44502768;closed;2023-04-12T00:01:38Z;2023-05-01T20:37:58Z;3e8564645d593e99e1163fbf9615f559cbeefe9c;235860204
478;1309683782;improving int4 asymmetric quantization accuracy;46639297;closed;2023-04-11T21:19:00Z;2023-04-17T23:54:29Z;48297c4841374776a3c4d9319a9b57378f598d65;235860204
479;1309519832;Fix references to figures;81312776;closed;2023-04-11T18:55:57Z;2023-04-11T18:59:33Z;cfdd801302840c328412485516dfc77343cb11ce;235860204
480;1309444643;add news item.;9065216;closed;2023-04-11T17:45:49Z;2023-04-11T18:33:23Z;cc9dfffbaf2c0cc2affed995e444d628ff58653c;235860204
481;1309433501;[docs] add run command for 13b;9065216;closed;2023-04-11T17:35:09Z;2023-04-11T17:40:58Z;41d91340142f6ff4d479dbc9d2a49fe9443248e3;235860204
482;1309422879;DeepSpeed Chat;4271600;closed;2023-04-11T17:24:43Z;2023-04-11T18:53:40Z;47f9f13bd3236d426d558d61ef358b36191ef026;235860204
483;1309417683;Add DeepSpeed-Chat Blogpost;9065216;closed;2023-04-11T17:19:41Z;2023-04-11T17:22:43Z;f09448c2558f2dccf81d67b13d4e0aa8c1a9568e;235860204
484;1309140899;Documentation for DeepSpeed Accelerator Abstraction Interface;19373651;closed;2023-04-11T14:27:02Z;2023-06-09T21:40:16Z;5289d691d36e5f7a22e99954c82038e0dbc64c52;235860204
485;1308649919;Fix typo;58739961;closed;2023-04-11T09:09:11Z;2023-04-11T20:10:17Z;79b411b912d536b57a940232565172e3036dbe63;235860204
486;1308287361;AMD Kernel Compatibility Fixes;2001145;closed;2023-04-11T01:49:40Z;2023-09-08T18:08:26Z;542dc0d5cb58d9aba78eceb4510296eddbaa2e1f;235860204
487;1308012803;Update AMD workflows;114770087;closed;2023-04-10T20:46:47Z;2023-04-12T21:21:00Z;9408a8666c4fdb212bdfad76b544b86015284908;235860204
488;1306994337;Enable auto TP policy for llama model;83276252;closed;2023-04-10T03:37:10Z;2023-05-03T22:49:34Z;2c63e349e42334f795614f7b4cb7e0080349957a;235860204
489;1306862693;[Fix] _conv_flops_compute when padding is a str and stride=1;50068224;closed;2023-04-09T22:33:22Z;2023-06-21T22:49:44Z;d81a6ad6fb131250aa17b4654e21d0d081ca7760;235860204
490;1306718982;stage_1_and_2.py: do gradient scale only for fp16;10448440;closed;2023-04-09T10:58:54Z;2023-04-26T05:36:59Z;0e357666a10e71841b211f29ede7e7b21ce30b7c;235860204
491;1306567085;Fix typo;11358567;closed;2023-04-08T19:31:41Z;2023-04-11T20:16:07Z;c0add889d92a62cc93dd28f426e2402dee6bc9d5;235860204
492;1305696342;let partition_uniform more uniform;34546552;closed;2023-04-07T08:55:52Z;2023-04-12T01:43:12Z;1573b874875e3e0fc0d45f7eacace0b41c62d113;235860204
493;1305406588;Remove benchmark code;18311180;closed;2023-04-07T00:24:11Z;2023-04-07T15:51:50Z;baa95c6256c1064f602049918cb64db3859cc00b;235860204
494;1303930289;Update torch version check in building sparse_attn;114770087;closed;2023-04-05T23:46:38Z;2023-04-14T16:24:40Z;94fbd9479cd350adc64ab5a99f7637c2707ca974;235860204
495;1303655223;Fix redundant shared_params in zero_to_fp32.py;116392778;closed;2023-04-05T19:04:24Z;2023-04-25T13:15:18Z;39825a9092b997a2fdcf129e91224183dda93cbc;235860204
496;1303623384;Update megatron-lm to support torch 2;114770087;closed;2023-04-05T18:35:11Z;2023-04-27T15:39:56Z;3718e6df4020bd6e7e15acdf2e4c5ae5ac2dfd84;235860204
497;1303340792;fix HF inference benchmark;39311993;closed;2023-04-05T14:49:18Z;2023-04-07T00:28:02Z;601aba45383903803d1ed4bcfe00b824862ae7fd;235860204
498;1302388116;Fix for Diffusers 0.14.0;112220543;closed;2023-04-04T23:12:49Z;2023-04-06T17:56:23Z;c48c97991bff44917db4b40d4f6b22447a3459cb;235860204
499;1302377953;Fix copyright check, add copyright replace script;18311180;closed;2023-04-04T22:58:14Z;2023-04-07T00:09:24Z;1f85569e1c65b6a9da36a3ebfde099deeee8273a;235860204
500;1302354264;Confirm that the skip is wrong for 2.0.0;114770087;closed;2023-04-04T22:22:32Z;2023-04-04T23:30:49Z;40fd43fadc84fae56c5d413c11b13e2ae0b8b5fc;235860204
501;1302166052;Fix CI badges;18311180;closed;2023-04-04T19:19:56Z;2023-04-04T22:03:36Z;f2c9a827993d5e6e951a8ce920d55de810b2aab2;235860204
502;1302066133;Fix launch issue;4271600;closed;2023-04-04T18:05:36Z;2023-04-04T18:11:57Z;fcb868e27c3993aab8aa151ca579456cb32dcee5;235860204
503;1302053311;Fixes code and tests skipping/asserting incorrectly on torch 2+.;114770087;closed;2023-04-04T17:55:09Z;2023-04-05T18:07:24Z;ab1f32de326d84b3a749ea017f140f97dc315714;235860204
504;1302004653;Update SD triton version in requirements-sd.txt;113481193;closed;2023-04-04T17:13:14Z;2023-04-04T17:51:32Z;fcc0d9c0aac0dcb9286b551d97cbea0d2bafe452;235860204
505;1301839841;Update ROCm version used in AMD workflow;114770087;closed;2023-04-04T15:06:41Z;2023-04-04T18:00:58Z;f689ac64b47eda91ae70c23347f5dc6771616566;235860204
506;1300261883;CPP PYBIND Module for Tensor Map;17107668;closed;2023-04-03T15:22:59Z;2023-09-20T16:05:43Z;862a90c5649d68cf3c14b0188b21cc661d573cc9;235860204
507;1299712852;fix example symlink about DeepSpeed+AzureML;49790022;closed;2023-04-03T09:14:56Z;2023-04-05T20:33:53Z;951d4df74731dfb8553c9b8d87a57e5025d1ee31;235860204
508;1298255373;VL MoE Blog;23286944;closed;2023-03-31T19:49:58Z;2023-03-31T22:47:09Z;1242d8b4ebfb8619a6bb0a1ca069f8de1ff809d8;235860204
509;1298061911;Add Full Apache License;18311180;closed;2023-03-31T16:52:54Z;2023-03-31T17:42:38Z;6c4782b0f29071c1b42a9f4e3faa67f514f300a1;235860204
510;1296395826;Use generic O_DIRECT;4271600;closed;2023-03-30T14:53:49Z;2023-04-05T14:05:40Z;514b020bce6aa5d0a0e7acad0300c3f907d7c851;235860204
511;1295385673;Optimize Softmax Kernel;112220543;closed;2023-03-29T22:54:50Z;2023-04-05T03:17:30Z;e73de8cee89ca1b2296c8eead2ae3d904e24271c;235860204
512;1295375263;Update DeepSpeed copyright license to Apache 2.0;18311180;closed;2023-03-29T22:40:25Z;2023-03-31T00:14:38Z;b361c72761d97f5a1714a3e91d1f7c36fd3cfdd8;235860204
513;1295232351;fixing a bug in CPU Adam and Adagrad;67908712;closed;2023-03-29T20:24:30Z;2023-04-07T15:52:31Z;0cd64bd4c965fd6fa5a670ce82f2a900506f9df1;235860204
514;1290642634;add sharded checkpoint loading for AutoTP path to reduce the peak mem…;36058628;closed;2023-03-27T02:49:30Z;2023-05-04T17:34:15Z;d10b8ca011b18eba3a6ca56f4208a732d7fbb744;235860204
515;1290470103;Remove Extra Bracket;1426353;closed;2023-03-26T20:06:20Z;2023-04-05T21:26:09Z;8630f73e09084cc29a5516656c882dc5174e108c;235860204
516;1289816854;update yapf version and style settings;645595;closed;2023-03-25T00:28:20Z;2023-03-27T11:55:20Z;91d63e0228c29d0f8b25ea3bc7173acdcdddd136;235860204
517;1289699738;Disable Stage 1&2 CPUAdam pathways;18311180;closed;2023-03-24T22:17:48Z;2023-03-28T21:02:38Z;4b6d7c159ca8664141d06dc29fb7a9e2cefc407c;235860204
518;1289616682;[ci] `nv-transformers-v100` - use the same torch version as transformers CI;10676103;closed;2023-03-24T21:00:08Z;2023-04-05T17:03:28Z;20ed15be04530e755858b8256eaa29e6d230ea09;235860204
519;1289561848;op_builder: conditionally compute relative path for hip compiled files;1105742;closed;2023-03-24T20:07:37Z;2023-04-07T15:59:36Z;5f5cc82415b11ab2c9bf85969deb510fe8631446;235860204
520;1288712693;add bf16 cuda kernel support;5948851;closed;2023-03-24T09:14:02Z;2023-04-22T15:23:28Z;297cd9ed8ab10adb6718386a932152fc482ab8f7;235860204
521;1286804519;remove `torch.cuda.is_available()` check when compiling ops;14980050;closed;2023-03-23T04:57:05Z;2023-04-19T00:45:43Z;036c5d6d7b6028853a4e15ef3f5df466ba335f33;235860204
522;1286572684;Skip injection policy if cuda graph enabled;112220543;closed;2023-03-22T22:26:22Z;2023-03-31T05:14:50Z;72f7c33e3ac2bc27731470cf0603af0c925c1485;235860204
523;1286522277;Goodbye Torch 1.8;18311180;closed;2023-03-22T21:29:14Z;2023-03-23T18:43:29Z;5cdf35935dd96b94938e0a917ca39b91b5eb07cf;235860204
524;1285773688;fix mpich launcher issue in multi-node;36058628;closed;2023-03-22T12:22:35Z;2023-04-24T19:51:03Z;a748bfc6d0f83fb61738f06cfdf9943b8bd21299;235860204
525;1285060080;Move cuda check into utils;114770087;closed;2023-03-21T23:59:43Z;2023-03-24T04:22:48Z;b3ec1c9712e1f954288811f78f2340d69abe84d1;235860204
526;1284946440;[CI] follow-up fixes;645595;closed;2023-03-21T21:41:29Z;2023-03-21T22:38:22Z;36677588b63096c8004688bab00834c0462088c7;235860204
527;1284044220;[docs] add MCR-DL paper to readme/docs;10281105;closed;2023-03-21T11:25:34Z;2023-03-21T17:19:17Z;b38b3036dd531ec60e180f170bfbe5d7402e9f8a;235860204
528;1283705157;fix pop off grad mistakenly;3390197;closed;2023-03-21T06:51:51Z;2023-09-03T13:56:03Z;b24851972a868b5ff8bfd77647b60a90c0453b76;235860204
529;1283244288;Empty ZeRO3 partition cache;4271600;closed;2023-03-20T20:19:18Z;2023-03-24T00:15:34Z;e80ae088868bef18b75a0d0825e15d7f9ea0ad0c;235860204
530;1281128028;Checks for user injection policy;39311993;closed;2023-03-18T15:50:53Z;2023-09-03T20:10:16Z;430510bfce5c8e2e8f2108b73824aef4a37fcaf1;235860204
531;1281004944;Fix batch checking;3390197;closed;2023-03-18T08:31:40Z;2023-03-18T09:23:57Z;a2956f7001b61b5ed4467257f6fe0769da0e4daa;235860204
532;1280606088;cleanup tp_parser;39311993;closed;2023-03-17T18:38:46Z;2023-09-15T22:36:43Z;602582f6bac2e6a1d8ccff9cba1dd4bacca6b517;235860204
533;1280556843;Fix Broken Links;39311993;closed;2023-03-17T17:47:49Z;2023-03-17T18:30:25Z;f1e4fb0b878e48d6fe33dbb2e0969d791d698e86;235860204
534;1280532182;Several fixes to unblock CI;114770087;closed;2023-03-17T17:23:01Z;2023-03-21T20:45:26Z;4e0686233a330af75cdc744371e18f9958a938ca;235860204
535;1280331476;Softmax Scheduling Cleanup;2001145;closed;2023-03-17T14:51:40Z;2023-03-22T15:45:07Z;1286e374aba8b4490a7f57f18b3a479753985277;235860204
536;1279627879;Allow lists;39311993;closed;2023-03-17T03:56:00Z;2023-03-23T16:50:02Z;5c2a81c2c1be8b6308781c01226d56df3ead2c1f;235860204
537;1279591367;[CPU] Support Intel CPU inference;19373651;closed;2023-03-17T02:58:47Z;2023-05-16T15:59:23Z;1f72082fc0ea159d0de46886d8e713dda7df9ce2;235860204
538;1279239450;Loadams/fix lightning pytorch2;114770087;closed;2023-03-16T20:17:58Z;2023-03-16T22:43:40Z;f96fdca98b6a5c5410827b66fb1a90f6b01ab8eb;235860204
539;1278945077;Update GitHub workflows to work with PyTorch 2.0.0, apply fixes or pin to previous versions.;114770087;closed;2023-03-16T16:37:45Z;2023-03-17T21:41:52Z;142ee7c0f467c7bbdb9818c2aaee3afe057a2a94;235860204
540;1278382298;feat: Add support for `NamedTuple` when sharding parameters [#3029];11032873;closed;2023-03-16T11:11:06Z;2023-04-12T17:12:21Z;29aea09a81332ab42e4c5cdb37323bd061f291fa;235860204
541;1278046674;Enable autoTP for bloom;36058628;closed;2023-03-16T07:26:49Z;2023-04-05T14:58:33Z;6ba0024d54f5b7787f87e2981e7840a7acd4aff4;235860204
542;1277866312;Paper;23286944;closed;2023-03-16T04:00:35Z;2023-03-16T04:43:05Z;eab4aaf8acea8d077da960713c9d9ae6348d2ff0;235860204
543;1277688234;Recover shared parameters;116392778;closed;2023-03-16T00:16:40Z;2023-04-05T22:52:35Z;30d97705499779b3be4cae2ca80d919833c6e1f3;235860204
544;1277612173;Update curriculum-learning.md;10147276;closed;2023-03-15T22:33:52Z;2023-04-07T15:51:04Z;adc15e1c17d7c33ba1d0148cb3b64df7252f03a1;235860204
545;1277491969;fix zero3 mem leak;39311993;closed;2023-03-15T20:31:45Z;2023-03-22T02:53:27Z;c483778c330ea6664bcb2afa99741f9d4e6520d3;235860204
546;1276066247;Fix nebula in save_16bit_model issue;110755803;closed;2023-03-15T02:57:07Z;2023-03-23T16:45:43Z;a78d6b89e046dde0ece45acaeaaac4ab2a3a2d86;235860204
547;1275978409;BF Optimizer Attribute Checks;114769929;closed;2023-03-15T01:06:58Z;2023-03-15T03:13:08Z;d7c925e4e8713ce8842586b5ac6c0f9dbcab17ac;235860204
548;1275883155;[logger] implement `logger.warning_once`;10676103;closed;2023-03-14T22:57:10Z;2023-03-15T05:29:00Z;50a49e42fb88aaf03c7b10d9e808abee11e375b5;235860204
549;1275823853;[comms] fix deprecations;10676103;closed;2023-03-14T21:59:28Z;2023-03-17T20:34:27Z;b5acb11e34f0b0849d10370252df34fbc1d2e3bb;235860204
550;1275768126;fix language;10676103;closed;2023-03-14T21:02:23Z;2023-03-14T22:41:39Z;e355863b832efc919b436a3c00a400f348ef53c2;235860204
551;1275644041;[docs] add new paper to readme/docs;645595;closed;2023-03-14T19:22:16Z;2023-03-14T19:46:49Z;4292e8c59a03a479d0671a0d3c0bdf4f621b7520;235860204
552;1275600898;Convert model parameters from generator to list.;114769929;closed;2023-03-14T18:47:40Z;2023-03-15T11:45:21Z;94f7da26b632f53b0a29ac54854cb8899e0d5b9e;235860204
553;1275535762;Align checkpointing code with NeoX;7449128;closed;2023-03-14T17:59:32Z;2023-03-14T17:59:54Z;bd2eedcfb38c369ab0daeb8f1aba847895092e3f;235860204
554;1274851993;PR: FP16 gradient offloaded to CPU from GPU should not be converted t…;33646149;closed;2023-03-14T11:17:29Z;2023-03-14T14:14:11Z;26a5f9a0efbf570fae4496064a8ff67afcc6b3ad;235860204
555;1274105826;Remove bf16 from inference config dtye enum;112220543;closed;2023-03-13T23:00:26Z;2023-03-22T15:44:10Z;27e1b02debefd2cd589b6b72c5333e3976a18d05;235860204
556;1273946953;Improve loss overflow logs;10281105;closed;2023-03-13T20:50:04Z;2023-03-15T13:33:16Z;ac2c9ffae4b1b46552a2a535befbe8fd040799b8;235860204
557;1273728511;Allow dict datatype for checkpoints (inference);18311180;closed;2023-03-13T17:59:26Z;2023-06-01T22:01:02Z;da8f4e01b55acc71e3da21d8c9aadae3b3f950bb;235860204
558;1273603953;Fix pipeline module evaluation when contiguous activation checkpoin…;93904671;closed;2023-03-13T16:30:36Z;2023-04-30T07:24:08Z;7ddc3b01dd0514233a4b7f75040bc902b833a5f5;235860204
559;1272764598;Fix broadcast error on multi-node training with ZeroStage3 and TensorParallel=2;86939711;closed;2023-03-13T07:16:52Z;2023-05-15T11:23:11Z;9f4a876360296f24577dd07796625f793a38b0c1;235860204
560;1271312383;♻️ replace deprecated functions for communication;32954280;closed;2023-03-10T15:18:05Z;2023-03-30T02:27:16Z;a6317eb509cf6a7a3929787530174f7c575cf475;235860204
561;1270530628;Fix Meta Tensor checkpoint load for OPT models;113481193;closed;2023-03-10T02:11:19Z;2023-03-10T19:45:37Z;3798e60519ae10573c765c9ebb1e460da9e596df;235860204
562;1270494901;Nested zero.Init() and dynamically defined model class;81312776;closed;2023-03-10T01:13:13Z;2023-04-14T06:21:45Z;717c30203e48cb4bd195d4f12df78f6b373662ad;235860204
563;1270448220;ckpt: create directories in checkpoint_engine;1105742;closed;2023-03-09T23:55:18Z;2023-03-13T14:52:49Z;43d58d99eba800a809f16efa30a90eb25f7a7003;235860204
564;1270124947;Add generic local-CG search;113481193;closed;2023-03-09T18:32:37Z;2023-10-09T19:24:24Z;b87360b22b29448ad6af5e518cbde9f9618fa54c;235860204
565;1269475561;pre-commit check for torch.cuda in code;19373651;closed;2023-03-09T11:53:52Z;2023-03-24T03:29:55Z;090d49e79fef300046ec0ca22dc3e1bffde74ee1;235860204
566;1268683752;Add training benchmark;18311180;closed;2023-03-09T00:21:45Z;2023-03-09T00:34:08Z;5f880a744e739ae6278cfd059859c67f4b1cb91d;235860204
567;1268497703;[zero] prevent poor configs from running w. zero-offload;645595;closed;2023-03-08T21:39:17Z;2023-03-09T17:57:52Z;457850dc5ad72960f0e8a8f1597914d682a7792c;235860204
568;1268129980;Make fp32 default communication data type;4271600;closed;2023-03-08T16:28:25Z;2023-03-30T14:26:27Z;261d637086feb8fec1c6507eafc8f8cae4b49a41;235860204
569;1267123155;MiCS implementation ;1150493;closed;2023-03-08T00:04:23Z;2023-04-26T00:23:00Z;2e99f6edf6df018d33be71f2cfe64c12bae3b662;235860204
570;1267056992;Fix issue between our abstract accelerator and colossalai's version of op_builder;645595;closed;2023-03-07T22:48:37Z;2023-03-08T17:55:42Z;58a4a4d4c19bda86d489ac171fa10f3ddb27c9d6;235860204
571;1266772911;Auto TP Tutorial with T5 Example;112220543;closed;2023-03-07T18:42:11Z;2023-04-25T18:44:35Z;d92539509b1e9a6178cfdb921d5080e76f690bce;235860204
572;1264510204;zero.Init() should pin params in GPU memory as requested;4271600;closed;2023-03-06T13:42:48Z;2023-04-07T21:34:16Z;4d27225f3e22c4dd14074152b203659e3c627788;235860204
573;1264046723;Fix save_16bit_model issue and add general save checkpoint ut;110755803;closed;2023-03-06T08:49:25Z;2023-05-15T02:32:41Z;4b87b281be8ebc8c478754409b022261327b4248;235860204
574;1264028796;Qrao/temp test;110755803;closed;2023-03-06T08:32:48Z;2023-03-15T02:53:36Z;cc81fc250915430c7e46ac541a06d01deb967ae6;235860204
575;1263245426;Improve overflow handling;4271600;closed;2023-03-04T23:54:17Z;2023-03-07T02:24:26Z;80d8fcbdb3f1121bef358dac70476648a3c8ca55;235860204
576;1263143617;Fix bad import.;709645;closed;2023-03-04T16:45:32Z;2023-03-08T17:57:05Z;b43dcad151b6462ee48a5c8abf15f905ab5c9a8e;235860204
577;1262897472;Check for local CUDA graphs when enable_cuda_graph=True;113481193;closed;2023-03-04T02:56:17Z;2023-03-07T01:38:51Z;87eaf8f99abdebac1207565e3c3ee49cf151f29b;235860204
578;1262788326;Update Inference Engine checkpoint loading + meta tensor assertions;113481193;closed;2023-03-03T23:55:13Z;2023-05-10T03:00:43Z;db26f8b41325be2a7f7af8b386b4e8951a5a76c9;235860204
579;1262729490;AutoTP Assert Kernel Injection Support;112220543;closed;2023-03-03T23:02:14Z;2023-03-06T22:23:56Z;2ede0d942ad0319f8bb86f17f01b1474784aa4a0;235860204
580;1261452027;Fix comms benchmark import issues and support MPI/slurm launching;10281105;closed;2023-03-03T04:34:23Z;2023-03-27T21:15:19Z;9726bd46500ddabff5a2807be27a86466cacef6d;235860204
581;1259779515;Add create nebula checkpoint;110755803;closed;2023-03-02T03:26:41Z;2023-05-15T02:32:53Z;3fea0ac07356c224ea4665a90940661ee68d28a6;235860204
582;1258481296;gh: refactor community files;61241031;closed;2023-03-01T09:24:31Z;2023-04-03T10:21:44Z;b0102296da6c62034a23b7e08851fec20b3bca04;235860204
583;1256307162;fix zero_to_fp32.py;10676103;closed;2023-02-27T23:53:20Z;2023-02-28T04:41:54Z;e48de76baef874523906af35f79f63d21c3a5b00;235860204
584;1255488571;better eval sampler for val or test dataset;32954280;closed;2023-02-27T13:34:40Z;2023-02-28T06:10:19Z;f1d2a15b50fa83beb8fb8076fae883853f83b5ad;235860204
585;1254528339;deepspeed.init_distributed() support for TCP protocols;62301037;closed;2023-02-26T15:55:41Z;2023-03-07T17:42:23Z;db15ef578a4015617d6c33df43aa832d708a0bc9;235860204
586;1253744665;Collect CUDA Graphs for Unique Input Signatures;17107668;closed;2023-02-24T19:20:55Z;2023-09-22T18:00:28Z;4efaefda15971b8911136f42e65f3c16584a1efc;235860204
587;1252521965;Assert mp_size is factor of model dimensions;112220543;closed;2023-02-24T02:39:26Z;2023-03-21T21:50:44Z;9ea0fdc2ce86bd97b2fb4d118f3af1165a6e7d0e;235860204
588;1252447780;add missing license info to top of all source code;645595;closed;2023-02-24T00:46:07Z;2023-02-27T19:20:41Z;da84e60d98d2e90f6f2094a219c98c8b41582eb9;235860204
589;1252417364;fix iteration timing used in autotuning when gradient_accumulation_steps > 1;17418037;closed;2023-02-23T23:58:03Z;2023-09-06T23:52:53Z;bce6ed1ca95f69c07b57d4d8534d2c430339f90f;235860204
590;1252206785;Revert to older transformers version;114770087;closed;2023-02-23T19:52:05Z;2023-02-23T22:35:01Z;72fab877d1f895ee8ff4d148cc82b8d7dc6e1a73;235860204
591;1252198309;AutoTP tutorial web formatting and news;112220543;closed;2023-02-23T19:44:58Z;2023-02-23T21:19:15Z;b47c592ae23956f59269785e49b11ae46569296c;235860204
592;1251743979;[CPU support] Optionally bind each rank to different cores on host;19373651;closed;2023-02-23T13:55:29Z;2023-04-12T23:00:35Z;0b5252bbd3347a25e1a541119129be269a6899cc;235860204
593;1250886086;Automatic Tensor Parallelism Blog Links;112220543;closed;2023-02-22T22:46:34Z;2023-02-23T12:41:16Z;859d7c92ab5ac65088ef81c4956cd777b6d419d1;235860204
594;1250510648;using container when loading inference checkpoints;46639297;closed;2023-02-22T17:44:20Z;2023-02-28T14:59:24Z;dc01cee5cab07562bb48740b112f5cb23a90877c;235860204
595;1248430632;Data efficiency library update;4238238;closed;2023-02-21T09:37:40Z;2023-02-21T22:43:29Z;7c99def0f0f915b4411a4e3fb2b2d54b98890cff;235860204
596;1247893655;Remove deprecated `torch._six` imports;709645;closed;2023-02-20T22:44:01Z;2023-02-24T02:51:03Z;d3de7375500c42427792f86e818107c427191a29;235860204
597;1247832491;Fix buffer size for pipeline parallel and communication schedule;81312776;closed;2023-02-20T21:21:03Z;2023-03-13T17:48:11Z;b528f50e3d750ff5b1b7c8beb64a838563ec8f58;235860204
598;1246123476;Fixes `AttributeError` in #2853;5234251;closed;2023-02-18T20:30:47Z;2023-03-01T11:06:20Z;91d7090e4753cd1aac2b105629f7373a1e201ec5;235860204
599;1245887821;Fix Bloom logits mismatch;112220543;closed;2023-02-18T01:45:17Z;2023-02-28T21:36:22Z;17fa0876adcc8fa2acb384727bdc49d7434f1f99;235860204
600;1245772549;Fix typo in auto-sync workflow;18311180;closed;2023-02-17T22:22:40Z;2023-02-17T22:23:19Z;8be8c012c8a247e5512276676b5e7092d88633eb;235860204
601;1245532412;Fix for CI failure on system upgrade;18311180;closed;2023-02-17T17:56:24Z;2023-02-17T21:17:15Z;6c85fe6cc3392aa55f834cdfe02a265f8d43e197;235860204
602;1244568452;ZeRO Gradient Accumulation Dtype.;114769929;closed;2023-02-17T02:40:23Z;2023-07-19T21:22:03Z;8afcda2ac91f4d284cc96e4dbdd946f3a6cd7162;235860204
603;1244130609;Prevent hangs in CI during parallel run compilation;18311180;closed;2023-02-16T18:26:48Z;2023-06-26T16:11:29Z;2b2be85f43de41986f02ecc76012b359c821bb24;235860204
604;1244126326;Add support for T5 for deepspeed-inference;46639297;closed;2023-02-16T18:22:52Z;2023-09-07T19:10:43Z;e5b7e8e47877db1619f53091736becd5f2ab035a;235860204
605;1243201039;Add MPICH Multinode Runner;27563729;closed;2023-02-16T06:42:10Z;2023-03-01T17:04:08Z;8d53ac0cd3a708d1b9a4281b5e01044b5bab6d61;235860204
606;1242195333;Fix CPUAdam for when `vendor_id_raw` is not provided;21085967;closed;2023-02-15T14:42:27Z;2023-02-28T18:41:50Z;9886d6d9e06e414ceab12ca0279561fb42470ec0;235860204
607;1241731230;fix inference MLP all_reduce dislocation bug;82791803;closed;2023-02-15T08:52:06Z;2023-08-11T06:18:29Z;07a11969a3f750b9186a3b59ad258e3ffad86c16;235860204
608;1241356362;Fix Pipeline Parallel resize unit test;18311180;closed;2023-02-15T00:36:48Z;2023-02-15T01:48:12Z;cc1054d9e2051356ab9562158ec5b4d1e77063cd;235860204
609;1241012054;Refactor DS inference API. No longer need replace_method.;9065216;closed;2023-02-14T18:30:13Z;2023-02-15T23:17:03Z;e4b3b610badade98cb3f59a223e406c13e7fe67c;235860204
610;1240938307;Add user-friendly assert for Zero-Linear class;44502768;closed;2023-02-14T17:28:54Z;2023-02-14T22:04:47Z;8d1dda8fea038539bc19813a8789302411d7b6b1;235860204
611;1240399249;fix return prev key and value , added strides to from_blob;7231514;closed;2023-02-14T11:05:45Z;2023-03-22T15:43:35Z;871c8a3f5d2e167cbebca4eedad6d1f7adfd047c;235860204
612;1239889607;[cleanup] remove `pass` calls where they aren't needed;10676103;closed;2023-02-14T02:05:42Z;2023-04-05T16:17:23Z;bcb0353140fe69d5a5d28e3d679370dd80005bdc;235860204
613;1239790942;Fix cpu-only CI hangs;18311180;closed;2023-02-13T23:59:33Z;2023-02-14T21:10:23Z;639aa7b302f1b39887d9d41f11812bce219dd4d5;235860204
614;1239740125;Fix inference CI device error;18311180;closed;2023-02-13T22:56:55Z;2023-02-14T18:56:20Z;93e528979365be809f47540f56037f99581f2911;235860204
615;1239452050;Fix permissions issue with pip upgrade;18311180;closed;2023-02-13T18:42:29Z;2023-02-14T18:57:16Z;d3f30199e10bf3c03adbdbc11cfad2d9fe86b637;235860204
616;1239393089;add auto-generated PR workflow;18311180;closed;2023-02-13T17:53:19Z;2023-02-17T22:18:18Z;3ea272e646978af53127906b97bcd950f5cb866a;235860204
617;1237058802;Fix example command for building wheel with dev version specified.;114770087;closed;2023-02-10T17:46:45Z;2023-02-21T18:16:36Z;b4d40e357b9be06c82db5533564f6aee63f73968;235860204
618;1236676063;Reduce I/O size;4271600;closed;2023-02-10T13:11:59Z;2023-02-24T15:59:44Z;8710f0514e0acf947c8942791f8051087e39bce0;235860204
619;1236056882;TP unsupported models and assertions;112220543;closed;2023-02-10T04:29:33Z;2023-03-01T22:18:14Z;4ae3a3da0dfd19d7ab7a76e7c742ac12f44fc1c0;235860204
620;1234270562;Handle hanged tests in CI;18311180;closed;2023-02-08T23:13:05Z;2023-02-11T00:46:40Z;349f845b838c6992c5ea19e80fc728bef9645962;235860204
621;1234169706;Make z3 respect comm dtype;4271600;closed;2023-02-08T21:23:13Z;2023-02-22T11:50:58Z;81b4d5db06b70ed7bc188568f90d89af32f876b1;235860204
622;1234108545;Fix Slurm launcher user args;114770087;closed;2023-02-08T20:19:13Z;2023-02-09T06:37:18Z;d038dbd268c3f81aaf8a650f599f7102a0541592;235860204
623;1234037792;ZeRO 1 and 2 Gradient Accumulation Dtype.;114769929;closed;2023-02-08T19:20:27Z;2023-02-17T02:40:40Z;064d22463389dcfeb6aba6f7c4b1c2e46e336c68;235860204
624;1233884925;Add user defined launcher args for PDSH launcher;114770087;closed;2023-02-08T17:07:57Z;2023-02-08T19:57:14Z;4af1f76a99f6807b396f1f55727a3065fea48e7a;235860204
625;1232878819;deepspeed/runtime/utils.py: reset_peak_memory_stats when empty cache;10448440;closed;2023-02-08T02:26:11Z;2023-04-10T16:29:06Z;6eca037ce0f50abea393ee0dc81c05876c081436;235860204
626;1232550196;Check device count before running dist tests;46639297;closed;2023-02-07T20:25:06Z;2023-02-23T20:04:50Z;7e77cf710a90afdac440862e4dd3da7960494f05;235860204
627;1231112539;Update ROCm version;62723901;closed;2023-02-06T21:46:45Z;2023-04-24T13:46:58Z;781333714e3e019c5b99b1e94901f0f4b840b326;235860204
628;1229842767;Fixing broken link to azureml-examples recipes;1402704;closed;2023-02-06T04:36:27Z;2023-02-06T18:24:18Z;f376daea5215ce74d7f9e979c41e813c2f6127ee;235860204
629;1228849585;Add container load checkpoint error reporting + refactor;113481193;closed;2023-02-03T23:56:14Z;2023-02-07T23:18:31Z;10f3c301a00984f039f1c5d0ee90134eedac2181;235860204
630;1228831328;Allow abcmeta types for injection policy for container policies;112220543;closed;2023-02-03T23:35:28Z;2023-02-14T20:51:45Z;d0c425789c063fca26af127d41ced602f3a0799e;235860204
631;1227563001;remove outdated comment;10676103;closed;2023-02-03T04:24:26Z;2023-02-06T18:26:36Z;d323abd80f62bebb9924bb85feb72b57c25af50d;235860204
632;1227428276;Fix auto TP for duplicate modules with different gems;112220543;closed;2023-02-03T01:09:30Z;2023-02-15T20:50:33Z;46784cb58edf7bbe9b6bbec95212de7b81e55b01;235860204
633;1227303300;Add hjson support for user configs;18311180;closed;2023-02-02T22:13:19Z;2023-02-03T12:26:44Z;4079077c2c3ccfe5c501a517743feed6dee8d78d;235860204
634;1227284236;Fix gpt-Neox rotary embedding implementation;44502768;closed;2023-02-02T21:54:07Z;2023-02-16T18:47:46Z;5b7413a4fcc55f5e9e789fb58b88a6ce00270e47;235860204
635;1227230479;Fix Checkpoint-loading with Meta-tensor;44502768;closed;2023-02-02T21:07:01Z;2023-02-03T07:12:54Z;2c6e819450282e7509d8ac55682edd1336026e72;235860204
636;1227165221;Container param cleanup + remove qkv_merging;113481193;closed;2023-02-02T20:04:39Z;2023-02-03T21:49:33Z;0a73e6e6137a91e1b776f725b637f8b37a75f8e7;235860204
637;1226688763;Common location to install libaio-dev;4271600;closed;2023-02-02T14:34:42Z;2023-02-04T18:26:04Z;7d9fae4da957778f3578f855c2c8b1ec9e8fa3fe;235860204
638;1225809510;Fix broken kernel inject bug;112220543;closed;2023-02-02T01:51:14Z;2023-02-02T02:55:28Z;c5b983e92ec71d0bbd1deb110537db4eafbe1fb5;235860204
639;1225318823;Enable page-locked tensors without CUDA;4271600;closed;2023-02-01T18:46:09Z;2023-02-07T22:14:19Z;c9b08888d0c776af9f8054840ce833e18028f03e;235860204
640;1223925460;Add T5 example using flops profiler to the docs ;17418037;closed;2023-01-31T21:33:57Z;2023-06-21T18:18:42Z;99ea739e854cdfa42ed6810de96793cda813d2ba;235860204
641;1223857481;fix upsample flops compute by skipping unused kargs;17418037;closed;2023-01-31T20:26:50Z;2023-02-01T20:44:28Z;b5750b64497cacbaf469f02db9cd76d9eda495c9;235860204
642;1223320044;Pin minimum `packaging` requirement;11067892;closed;2023-01-31T13:47:14Z;2023-01-31T21:30:37Z;02e95e6ab47b5a8a0f2b7e9aef6a6ad8cedd1dc7;235860204
643;1222389369;Create tensor parallelism blog/tutorial;112220543;closed;2023-01-30T22:09:29Z;2023-02-21T19:52:23Z;3253e7db835e7de5b7aae928974213eb98f9166c;235860204
644;1222131121;Bing/formatting correction;67908712;closed;2023-01-30T18:41:52Z;2023-01-30T22:05:02Z;8d3b42c23031861a0d49bf2ff438334d7c60958c;235860204
645;1222005584;modify engine.py for formatting;67908712;closed;2023-01-30T17:25:52Z;2023-01-30T21:01:30Z;cac08915e06ca51a697b8060d8f26defdfe378e9;235860204
646;1221175081;modify engine.py for formatting;67908712;closed;2023-01-30T07:52:53Z;2023-01-30T17:19:05Z;6afd857fb343ee5a21c5ba4f9731420a81286a22;235860204
647;1220181005;Conditionally Make Op Building More Verbose;2001145;closed;2023-01-28T07:25:29Z;2023-01-28T20:04:57Z;258d283181120c05fab01f2727461db19e664e8b;235860204
648;1220165095;Rtd staging;67908712;closed;2023-01-28T06:16:27Z;2023-01-30T07:55:24Z;36ed72550371c68542641bdf91d4a686f13ce9ba;235860204
649;1220033757;Add links to new azureML examples;73311224;closed;2023-01-27T23:33:33Z;2023-01-31T00:28:04Z;1db4ade30b207b530f41158ed2114e5b8cf81612;235860204
650;1218597281;Skip test_bias_gelu unit test if torch < 1.12;113481193;closed;2023-01-26T23:59:05Z;2023-01-27T03:02:06Z;cc3d7cb9982b0130c1b9a0bb464cb06a99b000f8;235860204
651;1218373803;Fix for diffusers v0.12.0;18311180;closed;2023-01-26T20:02:09Z;2023-01-31T23:54:47Z;ef6a958e70fe0106afbff9c2c885878cc659f4ac;235860204
652;1217299390;fix a misspelled attribute;10676103;closed;2023-01-26T01:00:42Z;2023-01-26T17:53:25Z;30d3f5df7a60b809f8f655677ea033a2398de156;235860204
653;1215560232;Pin transformers unit test version;18311180;closed;2023-01-24T18:47:54Z;2023-01-24T21:15:13Z;86b797d06b0c0d1390ad16477ae3edeff7915f61;235860204
654;1215447566;[Inference] BF16 Kernel Support;2001145;closed;2023-01-24T17:20:15Z;2023-08-25T17:09:58Z;17746bc7bb21ea40d5544c8abe7358cfe73eb4cc;235860204
655;1215429675;Fix hardcoded instances to fp16 in optimizer creation log messages to the correct dtype.;114770087;closed;2023-01-24T17:07:23Z;2023-01-31T18:18:38Z;86477538a62f8b192d3c4978a8da747f67f4a3d3;235860204
656;1215297868;Fixing Optimizer Sanity Check;114769929;closed;2023-01-24T15:30:28Z;2023-01-25T15:14:30Z;4be8df721ae631264abb62216692c7eb64b49e20;235860204
657;1214241502;Change zero_grad() argument to match pytorch;114770087;closed;2023-01-23T23:21:38Z;2023-01-24T18:05:37Z;34a11688c4b3dd98fe23d6222fc4c54e7ac74fe3;235860204
658;1213756022;fix load_optimizer_states for MoE (#2737);379115;closed;2023-01-23T17:07:39Z;2023-05-11T20:43:04Z;70e934791ecd0b0e2710c6883b1475527d351ebb;235860204
659;1212013423;[zero] remove misleading dtype log;645595;closed;2023-01-20T20:09:59Z;2023-01-26T17:55:30Z;a60e31a7f2f1df9f58fa20c5e2573ec52d3b394d;235860204
660;1210961012;Enable tensor fragments for zero 2 & 3;4271600;closed;2023-01-20T01:18:21Z;2023-02-28T04:40:49Z;541e423ae652e217f565f4c41daa4619cb526642;235860204
661;1210909076;Rename argument to set_to_none to match pytorch convention;114770087;closed;2023-01-19T23:58:13Z;2023-01-31T19:43:21Z;a039b62d8623ecdb5c42429b2f00d8a184cd3ef2;235860204
662;1210869674;Port Reza's INT8-quantization fix to container architecture;113481193;closed;2023-01-19T23:04:44Z;2023-02-16T18:12:19Z;fd1449c766f8dc0b0d77ef6389934d094b60a889;235860204
663;1202123244;Fix typo in diffusers transformer block;18311180;closed;2023-01-18T18:42:34Z;2023-01-18T22:43:49Z;8df50a269122e85dca2d0b72e98de2763b60e87c;235860204
664;1200978934;[install] only add deepspeed pkg at install;645595;closed;2023-01-17T23:45:34Z;2023-01-18T18:26:27Z;0b549ad70a8966b5bfd3a0be5da472d8bb05222d;235860204
665;1200919831;Fix nightly tests for new lm-eval release;18311180;closed;2023-01-17T22:32:00Z;2023-01-18T18:27:36Z;23e5133c353c00f39257b853f5c9a4a69d039009;235860204
666;1200884351;Remove CI trigger for push to master;18311180;closed;2023-01-17T21:50:01Z;2023-01-18T01:41:55Z;df2495ca7801a737e9d04bcedd5b0776580b7fa3;235860204
667;1200711046;Fix autotuning so that it records Floating Point Operations per second, not microsecond;7449128;closed;2023-01-17T18:57:01Z;2023-01-26T16:49:30Z;d4bfae415d4b967877d16e2d7e889cd6dd42016b;235860204
668;1199608840;Fix softmax backward;44502768;closed;2023-01-16T23:58:56Z;2023-01-26T23:22:35Z;0b06e0cbb0f1ec3f34e60136ce7c803df6780cd5;235860204
669;1197705854;BF16 optimizer for BF16+ZeRO Stage 1;114769929;closed;2023-01-14T18:58:39Z;2023-01-18T20:00:25Z;8d87c89e4246f50a3ed5c8fadf9269bd348fa83a;235860204
670;1197390475;remove print side effect from importing deepspeed;645595;closed;2023-01-14T00:13:14Z;2023-01-17T18:27:40Z;35575bce4e6ac37f49182f640df420f0bd4bade0;235860204
671;1197251810;[ZeRO] non-MoE stage 1 requires CG disabled;645595;closed;2023-01-13T20:49:25Z;2023-01-17T18:05:14Z;e4ba722297b320471b26a5c4aa9766084cee218a;235860204
672;1196046763;Fix for latest diffusers;18311180;closed;2023-01-13T00:37:45Z;2023-01-13T22:19:26Z;c9c6ab9e32b054136c3a125900d6e2ed937432be;235860204
673;1195989671;exclude benchmarks during install;645595;closed;2023-01-12T23:10:00Z;2023-01-13T22:24:31Z;cd271a4aa6bae494e087a80c5714746f71bf8da0;235860204
674;1195787980;Correct loss scale in ZeRO step;114769929;closed;2023-01-12T19:30:39Z;2023-01-14T08:09:21Z;fe728e3ed880f27de2c21234f12b7aa6f672e825;235860204
675;1193230680;Fix runtime bug in developer install mode;19373651;closed;2023-01-11T03:40:51Z;2023-01-11T08:11:00Z;dc93b33417822786e1b0e32cdef775ad89d35b72;235860204
676;1193102516;Fix import error of op_builder;81312776;closed;2023-01-11T01:06:48Z;2023-01-11T17:59:12Z;cf9e433fd95bdd89b90123b7ab671ba03a591b1e;235860204
677;1192372546;real_accelerator validation check for both accelerator and deepspeed accelerator path;19373651;closed;2023-01-10T13:27:19Z;2023-01-10T15:24:01Z;62c071e016aca6dbf12695bdb680721dcf3500ad;235860204
678;1191706110;Extend quantization utils features;112720551;closed;2023-01-10T01:43:55Z;2023-01-12T19:25:56Z;aef8a8560c420fe79bf8340fd544a941e9ae85f8;235860204
679;1189831991;Abstract accelerator (step 3);19373651;closed;2023-01-08T13:56:39Z;2023-01-26T14:03:13Z;98cc35b6a8e53e15829ce64fd8da835db0c61da9;235860204
680;1185714406;fix  Tensor contiguous bug in model_compression;94406484;closed;2023-01-05T01:49:31Z;2023-01-09T14:40:57Z;be6d19f0f1d929f8d28df5392be588ad592fde48;235860204
681;1185565433;Automatic tensor parallelism v2;112220543;closed;2023-01-04T23:13:27Z;2023-01-24T23:05:49Z;d59b572911d121b4e296c18ccbc4ef3bc2794b15;235860204
682;1185464406;Reset KV-cache at the beginning of text-generation;44502768;closed;2023-01-04T21:35:30Z;2023-02-03T20:07:45Z;9f41ffe4a64a0b5b8b06145b29775b0a6b363e7f;235860204
683;1185365765;[inference] ds-mlp refactor w.r.t. ops;645595;closed;2023-01-04T19:52:21Z;2023-01-10T00:31:11Z;c702b64c94243674c3143a4cf29d59777a88307d;235860204
684;1184145487;[GatheredParameters] fix memory leak;10676103;closed;2023-01-04T01:04:34Z;2023-01-26T12:47:51Z;ddd48b36ac4586d08f747de09e021916569ac5b3;235860204
685;1184105320;[GatheredParameters] add support for any iterable;10676103;closed;2023-01-04T00:23:41Z;2023-01-13T18:47:42Z;217cc07bb5984b59da175824e9b91f1982f1ba2e;235860204
686;1184097044;[fp16] lower `initial_scale_power` to `16`;10676103;closed;2023-01-04T00:08:16Z;2023-01-09T12:54:49Z;f30a03086189fbc65fd5d1d611ed3ec327debeb5;235860204
687;1182952747;Fix INT8-quantization for BLOOM, OPT, and Neo-X;44502768;closed;2023-01-02T23:10:47Z;2023-02-10T19:47:04Z;7861d0aa4e3a72a2b76e6c08a59b36e4a7e34fe8;235860204
688;1181468748;[Bug Fixed] torch.cuda.is_available -> torch.cuda.is_available();3415417;closed;2022-12-31T14:18:51Z;2023-01-09T04:46:42Z;323c266cfe65f16f522092f1bc84998e04ed7f94;235860204
689;1181366607;[doc] fix `min_loss_scale` default;10676103;closed;2022-12-31T05:00:44Z;2023-01-03T23:18:32Z;f2ea7a3818b28e60d689e75635a7c9ad4cd9a805;235860204
690;1180349369;fix flops profiler multiple wraps issue;29777165;closed;2022-12-29T15:41:51Z;2023-07-18T16:49:16Z;6c9270d4f723c68149744b160426a0772f2cb97e;235860204
691;1179516308;fix typo and remove duplicated code in ZeRO stage 1 and 2;3415417;closed;2022-12-28T15:27:51Z;2023-01-10T22:28:27Z;89da037e80fc433e91e4480ffc84542936ae6074;235860204
692;1178818909;ZeRO3 handling frozen weights;4271600;closed;2022-12-27T19:41:20Z;2023-01-17T18:40:16Z;bf6b9802cd04fba23f627e042682d69e2ae41045;235860204
693;1176776929;tweaks to ds-attn, distilbert policy, and mup;645595;closed;2022-12-23T20:20:33Z;2022-12-28T18:16:03Z;d9b788d773ce97281ee63064cc99993cb82397e2;235860204
694;1175981097;fix assertion error in zero stage 3;14852010;closed;2022-12-23T04:01:14Z;2022-12-23T14:12:52Z;6375cb3f34d9c5c10d56ffb8dad27734cb4d85b0;235860204
695;1175927334;Add unit test for nebula;110755803;closed;2022-12-23T02:14:04Z;2023-03-15T02:53:18Z;8fb4ab4cd198d39fac923372ad5890e7660aebda;235860204
696;1175870824;Fix issue w. bloom int8 when changing tp size;645595;closed;2022-12-23T00:48:45Z;2022-12-23T03:27:33Z;e0aa84c5b5ea16c2f316ec7c494c60328d179f63;235860204
697;1174325326;[zero-3] Handle forward parameter return correctly in nested cases;3409344;closed;2022-12-21T23:00:35Z;2022-12-23T00:50:45Z;a298a43af22b9f971ff63e414887e659980889d9;235860204
698;1174303095;Refactor/Pydantify monitoring config;18311180;closed;2022-12-21T22:29:28Z;2023-01-31T20:58:13Z;d923f7c895cfe071fffd760af04a6773d702d8a5;235860204
699;1173898294;Fix typo in autotuner.py;22633385;closed;2022-12-21T15:53:51Z;2022-12-21T17:37:03Z;6273dffc2f192275a08268b683c309a328b52191;235860204
700;1172948834;[zero] `_apply_to_tensors_only` handle `torch.Tensor` subclasses;10676103;closed;2022-12-20T23:28:30Z;2022-12-22T17:31:08Z;8b494744084737fcf9c376060cd8bad974871481;235860204
701;1172665851;[launcher] fail gracefully if hostname -i doesn't work as expected;645595;closed;2022-12-20T19:18:00Z;2023-01-03T23:21:00Z;a091bc223c01e94448f443456a6c15684644b966;235860204
702;1171485229;Unit tests setup own venv;18311180;closed;2022-12-19T23:26:27Z;2022-12-20T23:45:49Z;6fff50f52b85dda0686bbe365fcc27be986de4a5;235860204
703;1171360098;[inference] check for unsupported model generate args;645595;closed;2022-12-19T21:19:54Z;2022-12-19T22:39:52Z;5676f5ec9c68fa18ff015bb5826fb269777b58de;235860204
704;1171327465;[launcher] parse hostfile via regex and added error checks;645595;closed;2022-12-19T20:50:48Z;2022-12-19T22:41:53Z;8c56c25d84764dccf5979cb40a318bc3ccfac31a;235860204
705;1171098035;Optimize megatron unit test time;18311180;closed;2022-12-19T17:42:47Z;2022-12-21T19:34:40Z;4fc305e25e87fbbc3befa27d86dc462e7ea7591a;235860204
706;1169145866;[inference] ds-attention refactor w.r.t. ops;645595;closed;2022-12-17T01:09:15Z;2022-12-23T01:19:50Z;bb68c526ad2c267dfb235db9c0d0fb1413d19a34;235860204
707;1167808946;Update AVX512 Detection;2001145;closed;2022-12-16T04:42:33Z;2022-12-17T13:57:28Z;a25c31b67dc676760bfaed1b7d2d638bf3a85fba;235860204
708;1167803658;call empty_cache to really free up GPU memory as described in comment;10448440;closed;2022-12-16T04:35:02Z;2022-12-16T16:28:11Z;d0dbc95a90d79e96adee0286fdf0843b54923069;235860204
709;1167501344;Add Megatron CI workflow;18311180;closed;2022-12-15T23:00:24Z;2022-12-18T01:23:13Z;df985fac41a77ff7cc4eb59748c6810db797252d;235860204
710;1167450317;Use rocm/pytorch:latest for ROCm Dockerfile;37884920;closed;2022-12-15T22:01:26Z;2022-12-15T22:03:10Z;7e2103f8e2c9a4e1be6c3aaa7929f765eb5dd7a4;235860204
711;1167245040;Fix for older versions of pydantic;18311180;closed;2022-12-15T19:07:27Z;2022-12-15T21:16:25Z;2e596e679d28a660c9a06e38ed8088ecd9e3c730;235860204
712;1163861840;CVE-2007-4559 Patch;112716341;closed;2022-12-13T21:38:44Z;2023-09-06T19:17:25Z;843252b07a6c398fa885acbd6e7e3d4abbd57ff9;235860204
713;1163640990;Pass training flag to forward call from module config;112720551;closed;2022-12-13T18:45:42Z;2023-01-11T22:30:20Z;e7c14026d3b7a71e8624e5d15c3c4aae1e7b5bb0;235860204
714;1163507721;fixes #2498;379115;closed;2022-12-13T17:34:02Z;2022-12-17T00:57:26Z;0f0e38c52072cbcb12ed410a0e2704f2723123e2;235860204
715;1161969165;fix blog link;4238238;closed;2022-12-13T01:01:57Z;2022-12-13T01:08:06Z;acde873cdc1b87f01d26422173da54755bad1208;235860204
716;1161961171;Migrate ops tests to new inference_ops marker;2001145;closed;2022-12-13T00:53:40Z;2022-12-13T17:17:00Z;7425a3652e55d532fbdb0540a05c2467c82c8973;235860204
717;1156952272;[benchmarks] get mask token from tokenizer;645595;closed;2022-12-10T01:05:00Z;2022-12-10T01:10:04Z;2076bf2311c5ce0bcf0e795e94d58e1c5650c6e2;235860204
718;1156829055;Remove GatheredParameters context from replace_with_policy;113481193;closed;2022-12-09T23:13:35Z;2022-12-16T21:43:29Z;503706ac44f3702f3c890e3b89b59d0bd77933dd;235860204
719;1156683511;Move layer norm to new schedule;112720551;closed;2022-12-09T20:58:49Z;2022-12-13T18:37:24Z;3a3dfe66bb8100978bd38e3605735e15457113a8;235860204
720;1156655500;Fix issues w. python 3.6 + add py-version checks to CI;645595;closed;2022-12-09T20:34:28Z;2022-12-09T21:53:58Z;35eabb0a336e7a8e9950a550475ceaebda42066c;235860204
721;1154638681;Updating docs README;114769929;closed;2022-12-08T18:52:47Z;2022-12-09T04:25:38Z;377c770a61482a6b89374a9ed21e92af791b28b0;235860204
722;1154616210;Updating API docs;114769929;closed;2022-12-08T18:33:55Z;2022-12-09T04:28:24Z;18713c6838acfa779c2f58e9d97f85be2d592f6b;235860204
723;1153809566;DeepSpeed Data Efficiency Library;4238238;closed;2022-12-08T10:41:24Z;2022-12-13T00:55:19Z;ef869377e91660a649d16d8f416841ed9b5dbed3;235860204
724;1151422185;DeepSpeedZeroOptimizer dist.reduce optimization when self.round_robin_gradients is false;17159645;closed;2022-12-07T12:09:14Z;2023-09-14T03:07:24Z;03dd8779a1963cc62cf77144c4b46d7312c07f75;235860204
725;1150346590;Fix MegatronLayerPolicy to have megatron_v2=True;113481193;closed;2022-12-07T00:57:37Z;2022-12-07T17:26:10Z;731965db330d9ee0d393526412134063dbd3709c;235860204
726;1147286626;Support N-dimension input in quantization kernel;112720551;closed;2022-12-05T19:47:00Z;2022-12-08T02:33:20Z;591744eba33f2ece04c15c73c02edaf384dca226;235860204
727;1147176723;Drop Maxwell Support;2001145;closed;2022-12-05T18:41:29Z;2022-12-06T18:42:32Z;b8416282072e977fdc0f9c77019852faf586a418;235860204
728;1146935773;Add Determined to open-source DL frameworks;33820650;closed;2022-12-05T16:23:16Z;2022-12-05T17:10:39Z;2d8f3f564ddc1cce2f458546b595dc240034071a;235860204
729;1146085892;Fix #2409: add enable_each_rank_log to deepspeed/launcher/runner.py;27563729;closed;2022-12-05T08:22:21Z;2022-12-21T03:15:05Z;11f5daba5e9589880856efec6de733cb84f42d08;235860204
730;1144583362;Update barrier and reduce_scatter_base to conform to PyTorch signatures;10281105;closed;2022-12-04T02:46:02Z;2022-12-07T20:40:52Z;18d55e54b0f7d889e34cd2d2dffd50fcf1ba99a0;235860204
731;1143789957;use get_global_rank if available;645595;closed;2022-12-02T21:49:28Z;2022-12-02T23:46:01Z;d4cab2cec2c54b0bf9121dcd094f56754c581f6e;235860204
732;1143068717;Support fp32 gradaccum for bf16 model;19373651;closed;2022-12-02T10:57:55Z;2022-12-06T15:47:40Z;06938835ebf47df6aacab30aa7c0eb049bc5f228;235860204
733;1142783595;Update the locator for Megatron-LM;14137676;closed;2022-12-02T06:00:54Z;2022-12-02T06:06:25Z;bbe030c5c92381a8968290a3bca530c54c1e8b03;235860204
734;1142398908;add a base moe container skeleton for brainstorming.;9065216;closed;2022-12-01T20:31:29Z;2023-09-14T18:19:13Z;2b2545e41c48d403eb9351f637ffe932b47a9f38;235860204
735;1142189000;Add checkpoint sharding unit tests;18311180;closed;2022-12-01T17:28:58Z;2022-12-08T22:35:44Z;ccb8eb81fb86c7d2447364854d53fcf02aea56a4;235860204
736;1141632965;Abstract accelerator (step 2);19373651;closed;2022-12-01T10:30:28Z;2023-01-07T04:40:59Z;9548d48f48a53b97bdbeada374b7f35ad2f1c655;235860204
737;1141432315;Fix bugs in exp_count and add a boolean flag on whether to use both masks in calculating l_aux;59205838;closed;2022-12-01T07:49:49Z;2023-09-07T16:48:14Z;56fa5c81a9171c514b6825199d5774747db259e5;235860204
738;1139449369;Add missing MoE fields to inference config for backward compatibility;18311180;closed;2022-11-29T19:40:25Z;2022-11-29T22:06:23Z;c5f85858a87b9df811e7accb5f6e101a1c9f2f46;235860204
739;1138193939;Inference Refactor (replace_with_policy, model_implementations);9065216;closed;2022-11-28T22:24:38Z;2023-01-19T22:10:04Z;867da307d047c8122454ac8b0880cd23d38949e7;235860204
740;1138036910;Report progress at gradient accumulation boundary;116392778;closed;2022-11-28T19:52:39Z;2022-11-29T01:39:39Z;340fc0cf1926f4cb721297bd3c4dd1fb11203668;235860204
741;1135699033;Fix bugs in l_aux and exp_counts calculation in moe top2gating;59205838;closed;2022-11-25T09:15:09Z;2022-12-01T07:07:40Z;b1d6f5739dd1ef2484a19855f4b9fa0cecea6ef1;235860204
742;1134746870;Fix invalid check of recorded parameter orders in zero stage3.;27563729;closed;2022-11-24T10:48:14Z;2022-11-30T18:10:51Z;aeda7f9f8c5bdaee318e7b6094279484d41c659c;235860204
743;1134373549;The PostBackwardFunction class should be more clearly named to distinguish it from the PreBackwardFunction class.;56068245;closed;2022-11-24T04:07:12Z;2023-09-06T20:58:53Z;18a04d04a52e70cf2e1d0eb6d38df0dad110f937;235860204
744;1134349208;Fix quantized-inference & Add generic support of checkpoint loading;44502768;closed;2022-11-24T03:24:42Z;2022-12-06T21:49:30Z;35b350b28ca99498edd0d1644ee4dde6247a5409;235860204
745;1133996828;Automatic tensor parallelism for HF models;112220543;closed;2022-11-23T19:36:38Z;2023-01-19T21:19:52Z;602cc3ec7990dc981a5fa11ee92775f30d47fc22;235860204
746;1133985681;Remove /tmp from mvapich hostfile.;9065216;closed;2022-11-23T19:23:59Z;2022-11-23T19:38:10Z;6fffe9602447a8bf606d3578ee829222d6b2ca9b;235860204
747;1132854073;"fix typo ""requres_grad"" in zero-3";46639297;closed;2022-11-23T05:18:53Z;2023-02-04T01:32:12Z;befb40a8ad966288d38865eea30f5387f86a1789;235860204
748;1132631678;Fix Opt injection;44502768;closed;2022-11-23T01:45:08Z;2023-01-06T21:21:50Z;95d9a1b6c3ec990dd04d02bda3878b1154408f2f;235860204
749;1132478100;Remove mutable default parameter in `init_inference()`;14283972;closed;2022-11-22T22:18:27Z;2022-11-23T02:00:11Z;4abf637f96cd36d450125a38a15d21df1cf0b8db;235860204
750;1132300154;Pass down the new DS inference config to replace_transformer_layer.;9065216;closed;2022-11-22T19:22:22Z;2022-11-23T19:50:11Z;90ae6884424232870154b49967c3e61f0db550d6;235860204
751;1132262253;Make DS-Inference config readable from JSON;18311180;closed;2022-11-22T18:47:04Z;2022-11-22T21:06:37Z;8b4318b950d09d975c62cd8f4285821fa670ce87;235860204
752;1132262085;Change Where DS/Triton is Used in Stable Diffusion;2001145;closed;2022-11-22T18:46:54Z;2022-11-23T17:42:30Z;5df1eea74272d9fd7e15e8f40044a9cda6187de9;235860204
753;1132204358;Parse AZ_ML host list and construct resource pool for deepspeed;9065216;closed;2022-11-22T18:05:02Z;2023-09-14T20:03:18Z;662bd2679ffbb7c0d96b05512a2209539266ab92;235860204
754;1132092977;Ensure MOE is initialized for SD;2001145;closed;2022-11-22T16:35:36Z;2022-11-22T18:31:26Z;57e0a55066f0229ea4bba59c520267643aab792f;235860204
755;1130832384;Add MII tests;18311180;closed;2022-11-22T00:50:00Z;2022-11-22T23:31:44Z;c5ee27f737388feaa442d3d7534c8b93d02bbb41;235860204
756;1130754618;Fix #2096 - MoELayer accepts varient in out dim;9088025;closed;2022-11-21T23:10:23Z;2023-05-29T14:09:59Z;4bc23615adb9492f91cd36b50ed80e90c3430c66;235860204
757;1130333236;Pipelined Quantization Implementation;2001145;closed;2022-11-21T16:48:38Z;2023-01-26T20:22:25Z;7e6d4fc0fc016258258e209b0d3bfc46dbbb0ebc;235860204
758;1130063197;Fix _gelu_flops_compute prototype according to pytorch;2708997;closed;2022-11-21T13:30:16Z;2023-02-24T22:18:31Z;fd05ee71d8d03c82b7fc07b3fd4d53e5350f8be2;235860204
759;1127991811;Update codeowners;645595;closed;2022-11-18T18:07:47Z;2022-11-18T19:02:30Z;0b265326127bb4faa9658b8ede91615aaf6e3e44;235860204
760;1127141700;encoded ds config into command line argument when launching child processes in autotuning;17418037;closed;2022-11-18T07:36:38Z;2022-11-29T18:22:28Z;abe4fc6b55a8e3b78f46479389887f1942cc93cf;235860204
761;1127124463;Set zero stage to 0 in autotuning when prescale gradients is used;17418037;closed;2022-11-18T07:20:05Z;2023-08-22T23:32:46Z;08dafc4508668ee41c3266650fcfd0bdc121c9d2;235860204
762;1126813304;Fixes for torch 1.14 due to new torch.numel return type;645595;closed;2022-11-18T01:02:36Z;2022-11-21T23:26:37Z;211055216792cbb52ab6d355f698c194f9c55efb;235860204
763;1126782662;Dequantization Utils Library;2001145;closed;2022-11-18T00:28:26Z;2022-11-19T00:02:30Z;30c8d8a8818ee3585d320469e0777083530a1cc4;235860204
764;1126567308;Add note about nvcc/hipcc requirement;645595;closed;2022-11-17T20:58:45Z;2022-11-17T21:34:21Z;7ce371b139521b1ebbf052f0496b1a16397c1d19;235860204
765;1126431002;Add missing Inference sub-configs;18311180;closed;2022-11-17T19:01:44Z;2022-11-17T21:33:59Z;fe6785447d4e7a3918aa5d6b24b5c9473a695483;235860204
766;1126335405;Fix backward compatibility for InferenceConfig;18311180;closed;2022-11-17T17:34:28Z;2022-11-17T21:00:40Z;e59f80549e30db0b6c088fd3bb2289ac98d91510;235860204
767;1126090208;use `Flops Profiler` to test `model.generate()`;84232793;closed;2022-11-17T14:28:35Z;2023-06-22T05:00:30Z;c4c442f085b6a8646938fbca176de47b3eac2440;235860204
768;1123590709;Adding Gradient Accumulation Data Type Config;114769929;closed;2022-11-16T00:20:12Z;2022-11-28T04:29:28Z;21c28029648df4c98acd6331a8fdc0d29f297fa7;235860204
769;1123562993;Add unittest to chek huggingface low_cpu_mem_usage_flag;112720551;closed;2022-11-15T23:49:49Z;2023-08-21T16:42:03Z;f2fead9da9fd47c1089531ca903a3cd352aa9c88;235860204
770;1123366295;Update docs to autogenerate pydantic config model docs;18311180;closed;2022-11-15T20:23:22Z;2022-11-15T21:27:23Z;43bf035cfce6eec7b93e534a8a44d2aefd420ffd;235860204
771;1123314756;Add max_tokens alias to max_out_tokens arg to maintain backwards compatibility;113481193;closed;2022-11-15T19:31:40Z;2022-11-15T23:18:20Z;d40a15fcf017d0675ca1c4759ea70af6a4f89247;235860204
772;1122197739;CUDA optional deepspeed ops;4271600;closed;2022-11-15T01:03:04Z;2023-01-17T23:02:46Z;3f210c971590d5d23acc57004330f9ae38001748;235860204
773;1121679719;fixes #2498;379115;closed;2022-11-14T16:57:26Z;2022-12-12T02:43:00Z;069343553245ef1a948532e5d35c0a7fa5379e2e;235860204
774;1120381107;Abstract accelerator (step 1);19373651;closed;2022-11-13T14:08:27Z;2022-11-30T12:15:59Z;ffcf3846739108b0010de319438b17bb4e70b4c9;235860204
775;1120040099;Remove unnecessary device synchronization for stage 2;73142299;closed;2022-11-12T17:50:38Z;2023-01-08T21:26:38Z;97deaaec5783b85956b7330d0d0b8f94dad92a14;235860204
776;1120030489;Fix typos: deepseed -> deepspeed;13817444;closed;2022-11-12T17:15:42Z;2022-11-13T21:51:02Z;06e00f61ce12238ccca1cedbeb1e9391d7199c42;235860204
777;1118215685;Add mlflow logging for aml;73311224;closed;2022-11-10T19:43:29Z;2023-01-11T01:25:28Z;a3d7f106f59293c71c02aa1b1b327a6d811e5790;235860204
778;1117022493;stage_1_and_2.py: no allreduce needed when mp size is 1;10448440;closed;2022-11-10T02:23:16Z;2022-11-10T11:23:39Z;3ca9878d8e92af92ed1fda563805cad4f33b77cf;235860204
779;1116785174;Fix nightly CI tests;18311180;closed;2022-11-09T22:43:49Z;2022-11-10T20:27:47Z;be5ec506bd5219adea80bf3ac89678914ec32cd1;235860204
780;1116615082;Stable Diffusion Enhancements;2001145;closed;2022-11-09T20:07:20Z;2022-11-10T01:40:59Z;e7e7595502033a8a62612ab8f657395d5912528e;235860204
781;1114879989;Make data contiguous before the inplace reshape-copy_ function.;112720551;closed;2022-11-08T18:50:15Z;2022-11-11T22:04:32Z;f2710bbe1dc19717b3c99e910cb453ea20ae8b08;235860204
782;1114008982;Add `scale_attn_by_inverse_layer_idx` feature;38183241;closed;2022-11-08T08:51:03Z;2022-11-09T23:29:11Z;6f77da1bae506cfa54636a03ad74f21d1e90a1ac;235860204
783;1113287465;Fix CI issues related to cupy install;18311180;closed;2022-11-07T20:40:32Z;2022-11-08T18:17:03Z;521d329b975de97ec0b52395f02bb32466b8dc35;235860204
784;1112373072;fix accelerate link in README;50972773;closed;2022-11-07T07:40:21Z;2022-11-07T17:39:40Z;a47c3e03cf45b2ba0dc29800a47105418cdc91e7;235860204
785;1112135944;skip torch.zeros and tensor.copy_ when model parallel is not used;10448440;closed;2022-11-07T01:07:15Z;2022-12-16T13:24:30Z;b08cf41638bdf847de3772b9ca3366f069ea9287;235860204
786;1111214499;Added MLFLOW environment variables for logging metrics within trainig…;39776179;closed;2022-11-04T19:03:34Z;2022-11-05T00:32:39Z;ffb6d9876254c0ff39bae224c66d2b4f49d391e1;235860204
787;1111202737;Updating autotune json default in docs.;114769929;closed;2022-11-04T18:52:30Z;2022-11-04T23:00:13Z;4a06ecf631f79eeb4beaacec8590f18974bd7c1a;235860204
788;1110049235;Fix Stable-Diffusion: Add correct memory-allocation at DeepSpeed-Attention;44502768;closed;2022-11-03T19:46:00Z;2022-11-08T00:23:26Z;9cfcf7431a02ad9c75e180e273d82566df6b7e34;235860204
789;1109919063;DeepSpeed inference config. (#2459);9065216;closed;2022-11-03T17:30:16Z;2022-11-15T00:45:43Z;b5d18a6ab32d839b08f922579f9e2e0797f4bfed;235860204
790;1109308684;[Don't merge][snapshot for XPU customer] Support accelerator abstraction in DeepSpeed;19373651;closed;2022-11-03T09:18:11Z;2023-08-18T18:10:47Z;;235860204
791;1109065810;Make bf16_optimizer work for non pipeline parallelism;4271600;closed;2022-11-03T03:51:54Z;2022-11-10T17:15:00Z;ee39187d8f07f7efc615f64affa8cc60ccf41eb5;235860204
792;1107465600;Create a new folder structure to isolate model-specific code in DS;9065216;closed;2022-11-01T23:36:24Z;2022-11-04T00:00:45Z;35458da0e039663808d1c1a33135fa8bec5585b0;235860204
793;1105948563;Add aml logging for autotune metrics;73311224;closed;2022-10-31T21:28:02Z;2023-01-27T23:20:55Z;6ae3607525086ee568697164258b9cd1601e0323;235860204
794;1105816781;Prototype DS inference config. Tested with gpt2/bert.;9065216;closed;2022-10-31T19:27:32Z;2022-11-03T17:29:09Z;1b0c2fb5d8eab465813931ace683d4fb344b96e0;235860204
795;1105691469;Collect unique CUDA graphs for Unique Input Signatures;2001145;closed;2022-10-31T17:41:09Z;2023-08-25T17:09:03Z;7285076a5aba04429f50c639c04ece3154922e08;235860204
796;1105674676;Fixes for various CI problems;18311180;closed;2022-10-31T17:28:13Z;2022-11-02T00:51:58Z;825f9d488b7c39350b24d5a673425ed73363507c;235860204
797;1104379856;[do not merge] add an empty line to check the ci;10448440;closed;2022-10-30T10:59:37Z;2022-10-31T18:01:12Z;9390e8e56a4eab62ca0293f0906db68c48702f6c;235860204
798;1104342538;don't gather partitioned activations for mp size 1;10448440;closed;2022-10-30T09:09:43Z;2022-11-04T10:15:16Z;f74ee3188256fd5f8ec9964542dd8ade0bff2d21;235860204
799;1102219247;Deepspeed quantization library v0.1;112720551;closed;2022-10-27T20:23:42Z;2022-11-17T19:09:46Z;78d4ca1f4bb2f0e8a7f2cfd052b0e7733ab41898;235860204
800;1101443272;Implement apply_rotary_pos for rotate_half and rotary_dim > 32 in transformer inference;8081197;closed;2022-10-27T09:45:59Z;2023-08-25T16:56:05Z;08b351b507c8be9c6072f4829b89d008140d9741;235860204
801;1100575940;Fixing a config mismatch in unit test.;114769929;closed;2022-10-26T16:44:09Z;2022-10-26T23:29:51Z;3b3ba3c2566a66d651393028af6c923b32eeffaa;235860204
802;1099256387;Support iterators with incompletely defined __len__ functions;10473264;closed;2022-10-25T17:52:21Z;2023-09-08T15:43:36Z;e194956571fbefc5f3c2533d6aee4fff1d11bafd;235860204
803;1098233345;update pytorch pool operator function signiture;17418037;closed;2022-10-25T01:10:14Z;2022-10-25T21:21:19Z;5d1f595c94962de56ccb060def37ce7768a5e91b;235860204
804;1095768810;Fix broken link to DeepSpeed Megatron fork;113481193;closed;2022-10-21T20:42:40Z;2022-10-21T20:59:59Z;877a8818a7cdc994188dde55db6901d79457339e;235860204
805;1094550845;Fix Bug #2319;114769929;closed;2022-10-20T23:22:14Z;2022-10-24T20:25:59Z;7d113633e4cd0e430d4a07cb78ee700b3c03423f;235860204
806;1094210982;Reduction Kernel Utility;2001145;closed;2022-10-20T18:33:29Z;2022-10-27T20:34:27Z;be4ffb82ad3b0d600963e261f2ccb5bb75220d16;235860204
807;1092987453;Cache Allocation and Softmax Fixes;2001145;closed;2022-10-19T23:35:45Z;2022-11-02T17:48:19Z;10e9d04c23f52056f8b2f1ad72847cfca1c63f35;235860204
808;1091213815;only add deps if extra is explicitly called;645595;closed;2022-10-18T18:57:44Z;2022-10-18T20:57:03Z;1b7c6791d57d6508bc4de4a5a9d210308eb75b38;235860204
809;1091147014;[memory estimators] new config args sync;10676103;closed;2022-10-18T17:53:58Z;2022-10-20T03:31:27Z;99fde3b7a573f2a261dc5ef9380870ce30a1db9d;235860204
810;1089763946;Fix for inference gpt-j test;18311180;closed;2022-10-17T18:45:26Z;2022-10-17T21:44:39Z;34fb6d198056fe169d6fca6d6c45f66d0264fe08;235860204
811;1089741518;Fix checkpoint loading at inference-engine;44502768;closed;2022-10-17T18:25:30Z;2022-11-02T21:11:21Z;39bdc14195b7c354750d20e38144ac81b554cc7b;235860204
812;1088261799;Fix build issues on Windows;24947394;closed;2022-10-15T22:46:19Z;2022-10-26T00:14:43Z;b85eb3b979637730d7168e1dda5eab970a6500b1;235860204
813;1088007239;Add TestInjectionPolicy inference unittest class for testing custom injection policies;113481193;closed;2022-10-15T00:22:35Z;2022-10-18T22:17:02Z;b2a724e257e435b4b29faf913b689a7f16208c98;235860204
814;1087679936;Fix checkpoint loading when it is a dictionary;44502768;closed;2022-10-14T16:51:22Z;2022-10-14T17:46:04Z;537e8581fe3f8332c8a8ab9a5404b629d8a4f924;235860204
815;1086712030;[docs] update mii blog title;645595;closed;2022-10-13T22:33:05Z;2022-10-13T22:36:54Z;d716537413b93e77ac6c74fa0ddb9a1510fcddc6;235860204
816;1086411419;CI fixes related to triton;645595;closed;2022-10-13T17:15:17Z;2022-10-13T18:15:54Z;1c39fe13c18cabe42d628ce04b6f52db21011cb5;235860204
817;1085278865;test;17418037;closed;2022-10-12T22:22:07Z;2022-10-13T16:31:19Z;47c59c7c75e35d3f93262cfb78375eadfbb3e9be;235860204
818;1085143852;Fix figure reference;9065216;closed;2022-10-12T19:45:02Z;2022-10-12T19:45:45Z;d0c6b2958f1629edf89ee204e0b53e216a593d02;235860204
819;1085126684;MII blog post;645595;closed;2022-10-12T19:25:40Z;2022-10-12T19:39:24Z;b8b98c604653a55d8ec2de54a672081aeb7d75a7;235860204
820;1083677614;Make error regex more generic in collect_results.py;112220543;closed;2022-10-11T18:16:39Z;2022-10-14T19:47:37Z;5eafb8c78db46a888f62f58ceb2bb9757c7095c1;235860204
821;1082455416;fixes #2389;379115;closed;2022-10-10T20:03:10Z;2022-10-14T23:06:39Z;cfead551325cdf1e6d4f4da2146dcd0f238e5e71;235860204
822;1082394937;Fixing bug 2361;114769929;closed;2022-10-10T18:51:43Z;2022-10-18T00:50:54Z;906b4a025fee7c519e0f4e3539901a43b16516b6;235860204
823;1081174854;deepspeed/launcher/launch.py: add option enable_each_rank_log;10448440;closed;2022-10-09T04:57:32Z;2022-10-28T03:14:59Z;3432c740e99cab9e78c67b59ca3c53d49e4b29b7;235860204
824;1080831986;Generic loading of checkpoints in deepspeed-inference;44502768;closed;2022-10-07T22:22:48Z;2023-08-28T17:50:00Z;5588020dc1780187c2c5efe723fdccd9a50b8cb9;235860204
825;1080744477;Add SLURM Multinode Runner;7449128;closed;2022-10-07T20:00:39Z;2022-10-13T16:22:46Z;3db0b5e2de88bff1fd751f0778bada1243856aff;235860204
826;1080701329;Allowing base64 encoded ds config passed as command line argument and using it for autotuner;17418037;closed;2022-10-07T19:02:19Z;2022-10-10T16:48:24Z;c7b8d5e0bbe99afda550cdfa75d9cd436d1e3021;235860204
827;1080689172;Pin Transformers test version;18311180;closed;2022-10-07T18:44:58Z;2022-10-07T20:12:19Z;6f3dec65ade5eb1168858ca888629467a9175faf;235860204
828;1079968379;Fix GPT Neo-X multi-gpu inference;22409414;closed;2022-10-07T07:13:49Z;2022-10-13T17:18:03Z;cd3a70953a0a2f517f165928cd10b0d11f666dcc;235860204
829;1079510342;merge profile output path fix;17418037;closed;2022-10-06T19:35:45Z;2022-10-06T19:35:57Z;b685aeb11220918e65f38d70f9ddd899a1ea805e;235860204
830;1078054834;rollback ds config changes;17418037;closed;2022-10-06T01:32:06Z;2022-10-26T20:46:10Z;8da0238b7a7bb8cfa658fda5a71603f99ae1fa3c;235860204
831;1077930527;Lokoppak/merge activation binding;112720551;closed;2022-10-05T22:39:22Z;2022-10-05T22:41:36Z;eafaf9a47884e3fb01da2a2b74ce5ab11b7cd6f2;235860204
832;1077733019;Activations Utilities Library;2001145;closed;2022-10-05T19:04:00Z;2023-01-26T20:22:47Z;cc8918ebcbe1d4d7700083cd816ec22ebfd397cd;235860204
833;1077590257;add 11.8 to cuda_minor_mismatch_ok to allow building with current CUDA;112830596;closed;2022-10-05T16:36:29Z;2022-10-05T18:08:38Z;f5a8348973ecfdfb2b35f83c645105603db0187d;235860204
834;1076671315;Change type to tuple in replace_wo_policy isinstance check;113481193;closed;2022-10-05T00:57:15Z;2022-10-07T22:32:10Z;46a886c068c504d7fa06dc52e02aee061aa53384;235860204
835;1074795241;Checkpoint backwards-compatbility workaround;4271600;closed;2022-10-03T14:47:56Z;2022-10-09T03:49:44Z;f4a92a19a61a1dd096fb94eb607e1c441e35bac8;235860204
836;1073736859;Fix error in get_model_profile when output_file argument is a relative path without a prefix;22305849;closed;2022-10-02T03:49:52Z;2023-01-20T00:29:55Z;a3201ff6a430b29464a233801e9e829e86fb6742;235860204
837;1073101235;add SD injection policy;645595;closed;2022-09-30T19:12:42Z;2022-10-13T23:47:12Z;ec13da6ba7cabc44bb4745a64a208b8580792954;235860204
838;1072027237;Fix the MLP output tensor's shape;537836;closed;2022-09-30T00:39:24Z;2022-10-05T05:27:37Z;0a2ae2ef456c741e895e35c0131d76efbc7b55a4;235860204
839;1070281253;Add Predicated Global Load to Memory Access Utils;2001145;closed;2022-09-28T16:29:58Z;2022-10-11T19:41:24Z;c3001324b481c573f9cba10c9fa5da05c297e3bf;235860204
840;1069297179;Use CUDA events for inference model profiling;18311180;closed;2022-09-27T23:53:12Z;2022-10-26T22:10:21Z;e772f166651ff03b3310c05130a088b7d2a65db6;235860204
841;1069291495;Fix an exception when auto-casting dicts to fp16;2931921;closed;2022-09-27T23:41:34Z;2022-09-29T20:09:37Z;b609a29412ba4cfbbbf4d6a5c725d2597315c9ff;235860204
842;1069212620;Add Unittest Builder, change bias_gelu unittest;112720551;closed;2022-09-27T21:57:15Z;2023-08-25T16:58:55Z;c08214808016292eb827f820e8ff8d30f3b55796;235860204
843;1067812523;Dev/lokoppak/reorg pt binding;112720551;closed;2022-09-26T22:44:34Z;2022-09-27T22:08:06Z;861148de2fb83fee13ff8567d805cd6d30bbf159;235860204
844;1067782251;Updated issue templates;645595;closed;2022-09-26T22:16:52Z;2022-09-26T22:20:33Z;70e883a103ea9b224816fecf42e2c896c7cde95d;235860204
845;1067538003;fix cuda invalid config error in dequant kernel;14852010;closed;2022-09-26T18:24:39Z;2022-09-27T01:31:28Z;3486afb1a3927c1d6f10bc805aaf605ad6d82724;235860204
846;1066606472;Fix issue with corrupted output on long generation for GPT;22409414;closed;2022-09-26T05:17:26Z;2022-10-13T16:53:48Z;d5d10b0ce8459597ceea03ce43f6278cfafc1b54;235860204
847;1066508791;Refactor `gptj_residual_add` kernels for better readability;537836;closed;2022-09-26T02:35:48Z;2022-09-26T21:02:45Z;9df604bf51ee3d713094faacf64fb2e6f77c1c1c;235860204
848;1066241626; Refactor `fused_bias_residual` kernels for better readability;537836;closed;2022-09-25T08:31:06Z;2022-09-27T17:27:46Z;e14d40e5f3aee400ef24d31dee67e2a4c456618a;235860204
849;1066004372;Extend residual_add kernel tests to cover pre_attn_norm;537836;closed;2022-09-24T09:35:05Z;2022-09-27T16:34:51Z;79692af1ea287494849f754e79024a4417325aa6;235860204
850;1065939698;Add missing pytest fixture scope;537836;closed;2022-09-24T05:06:33Z;2022-09-27T16:32:38Z;b450da4f70f65d83469098399d91823c6a86d008;235860204
851;1065666172;Capture error message during sweep tests;112220543;closed;2022-09-23T19:11:40Z;2022-09-27T22:54:40Z;eed40324dba2a4fc14bee17c824e5089bbaa941d;235860204
852;1065651071;[docs] fix zero docs;645595;closed;2022-09-23T18:51:59Z;2022-09-23T20:08:38Z;76de924b93e5c3b4790d15b106e16bb5eaeb80be;235860204
853;1065635441;Staging profile inference v1 (#2348);9065216;closed;2022-09-23T18:30:30Z;2022-09-23T21:38:09Z;993264388db97b63a77547c3092fc82fc9425ac7;235860204
854;1065619105;Staging profile inference v1;9065216;closed;2022-09-23T18:08:48Z;2022-09-23T18:29:50Z;77f899bd6aa69c65c643b80a18a9f359af7fb6e7;235860204
855;1065187820;Improve runner.py args processing consistency;83971976;closed;2022-09-23T11:07:15Z;2023-08-24T21:20:10Z;293832c562a617fb078bfcb3ba3d6b31ab68584f;235860204
856;1064687438;increase min pre-commit versions;645595;closed;2022-09-22T21:47:58Z;2022-09-22T21:53:29Z;b76e0f4fe0375f181006a676798cc5749747b931;235860204
857;1064437508;docs(mixture-of-experts-inference): fix typo in tuto;690878;closed;2022-09-22T17:08:35Z;2022-09-26T15:45:58Z;2b1b0d2e86bf401fa633f20eab30bee368efd6ea;235860204
858;1063632630;Fix issue with corrupted output on long generation for GPT;22409414;closed;2022-09-22T04:38:10Z;2022-09-23T06:18:38Z;7c67d39775bf0446268ab05f59dc0865e309eadb;235860204
859;1063277273;Use blob storage for datasets in unit tests;18311180;closed;2022-09-21T19:44:10Z;2022-09-26T17:17:52Z;6ef16de1a3473a84cfeddee60e987e9ed324e325;235860204
860;1062515650;Add Onebit Optimizers in __init__;78332687;closed;2022-09-21T08:24:31Z;2022-09-26T14:22:12Z;f210256a320ca63c281a2d29759a851c9a077009;235860204
861;1061866509;[tests] increase text gen length;645595;closed;2022-09-20T17:16:08Z;2022-11-23T23:23:38Z;b4d3628bb7a86d832449ae9576a13f0f76d449b6;235860204
862;1061831404;MOE matmult with memaccess;16696152;closed;2022-09-20T16:39:54Z;2022-09-21T16:17:16Z;12e1cb82628bd13c82464b3503928a69941c2665;235860204
863;1061221697;Refactor residual add kernels;537836;closed;2022-09-20T08:12:01Z;2022-09-21T20:15:46Z;48c5220b525d750949d854cebb4b39345611bfe7;235860204
864;1059637504;NCCL Backend;10281105;closed;2022-09-18T21:40:16Z;2023-08-25T23:35:41Z;;235860204
865;1059457534;mem access for quantize kernel;14852010;closed;2022-09-18T05:02:51Z;2022-09-22T20:28:31Z;954e0c61f196af595a764e9036777fc0dd428e34;235860204
866;1058056507;pass CFLAGS and LDFLAGS to builder from env var;38853559;closed;2022-09-16T01:48:22Z;2023-08-23T15:41:17Z;3b6e1fe368a08fb9add7f1742246ce3b234f9cb9;235860204
867;1058006051;Kernel Data Conversion Utility;2001145;closed;2022-09-15T23:50:56Z;2022-09-26T11:25:09Z;9aa7b638b7a37f6ca03b2b5f1311c9a5759ea9a8;235860204
868;1056381029;Add more options to inference benchmark;18311180;closed;2022-09-14T17:48:01Z;2022-09-16T16:58:28Z;15923810182c47fd95be2991babd764ddad3c74f;235860204
869;1055065404;MOE residual matmult unit test;16696152;closed;2022-09-13T18:48:47Z;2022-09-19T22:00:33Z;80b10d0c6985fb1792a044678c3c5c306cc0922e;235860204
870;1055018292;ZeRO-Inference blog - Update README;4271600;closed;2022-09-13T17:58:34Z;2022-09-13T19:40:32Z;060078ab14388a52d5f02bb68eae255550e7b868;235860204
871;1054990869;ZeRO-Inference blog - wrap up ;4271600;closed;2022-09-13T17:32:04Z;2022-09-13T17:35:24Z;f5230be87c698d33cc29cb659f2f5d260db69e53;235860204
872;1054818867;Accelerator abstraction;4271600;closed;2022-09-13T14:52:16Z;2023-03-29T13:36:41Z;1f7db614861cb38c53fb09386d6eaabc8cc02c13;235860204
873;1053980480;re-enable neox inference tests;645595;closed;2022-09-12T23:01:03Z;2022-11-23T23:23:50Z;797678a780826c2e5ef96f23e8476e0bcb97b285;235860204
874;1053923539;Refactor relu bias add with mem_access utils;18311180;closed;2022-09-12T21:54:30Z;2022-09-14T01:11:08Z;c199edac8210e730acfd004c6e2bc3a98c0db903;235860204
875;1053691428;Upgrade P40 tests to torch 1.8;18311180;closed;2022-09-12T17:50:18Z;2022-09-12T22:49:47Z;18ee381eb344be9c504a09bd3b3a03c0199d595f;235860204
876;1052075245;add quant unit test;14852010;closed;2022-09-09T23:14:47Z;2022-09-14T17:32:12Z;95d1151733c8340159e2e610ea788c177e99b6b4;235860204
877;1052011584;finish quant dequant test;14852010;closed;2022-09-09T21:07:54Z;2022-09-09T22:21:07Z;f71fe37d836e1188f71ed8e9fb9cd86901332a85;235860204
878;1052005400;Guanhua/quant test;14852010;closed;2022-09-09T21:01:50Z;2022-09-09T21:01:56Z;c3a1b160625bcf54f1aaef0e971fe56a3a5f7223;235860204
879;1051994442;"Revert ""Add tensor parallel inference unit tests (#2232)""";14852010;closed;2022-09-09T20:45:44Z;2022-09-09T20:45:53Z;0d0b426dd7a3a7057f8fd51272eee087eb02f27b;235860204
880;1051993944;Add tensor parallel inference unit tests (#2232);14852010;closed;2022-09-09T20:44:57Z;2022-09-09T20:45:26Z;508e0ba40d89ea5f06129bcf5cc9d86ce73b43ae;235860204
881;1051979806;Fix the residual add mp scaling for GPTNeoX;537836;closed;2022-09-09T20:30:52Z;2022-09-12T18:45:33Z;efa8aded4a3280c5df67b322970c34a05d71f153;235860204
882;1051036252;Add unit tests for residual_add kernel;537836;closed;2022-09-09T02:42:16Z;2022-09-12T20:22:03Z;9d541a63dcfc51b15a8e7aa7314c9a92dc8ac892;235860204
883;1050947218;Update relu.cu with mem_access_utils;112220543;closed;2022-09-08T23:54:02Z;2022-09-09T18:53:48Z;d0dfe38d53d6b64e1108d87d89371edd2fbe135f;235860204
884;1049503790;add inference eval scripts;645595;closed;2022-09-08T04:34:43Z;2022-09-12T20:25:01Z;9595dff6d76f373562a86f95fb8f6eac49288503;235860204
885;1048116635;Fix for pytest picking up wrong deepspeed;18311180;closed;2022-09-06T23:47:03Z;2022-09-07T18:20:36Z;7e085b62584bb54ead49a91a178ac5916614ac3e;235860204
886;1048108770;Unit test for bias add kernel;18311180;closed;2022-09-06T23:28:19Z;2022-09-09T16:31:40Z;b2d550ab850948458abacb167577603bd7b3ab5f;235860204
887;1048009320;fused bias relu unittest;112220543;closed;2022-09-06T20:47:58Z;2022-09-06T23:07:05Z;5102c4aba9f9ee27cfaf2a2c260de3b788518589;235860204
888;1047882821;finish test_bias_residual test;14852010;closed;2022-09-06T18:15:47Z;2022-09-09T20:05:54Z;7ff707f133b57d7d8b7a148142765d03a199f1cf;235860204
889;1045286702;only override forward if using cuda-graph;645595;closed;2022-09-02T21:15:49Z;2022-09-14T20:51:30Z;cf638be99803682933cb4040850765d46832ee78;235860204
890;1045124606;Fix for Zero3 when MP>1;10281105;closed;2022-09-02T17:04:37Z;2022-09-07T19:50:36Z;4524b8dbc663719ceefd2a377d2b49b45d288684;235860204
891;1044247654;[ds-inference] fix progress bar;10676103;closed;2022-09-01T21:25:14Z;2022-09-04T22:12:37Z;b146aa3523526e2bddb3e783824085d003d71e2d;235860204
892;1044146564;Fp32 accuracy bug fix;44502768;closed;2022-09-01T19:33:10Z;2022-09-03T00:13:41Z;47e030f54da26f91304a1f78134535b3d1fb905d;235860204
893;1044029237;Universal checkpoint for zero stage 1;4271600;closed;2022-09-01T17:26:57Z;2022-10-18T13:13:52Z;799120e7e44cefde7db8005295d40c2fa1eaf28d;235860204
894;1043987493;Offload all gradients to nvme;4271600;closed;2022-09-01T16:47:59Z;2022-09-05T15:31:47Z;c8641032107dbaf97594ccce61b00736ec50a35a;235860204
895;1043322979;Increasing the token-length based on available memory for GPT models;44502768;closed;2022-09-01T07:28:24Z;2022-09-22T19:16:45Z;d8f52032223ab24b194bbdd8be1df2586de8c3a3;235860204
896;1043066989;Addition to code owners file;2001145;closed;2022-09-01T00:45:32Z;2022-09-01T01:27:46Z;5505e2473e81b875e30fd5b57fc7e22d3940b5e4;235860204
897;1042690449;add a new unit test for cuda ops;9065216;closed;2022-08-31T17:59:02Z;2022-08-31T23:13:22Z;91eba15a01de2ae7f42804249240dedb0e892a5e;235860204
898;1041977591;Memory Access Utility;2001145;closed;2022-08-31T06:36:54Z;2022-09-01T19:49:52Z;c84bca37b18f0d6581b1fe6dbf3f41aefe404fe6;235860204
899;1041225363;Prevent torch ext folder mkdir at tmp;645595;closed;2022-08-30T16:38:38Z;2022-08-30T19:03:00Z;088212a7a9ce21872c1080006bcfbaa45f87baf1;235860204
900;1039693936;ZeRO-Inference blog;4271600;closed;2022-08-29T13:26:42Z;2022-09-13T17:05:40Z;276eec7beb10dd7534a5755c8ca91e31e61a4919;235860204
901;1038582521;Ds inference/fix mp2;44502768;closed;2022-08-27T07:50:13Z;2022-08-29T23:33:04Z;d154cc0f55a78edaac9faa967aa17666790efd07;235860204
902;1038535804;Update replace_module.py, test-gptj.py related fix;112220543;closed;2022-08-27T02:23:02Z;2022-08-27T06:25:28Z;a7ee688a6f00d5fc97acc6db523ce6c6996aaf10;235860204
903;1037982103;Fix OrderedDict import for python3.6;7512250;closed;2022-08-26T13:42:29Z;2022-08-29T16:55:11Z;4671cce558f80b11b00ff4e0d2c3d3d6005ee5d5;235860204
904;1036316461;Update Half Precision Kernel Compatibility;2001145;closed;2022-08-25T06:38:04Z;2022-08-25T15:40:30Z;2a64448830375528009d2d8c81e8a40d7e09396d;235860204
905;1036079238;Add blob storage to CI runners;18311180;closed;2022-08-24T23:25:51Z;2022-08-26T17:19:48Z;55b7b9e008943b8b93d4903d90b255313bb9d82c;235860204
906;1036054800;Update nv-transformers-v100.yml;645595;closed;2022-08-24T22:38:31Z;2022-08-24T22:38:47Z;dbb707a281a998ecb3b87c6f2565439203c10853;235860204
907;1036004197;[CI] make sure libaio-dev is installed;645595;closed;2022-08-24T21:25:29Z;2022-08-24T22:38:56Z;1c8f43ad80d119df86d54584071f2d8b0a7b00f1;235860204
908;1035999811;Correctly detect CPU optimizer usage;4271600;closed;2022-08-24T21:19:42Z;2022-08-25T03:31:40Z;cb5e05fe556ebbe0b4bd9cff4e8b81b451edd79b;235860204
909;1035471168;testing pydantic v1.10.0a2;4039449;closed;2022-08-24T13:16:14Z;2022-08-25T12:51:24Z;19b429c3011f1fe0b5346fd7b0937fabe3d3cd74;235860204
910;1034554932;Make OPT policy backward compatible with pre-OPT transformers versions;537836;closed;2022-08-23T18:22:22Z;2022-08-23T21:38:49Z;fae896ef600465a0ea9ea6b10d7710709c48ca27;235860204
911;1034125079;Refactor universal checkpointing and tensor fragments;4271600;closed;2022-08-23T12:32:06Z;2022-09-03T16:16:07Z;53182531ed7e33d980ded64fad2fb209d9919672;235860204
912;1033533715;Enable contiguous gradients with Z1+MoE;16764680;closed;2022-08-23T01:42:04Z;2022-08-24T04:23:12Z;b288cf1b9b90030cc2025f2681e77f3bc81dd409;235860204
913;1033237126;[docs] update community videos;645595;closed;2022-08-22T19:09:36Z;2022-08-22T19:15:04Z;86164c487e6266c2528a615835a6020c57f7bb22;235860204
914;1033142637;fix ds-inference without policy;44502768;closed;2022-08-22T17:24:19Z;2022-08-23T21:44:09Z;c35bfe89f699500518258bd75499643a00d09281;235860204
915;1031879109;DeepSpeed CPU Support;10281105;closed;2022-08-20T20:29:01Z;2023-08-25T23:24:00Z;e57fff80a6e80a7060c90f3716de6b1b78546ea0;235860204
916;1031399873;fix #2240: wrong time unit in flops_profiler;15307797;closed;2022-08-19T17:21:11Z;2022-08-25T19:17:48Z;80f94c10c552ec79473775adb8902b210656ed76;235860204
917;1030286216;Moe pipelining;16764680;closed;2022-08-18T18:04:22Z;2023-08-23T16:27:59Z;2bf5b94684ca120c6d60e92bd9786bbd33050df7;235860204
918;1030263541;allow saving ckpt w/o ckpt json + bloom copy fix;645595;closed;2022-08-18T17:35:13Z;2022-08-19T22:01:16Z;dce3acaac7cca9509cf8092cdd7657267d09fbb9;235860204
919;1029981049;memory reallocation for bigger batch size;15812493;closed;2022-08-18T13:12:54Z;2023-08-25T23:25:28Z;0ac0364c998f78a4774794beaf0ebc225e3d852e;235860204
920;1029321959;Add tensor parallel inference unit tests;18311180;closed;2022-08-17T21:33:18Z;2022-09-09T20:31:54Z;a691ec605b2383ecac21ecf33a9ba1c0cba4dd01;235860204
921;1028324736;Remove the random-generator from context during inference;44502768;closed;2022-08-17T05:08:02Z;2022-08-18T15:37:36Z;fda63432ba67643d2f54885e45f0b2058fa2b937;235860204
922;1027961427;Fix regression w. dist_init_required;645595;closed;2022-08-16T18:47:08Z;2022-08-17T00:49:51Z;7d8ad45d6ac730c56309a917fa667f76eea0b27d;235860204
923;1027942714;add doc for new bert example;4238238;closed;2022-08-16T18:26:57Z;2022-08-17T18:28:46Z;5e42cc8be22f58ef6be022fcc6d69fe11c7bfe25;235860204
924;1027355784;[RFC] add device abstraction to allow other device than CUDA be used;19373651;closed;2022-08-16T09:14:13Z;2023-03-07T17:40:18Z;0acf7e9c489def74d3ac05ee91eabfb8280a1dba;235860204
925;1027067754;testing refactor;879922;closed;2022-08-16T02:12:59Z;2022-08-16T02:15:05Z;02fbe0621bf1e08ef9d6cd1bd4815fa4e0240dfd;235860204
926;1025751539;fix typos in readme.;37367987;closed;2022-08-14T08:30:12Z;2022-08-16T05:36:34Z;9b418c1e1c3f115be41a4098bc30969d988e1ae7;235860204
927;1025479702;Ds-inference Int8 support through ZeroQuant technology;44502768;closed;2022-08-13T01:14:23Z;2022-08-30T23:39:35Z;afdc72879f66c419ee02d32decf07185506bff85;235860204
928;1025419612;Refactor remaining distributed tests;18311180;closed;2022-08-12T22:16:34Z;2022-10-04T16:01:08Z;ff427438651943ee473ab37547337f5f3d8c2279;235860204
929;1025278360;use torch 1.9 in accelerate tests;645595;closed;2022-08-12T18:37:34Z;2022-08-12T20:24:37Z;f0054691ca0efbfdb1b0865ee3b36b2062e8da0c;235860204
930;1025202300;Type checking in zero-3 to avoid silent bugs;9065216;closed;2022-08-12T17:17:49Z;2023-09-22T17:48:42Z;67b45c8b51ead3c3917687f89bfa203bd311ba4a;235860204
931;1025090231;Correctly detect zero_offload;4271600;closed;2022-08-12T15:49:20Z;2022-08-22T12:57:17Z;a9b3bfa2a8a1978b26837c6ffa3b89e280c8ead2;235860204
932;1024456400;Extend scratch buffer for long prompts;2001145;closed;2022-08-12T01:18:24Z;2022-09-23T01:04:36Z;3d097bb8657fb78c18df2b7e9e56093764b7a564;235860204
933;1024443223;add cuda 11.7;645595;closed;2022-08-12T00:47:31Z;2022-08-12T02:14:24Z;a84f9da8a26999692fb9b62155a550ec6205c287;235860204
934;1023214871;Correctly detect offload configuration;4271600;closed;2022-08-10T21:16:50Z;2022-08-11T20:30:30Z;5870f36c5867d2b15248a4aa8f630ecf35f4f6a9;235860204
935;1021963818;Add support of OPT models;537836;closed;2022-08-09T20:44:55Z;2022-08-15T14:31:52Z;8b2a63717a08801d9bab55b617a3e2ef892679dc;235860204
936;1021913103;fix table syntax;17096858;closed;2022-08-09T19:47:30Z;2022-08-10T23:30:41Z;87b201330f90d4102c93e7a5a6b2e34f28a784cd;235860204
937;1021628920;Refactor dist tests: Checkpointing;4271600;closed;2022-08-09T14:53:42Z;2022-08-23T18:23:19Z;217338beb6efd57e260d7cdb07a38c520289ffae;235860204
938;1021454098;Log user config exactly;4271600;closed;2022-08-09T12:26:29Z;2022-08-09T21:47:36Z;28dfca8a13313b570e1ad145cf14476d8d5d8e16;235860204
939;1020950232;Fix the tensor-slicing copy for qkv parameters;44502768;closed;2022-08-09T02:12:11Z;2022-08-10T16:34:57Z;8920308c669c4b3a47807de1ef74651cf31b52f1;235860204
940;1020908282;Adding the compression tutorial on GPT distillation and quantization;33713995;closed;2022-08-09T00:49:23Z;2022-08-09T16:14:33Z;f82846d7df6a129668bea447a0f953f6cf345efb;235860204
941;1020853999;Fix the layer-past for GPT based models;44502768;closed;2022-08-08T23:10:31Z;2022-08-09T12:13:55Z;54a9e1b924da468905b69b3bada6034943dd2f2f;235860204
942;1019593759;Fix typos on README.md;3237254;closed;2022-08-07T17:17:07Z;2022-08-07T18:51:02Z;0f5c2012ce19c36936be562094ef3d73b230e364;235860204
943;1019191786;[CI] fix lightning tests;645595;closed;2022-08-05T23:11:43Z;2022-08-05T23:33:35Z;1223b13c9add8d9806633689634f8c9728db4739;235860204
944;1018983216;[docs] add more models to adoption;645595;closed;2022-08-05T18:50:50Z;2022-08-05T23:12:25Z;33667e0e54a1c09674c6f257075b4cbcdbadd6d9;235860204
945;1018588018;Add gradient_average flag support for sparse grads;7512250;closed;2022-08-05T11:43:47Z;2022-08-09T16:00:03Z;b62e0cc5a8dc4323a8c28e2f66ef5e06f67ecf80;235860204
946;1016962152;Trajepl: nebula load fix;13343117;closed;2022-08-04T02:01:30Z;2022-08-30T03:48:33Z;aca34a9b5b8a2c946a96248f04b0cf7e13755a3f;235860204
947;1016915205;Simplifying inference API;44502768;closed;2022-08-04T00:13:18Z;2023-08-25T17:05:19Z;0d4d7c5518920c638d455af9dc3f2c8f86acdd4b;235860204
948;1016853088;Refactor Distributed Tests;18311180;closed;2022-08-03T22:06:54Z;2022-08-10T21:57:58Z;ac9951985f2647f905d76063d1b292e6dc4a117b;235860204
949;1016784676;Fixing model partitioning without injection;44502768;closed;2022-08-03T20:33:23Z;2022-08-04T03:49:11Z;e7d995954056e0b1437a50fa7ea1dc439bc3d46a;235860204
950;1016607679;[docs] update offload docs to include stage 1;645595;closed;2022-08-03T17:09:44Z;2022-08-03T19:05:02Z;fad0a4106d6347659b696b11fc25a7d466f22ea3;235860204
951;1016572888;Update README to latest Composer version;17010519;closed;2022-08-03T16:28:58Z;2022-08-04T16:29:44Z;80b5b9259b070e6192a3e817044ade7e3d6a9cc3;235860204
952;1015987989;[deepspeed/autotuner] Missing hjson import;87332510;closed;2022-08-03T08:19:11Z;2022-08-04T16:30:21Z;ee5ce524606dfd8c6e5acf65f2bb38fa988e4a88;235860204
953;1015827072;[docs] adoption updates;645595;closed;2022-08-03T04:36:52Z;2022-08-03T04:44:47Z;bb49dc73f548cfd59aa3666e9a146b4f92124ba4;235860204
954;1015674351;Update for AMD CI workflow;18311180;closed;2022-08-02T23:00:09Z;2022-08-03T18:07:25Z;d1cd18e5fbb280229d9fe447ca62e01187208286;235860204
955;1015596622;[deepspeed/autotuner] Bug fix for skipping mbs on gas;87332510;closed;2022-08-02T21:03:22Z;2023-03-08T05:27:57Z;6379defaef5e9dd2c9ce691c34ac87c5326b936a;235860204
956;1015556754;Pydantify DeepSpeed configs;18311180;closed;2022-08-02T20:13:49Z;2022-08-11T21:27:52Z;ca42f177764ce4cfd62fbf4636dc1e25bfce0997;235860204
957;1015314524;delay torch import for inference compatability check;645595;closed;2022-08-02T16:12:19Z;2022-08-02T17:18:05Z;776e36988dde2874a79a6dd269d5a3ccbafebf3f;235860204
958;1014483057;[deepspeed/autotuner] Fix for timer for gas > 1;87332510;closed;2022-08-02T00:24:40Z;2023-03-08T02:25:15Z;27ec47655df742eff5f8d6f68c0e1fa60d221da2;235860204
959;1014480586;add gradient quantization and toy test example;14852010;closed;2022-08-02T00:19:12Z;2022-08-02T00:23:29Z;077da7ccf810b71588920dfdfa7fb01d6999201e;235860204
960;1014469069;[deepspeed/autotuner] Bug fix for binary search for batch size;87332510;closed;2022-08-01T23:53:45Z;2022-12-14T02:44:17Z;384f17b05bdf2c73fa6b5da66399d8c848779e89;235860204
961;1013186672;[deepspeed/autotuner] Bug fix for batch size binary search;87332510;closed;2022-08-01T01:16:48Z;2022-08-01T23:54:26Z;cb75f6139facb5b3aeca1aabfa42c4a3b07164b3;235860204
962;1012406646;enable fp16 input autocasting;645595;closed;2022-07-29T22:44:06Z;2022-07-30T17:33:20Z;a039e2261a462ce0d8c34c57c3a0927c8ff8ff5e;235860204
963;1012341815;prevent cuda 10 builds of inference kernels on ampere;645595;closed;2022-07-29T20:53:39Z;2022-07-29T22:00:12Z;63f470eeb61cf7a5b3cd0b20056ff5f83393e33a;235860204
964;1012240079;Elastic Training support in DeepSpeed ;50178865;closed;2022-07-29T18:17:41Z;2022-07-29T21:59:12Z;1ed5aa96a8fc41a68f7be3741fc846b861e11a52;235860204
965;1012208610;Elastic Training support in DeepSpeed (#2153);9065216;closed;2022-07-29T17:32:53Z;2022-07-29T18:03:49Z;811e619a870aa077e69552223b115234252ac8c0;235860204
966;1011352732;Elastic Training support in DeepSpeed;50178865;closed;2022-07-28T21:48:30Z;2022-07-29T17:32:20Z;63ae1c5e39c806b5df673f4c5bb46780e785cd05;235860204
967;1010880250;fix: fix BF16_Optimizer compatibility issue;11439912;closed;2022-07-28T14:09:59Z;2022-07-28T20:21:28Z;57140e8e951e8e149e998505d6b7ba6adeeaaede;235860204
968;1010227223;[zero-3] shutdown zero.Init from within ds.init;645595;closed;2022-07-28T00:07:47Z;2022-07-30T00:24:47Z;46401b3884d0a745a10db2a0de7ab7665cf906c7;235860204
969;1010007616;Enable fused_lamb_cuda_kernel on ROCm;62723901;closed;2022-07-27T18:38:27Z;2022-08-04T16:25:49Z;2e3769a1f43063ed2fa0f7287c91a3ef40f4d081;235860204
970;1009952233;[CI] force newer datasets version for accelerate tests;645595;closed;2022-07-27T17:58:17Z;2022-07-27T20:45:15Z;a54661a06f71e85bc9320066ca8e2be0cda4f779;235860204
971;1009910053;hpZeRO;16696152;closed;2022-07-27T17:07:35Z;2022-07-27T17:23:38Z;;235860204
972;1009762285;Match compute and reduce dtype;4271600;closed;2022-07-27T14:44:36Z;2022-08-04T14:20:01Z;e419f7cbcda6339f712e1657cd55ed0800ec6171;235860204
973;1009078847;Fix Broken Docs Links;19541229;closed;2022-07-27T00:32:13Z;2022-07-27T00:39:01Z;6f7137cb2390ca6de0a0bf2430fbb84e4070af12;235860204
974;1008985167;[docs] add details about install reqs;645595;closed;2022-07-26T21:35:36Z;2022-07-26T21:43:54Z;84dbe7c693f007c54f14405a6c90b165827cf71a;235860204
975;1008901921;[inference tests] turn off time check for now;645595;closed;2022-07-26T19:46:15Z;2022-07-26T20:26:00Z;ddd2113d213d554648c4a5a1c779b9236c9c4ff0;235860204
976;1008811342;Fix for distributed tests on pytorch>=1.12;18311180;closed;2022-07-26T17:54:06Z;2022-08-01T23:51:09Z;1a71e77dc2ab93b9b0b55539da029f583ddfa854;235860204
977;1008808391;Allow turning off loss scaling wrt GAS + update tput calculator;645595;closed;2022-07-26T17:50:21Z;2022-07-26T20:31:49Z;5bd09a8f83fd2ed58d8410476c51c3e5cad3434b;235860204
978;1008767638;Update 2022-07-26-deepspeed-azure.md;9065216;closed;2022-07-26T17:01:08Z;2022-07-26T19:55:53Z;d9ec8ef49ad62db0a95bfe88839b0abf8d9ce5a9;235860204
979;1008730068;Update 2022-07-26-deepspeed-azure.md;9065216;closed;2022-07-26T16:21:07Z;2022-07-26T16:25:28Z;0e49b197ad42987a20858260f0f5b6a5726d0b18;235860204
980;1008727562;Azure blog news item;9065216;closed;2022-07-26T16:18:31Z;2022-07-26T16:24:45Z;2ff1cad0db7e618b2f953c50cc287af7db555e67;235860204
981;1008353631;adding  HF Accelerate+DS tests workflow;13534540;closed;2022-07-26T10:41:49Z;2022-07-26T19:55:21Z;9f3a540d0305dbcdca353067f0f10ccc459978ba;235860204
982;1008049382;DS on Azure blog;9065216;closed;2022-07-26T04:55:42Z;2022-07-26T05:15:01Z;cf587b821139771ff66bdb7af6087c88edfb10ae;235860204
983;1007851332;Fix random token-generation issue + MP-checkpoint loading/saving;44502768;closed;2022-07-25T22:42:31Z;2022-07-29T00:24:07Z;556f0051521ec539026977e91c0e4b42445340ea;235860204
984;1007755628;[docs] delete Gemfile.lock;645595;closed;2022-07-25T20:49:36Z;2022-07-25T21:22:38Z;9c6cdecc1f76d4be8437ab01774a64db9e80ec30;235860204
985;1006236273;[zero-3] print warning once and support torch parameter;9065216;closed;2022-07-23T00:40:28Z;2022-08-12T21:15:01Z;b5ac0d542d253901e997158540478b5b672030b7;235860204
986;1005570985;Bump tzinfo from 1.2.9 to 1.2.10 in /docs;49699333;closed;2022-07-22T09:24:03Z;2022-07-22T22:46:54Z;6392f83d9b64bebf15f8c50aa0b0da156d25aaf4;235860204
987;1004827746;[docs] link fixes;645595;closed;2022-07-22T00:05:05Z;2022-07-22T00:11:15Z;ed02d38d20ca2cbfb2f3e7f694ea87837cc50554;235860204
988;1004814157;[docs] website refresh;645595;closed;2022-07-21T23:44:07Z;2022-07-21T23:56:17Z;a2506b545ab4f9af2e940eb0ab355397ac76c250;235860204
989;1004734342;update info and links.;9065216;closed;2022-07-21T22:07:35Z;2022-07-22T22:43:22Z;fb72ccdc0a11aa0516d498741eeea2ed074a1fae;235860204
990;1004622485;Fix init_process_group;10281105;closed;2022-07-21T19:57:00Z;2022-07-21T22:27:04Z;9f5895cb7a7db8248295038543d75a4334ee5c44;235860204
991;1004585589;DS Benchmarks QoL Improvements;10281105;closed;2022-07-21T19:18:06Z;2022-07-22T22:47:57Z;8413b7f83d311a0928b2f240f19f234de293478f;235860204
992;1002712345;[ROCm] Wrong command broke ROCm build.;100237675;closed;2022-07-20T18:23:38Z;2022-07-25T17:56:05Z;b6305d0e32eb6df0f937cefb6fc5fe061dcf33e6;235860204
993;1001402007;DeepSpeed Compression announcement;4238238;closed;2022-07-20T00:08:07Z;2022-07-20T17:47:57Z;46fffc0bbdac603a903cf4749f1624603c396e1b;235860204
994;1001071867;reduce ds-inference log verbosity;645595;closed;2022-07-19T17:46:43Z;2022-07-20T15:47:52Z;844d9f31a98165d445cbf8ae4f5ded0a82061399;235860204
995;1000556549;Fix softmax dim of Residual MoE implementation in moe/layer.py;14949567;closed;2022-07-19T09:48:56Z;2022-07-20T01:51:34Z;b4513f63107bb54bef694de2612260f72e8b0eaf;235860204
996;1000284032;modify model-compression.md;4238238;closed;2022-07-19T04:18:32Z;2022-07-19T04:18:44Z;f2b9f766d0fef9831f400fb13589119809781d85;235860204
997;1000181893;[ds-inference] checkpoint loading => tqdm;10676103;closed;2022-07-19T00:40:25Z;2022-07-19T16:21:19Z;16699d839f199340040d108f9420a917b7035bd4;235860204
998;999972246;Dont overwrite hook handles in flop profiler;17725268;closed;2022-07-18T20:52:52Z;2022-07-19T18:32:06Z;9027f861f216249eaacfc6b2cd70a202c72798c3;235860204
999;999899572;Adding DeepSpeed Compression Composer ;23286944;closed;2022-07-18T20:16:59Z;2022-07-19T21:03:43Z;0f4f2f982c3b55e61d2d7d0631e01050316c9aca;235860204
1000;999643819;Ds inference/bloom support meta;645595;closed;2022-07-18T16:55:02Z;2022-07-18T19:02:36Z;aa5e01ff6c51556517c732c7e9bf8adc53c30169;235860204
1001;998274661;Update moe doc;9065216;closed;2022-07-15T23:10:28Z;2022-07-22T22:44:18Z;86e13b8a685ed3cf65c8d457bc0af8713a5c6887;235860204
1002;996177225;Fix wrong unit of latency in flops-profiler (#2090);1213386;closed;2022-07-14T03:52:08Z;2022-08-02T21:15:46Z;6bfcf3c694b9ad170251caf90bf8ced96d0056f9;235860204
1003;995815542;Remove hardcoded ROCm install path;18311180;closed;2022-07-13T18:29:03Z;2022-07-19T23:40:59Z;69b7c970d262bdc248d87061ceb2c3431c6dbd78;235860204
1004;995510180;"fixed ""None type has no len()""";10560038;closed;2022-07-13T13:34:42Z;2022-07-13T18:29:26Z;b05237876e86ea67dcbb71b38cface7b6f928b87;235860204
1005;994807052;Release swap buffers for persisted params;4271600;closed;2022-07-12T21:27:09Z;2022-07-31T22:39:49Z;2210ebe70f68135b6b43e91323a7d96a403a2299;235860204
1006;994752114;Add missing newline for ZeroOneAdam parameter table;51477;closed;2022-07-12T20:20:20Z;2022-07-13T17:41:16Z;db3252b06a6b4347dee8bbe1375b41b5f3dd5b90;235860204
1007;993413401;Support HuggingFace NeoX injection policy;18311180;closed;2022-07-11T18:20:14Z;2022-07-19T19:50:59Z;ee7ea3b8055283990c782f89f8672cbfbcfbe1de;235860204
1008;992810590;Trajepl/nebula ckpt engine;13343117;closed;2022-07-11T08:26:32Z;2022-07-28T11:34:39Z;e669aaf55b166a5adc3e33aa92c6d81662fdf908;235860204
1009;992324687;Add Inference support for running the BigScience-BLOOM Architecture;44502768;closed;2022-07-10T00:20:01Z;2022-07-18T23:27:13Z;aa88137b8d093f222f6c925d70b68024ae26ef0c;235860204
1010;991041272;Improving memory utilization of Z2+MoE;16764680;closed;2022-07-08T00:45:30Z;2022-07-13T23:02:02Z;c1af73f7c797114e88f2b087c2d7d07e7ec091c3;235860204
1011;989537016;Codeowner addendum and fix to small model debugging script;16696152;closed;2022-07-07T00:53:54Z;2022-07-08T19:48:30Z;50a652e7575cde3c6e6c288a8b6dce416a02757a;235860204
1012;989389887;[docs] fix broken read-the-docs build;645595;closed;2022-07-06T21:15:25Z;2022-07-06T21:23:18Z;559fb8e51525231f58f50ed1f49835ff5250def0;235860204
1013;989161707;Tensor parallelism for Mixture of Experts;16764680;closed;2022-07-06T18:54:25Z;2022-08-01T00:33:05Z;5fe9d61065b00473ad08e155f4ad7e1a4dc7e482;235860204
1014;988900524;add ds inference paper;645595;closed;2022-07-06T14:41:30Z;2022-07-06T16:41:06Z;9fc4e5f1172f4f79c4dca6ba83ddc7a36096d008;235860204
1015;986902657;some fix in flops_profiler;47371259;closed;2022-07-05T00:56:02Z;2023-02-01T18:19:31Z;e2a31d800be31e94e22d516b9ff94ec1177d16fb;235860204
1016;981731183;remove require grad in params count;17418037;closed;2022-06-28T18:13:29Z;2022-07-13T17:22:33Z;0ad08608a5c870db53de44c7973913dbe21476b5;235860204
1017;981606077;Small fix in injection module to replace transformer;44502768;closed;2022-06-28T16:02:10Z;2023-08-24T22:26:05Z;f1e1e35911d8daae48b7e9b827894e7c0caa4474;235860204
1018;980733774;Fix partition id in the fp32->fp16 param copying step for z2+cpu-offload;16764680;closed;2022-06-27T23:33:17Z;2022-07-07T20:58:55Z;b3388e1418e80141a902886dec39127b851a1f0a;235860204
1019;980596190;Wrong partition_id while copying fp32_params -> fp16 params in Z2 for MoE;16764680;closed;2022-06-27T21:24:06Z;2022-06-27T22:59:03Z;38a00bee9e2b2608ebeebde1db163b9eb64d52f9;235860204
1020;978921937;Fix conflict between Tutel and top-2 gate in MoE layer;45711207;closed;2022-06-25T05:19:37Z;2022-07-26T18:57:43Z;31582d77287db43b0e08702baf84e9f696096e65;235860204
1021;978843134;Add flake8 to pre-commit checks;14283972;closed;2022-06-24T23:56:19Z;2022-07-25T23:48:08Z;316c4a43e0802a979951ee17f735daf77ea9780f;235860204
1022;978831977;Fix missing import in replace_module.py;14283972;closed;2022-06-24T23:49:56Z;2022-06-29T17:16:27Z;76ea0534c1469ec10ad612f1ff5852c86fa880d0;235860204
1023;978741378;Fix building package without a GPU;14283972;closed;2022-06-24T21:29:56Z;2022-07-06T23:17:31Z;3540ce74d9006aaaccac82e6409ee452f6d0db59;235860204
1024;977467233;Fix for AMD unit tests;18311180;closed;2022-06-23T17:52:34Z;2022-06-23T20:10:54Z;7bae53d154f44877d17c9c5efe40b144440272bf;235860204
1025;976488850;enable nebula fast checkpointing;13343117;closed;2022-06-23T03:40:14Z;2022-07-11T08:34:00Z;30736f9a8412a11c45a7507fbf98e706f5e4c73f;235860204
1026;976265622;allow turning off gas loss scaling;645595;closed;2022-06-23T00:50:51Z;2022-07-26T20:45:49Z;5a7a6e90ada648959a99a21dc8db7e6147ff002a;235860204
1027;976018933;Add MuP optimizers;18311180;closed;2022-06-22T22:52:27Z;2023-08-24T22:09:22Z;9647ea791d40f867e7e6f75674a654f63b13aae0;235860204
1028;976002936;Add compression papers;4238238;closed;2022-06-22T22:43:45Z;2022-06-22T23:49:57Z;ff87c4e1f15d53abb0b95c0dd9fa331941b4e177;235860204
1029;975599846;Minimizing memory usage for Mixture of Experts + ZeRO-2;16764680;closed;2022-06-22T18:24:12Z;2022-07-08T00:53:23Z;c8e12d6f04a4463a2172716e62ea68951e7c5ac0;235860204
1030;975502921;Comms Benchmarks;10281105;closed;2022-06-22T17:18:32Z;2022-06-29T17:49:20Z;9b70ce56e7af89d5226f9b06ebe1137407f371dc;235860204
1031;973812267;Fix flops profiler print statements;18311180;closed;2022-06-21T16:48:33Z;2022-06-22T17:54:21Z;5218177922a4be5c14cf0db893dbfcb139179ba5;235860204
1032;973321536;Share a list of weight attributes instead of a single one in TiedLayerSpec API;24695242;closed;2022-06-21T09:25:32Z;2023-08-28T15:35:06Z;2335ab16e897194eb1a2d104169183d6218d6d88;235860204
1033;972627724;Fix the half-precision version of CPU-Adam;44502768;closed;2022-06-20T21:02:16Z;2022-06-23T15:56:27Z;a04480e192e00951c4d04010999825ec9e21de1c;235860204
1034;971106493;Fixing several issue in API and kernels to run inference with model-parallelism;44502768;closed;2022-06-17T23:17:53Z;2023-08-25T16:57:35Z;0a6ad2e266a976bd0d82a724e3c6c28695d17907;235860204
1035;970395045;Comments for better understanding of zero stage1_2 ;15059072;closed;2022-06-17T09:05:25Z;2022-07-06T16:48:01Z;9305916d6b858b20fca3ebe03940ceaaa13cdfbd;235860204
1036;969728206;fix import errors;35491698;closed;2022-06-16T19:53:33Z;2022-06-20T20:22:43Z;735406e5365056a1c0c47d087b714e82160dcc99;235860204
1037;969494867;Fix inference unit test import error catching;18311180;closed;2022-06-16T15:51:00Z;2022-06-21T15:42:56Z;ec1ec204c8f5dbe8c622a07c5ddb1d9e9d1a428b;235860204
1038;968755675;DeepSpeed examples refresh;645595;closed;2022-06-16T00:39:01Z;2022-06-16T01:46:31Z;7c3344e2152d83af5dc2e8c46fa2226033188f54;235860204
1039;967526303;Fix transformer API for training-evaluation pipeline;44502768;closed;2022-06-15T00:10:04Z;2022-06-16T03:06:37Z;5dce73fa6181c587d7fb8f89670209a017057e0d;235860204
1040;967500951;update CODEOWNERS;4238238;closed;2022-06-14T23:23:14Z;2022-06-14T23:31:30Z;117c9cdf2522179b9750d8a76c27a896c896e8fe;235860204
1041;966960162;Retain available params until last use;4271600;closed;2022-06-14T13:48:21Z;2022-06-21T18:57:25Z;2a1a4096448833484c1da4c27e13b92b5e5e8461;235860204
1042;966286106;[CI] force upgrade HF dependencies & output py env;645595;closed;2022-06-13T23:22:38Z;2022-06-15T00:17:53Z;e6f444aee2589b6d97250888978fc6e5dbeb70e9;235860204
1043;966284827;[CI] output py env and force update hf deps;645595;closed;2022-06-13T23:20:26Z;2022-06-13T23:20:38Z;29d87f02f4cf3b74fd9a13d9ac2e47713eeb2858;235860204
1044;966280867;DeepSpeed Monitor Module (Master);10281105;closed;2022-06-13T23:13:21Z;2022-06-16T15:55:12Z;c87f6ee209e2fed141ac4e2e28d4169f159ea487;235860204
1045;966241483;DeepSpeed Communication Profiling and Logging;10281105;closed;2022-06-13T22:11:09Z;2022-07-25T20:35:16Z;5349347bb648ce9eb84b1d78d77e50968f299b62;235860204
1046;966003390;Use partition numel;4271600;closed;2022-06-13T17:31:17Z;2022-06-20T15:32:01Z;d86a2de993f69c97752e0730c308c0b920b9ed9d;235860204
1047;963552114;Split parameter offload from z3;4271600;closed;2022-06-10T01:44:22Z;2022-06-21T21:42:29Z;678c3fe3308e666a40baeea3f84be0e5d7aba7c4;235860204
1048;963444736;Graceful exit on failures for multi-node runs;65309407;closed;2022-06-09T23:41:48Z;2022-07-28T14:42:36Z;66d29b0a6c896e8764ff90ba074604e776c9e589;235860204
1049;963444415;Relax DeepSpeed MoE ZeRO-1 Assertion;10281105;closed;2022-06-09T23:40:54Z;2022-06-13T21:07:23Z;25b2fc29fb6f74ce2f5420d431f63b680e5e71c2;235860204
1050;962282506;Refactor ZeRO configs to use Pydantic;18311180;closed;2022-06-09T00:29:04Z;2022-07-27T13:41:29Z;59975896830e8e51c296d072e857a35a71683185;235860204
1051;960860111;Graceful exit on failures for multi-node runs;65309407;closed;2022-06-07T20:25:30Z;2022-06-08T21:57:37Z;e521189d18e850f431338e6477b0fc10dabb825e;235860204
1052;960717900;[docs] add new build badges to landing page;645595;closed;2022-06-07T17:52:48Z;2022-06-07T18:17:54Z;828ab7185affe51a7c9637cffdd751d83b9dd4ae;235860204
1053;959642308;DeepSpeed Monitor Module;10281105;closed;2022-06-06T21:25:57Z;2022-06-13T22:54:30Z;d8ee39f9c4886a09460af55a198670f0b089cb4e;235860204
1054;959364720;Propagate max errorcode to deepspeed when using PDSH launcher;65309407;closed;2022-06-06T17:29:55Z;2022-06-07T17:50:54Z;d0eae5ad7a163f23592f8a316431e4d8b07bc47a;235860204
1055;956746893;[inference] test suite for ds-kernels (bert, roberta, gpt2, gpt-neo, gpt-j);645595;closed;2022-06-03T01:07:18Z;2022-06-15T21:21:19Z;b666d5cd73b25e88afe9591f4e9c010e7219df44;235860204
1056;952519848;Add torch-latest and torch-nightly CI workflows;18311180;closed;2022-05-31T23:26:30Z;2022-06-06T23:19:00Z;7fc3065074885b0a2ec59c9c49e04296dd0e0fcd;235860204
1057;952423640;fix typo when getting kernel dim in conv calculation;17418037;closed;2022-05-31T20:50:38Z;2022-05-31T23:36:22Z;6719b46bd8792755cfc75eaa448bf7fa65fd99eb;235860204
1058;952339896;Fix for lightning tests;18311180;closed;2022-05-31T19:08:33Z;2022-05-31T21:04:06Z;b6f2a5602bc0e07dd8c99e6afd5a9e49784c7905;235860204
1059;949803561;DeepSpeed Comm. Backend v1;9065216;closed;2022-05-27T22:29:16Z;2022-06-10T23:47:34Z;36ad3119d5420c6b25b456626a40f4ded8c05a81;235860204
1060;949782476;small fix for the HF Bert models;44502768;closed;2022-05-27T21:48:36Z;2022-05-31T17:23:27Z;0ebd81dfa981621fefbe4875b4d1db98d8e274c6;235860204
1061;948786462;Add unit test for various model families and inference tasks;18311180;closed;2022-05-26T22:46:03Z;2022-05-31T20:46:40Z;5d3c67189b18bb0359c44ad18584eda895a3cb36;235860204
1062;947524338;[docs] add 530b paper;645595;closed;2022-05-25T20:51:08Z;2022-05-25T20:53:19Z;3da841853ca07abf3a09e7bd325a576c4e642c11;235860204
1063;947328175;[tests] dump connection info if distributed init fails;645595;closed;2022-05-25T18:14:51Z;2022-06-15T00:19:50Z;4546138e26e9ba2ca3ac1a3a3b271c8a6067c64c;235860204
1064;946033697;Suppress warning;4271600;closed;2022-05-24T19:08:54Z;2022-07-27T14:16:55Z;bbfa59772286d986910ebe5a49478f59e8d8500b;235860204
1065;943956530;[PLEASE DONT MERGE] device/runtime abstraction for cuda/xpu co-exist;19373651;closed;2022-05-23T05:54:41Z;2022-06-03T02:20:49Z;ebe444bc2362e780e9a4f1d7ad0096209fd238fe;235860204
1066;943275018;[inference] several bug fixes for gpt-j and gpt-neo;645595;closed;2022-05-20T22:55:45Z;2022-05-24T17:08:11Z;62d9933e7d58b7cd6ca762fab5ecb1010fadb607;235860204
1067;942009214;Don't add curand on rocm;645595;closed;2022-05-19T20:54:44Z;2022-05-19T23:03:38Z;737fee63ba42f18bdaf338cb2c31b453eec1b475;235860204
1068;941101121;[docs] fix dependabot version issue;645595;closed;2022-05-19T05:57:35Z;2022-05-19T05:57:42Z;79249428a4d35f43ab1cf47681e8aa8af1d7ecd2;235860204
1069;941024430;Bump nokogiri from 1.13.4 to 1.13.6 in /docs;49699333;closed;2022-05-19T03:44:06Z;2022-05-19T03:53:00Z;e329e9858fc35c4f685495f3bff87f9e799adba3;235860204
1070;940782501;Fix typo in timer.py;10281105;closed;2022-05-19T01:09:11Z;2022-05-19T03:54:05Z;0d3689328154ab9452b07bbfe4a444d7374a749b;235860204
1071;940746546;[OLD] Fixes small typo in timer.py;10281105;closed;2022-05-19T00:49:53Z;2022-05-19T01:02:25Z;d4a8284f3ba9ae0fca0aa5feb44ef36a144f97a6;235860204
1072;940539220;Add purely-local sliding window sparse attention config;10281105;closed;2022-05-18T22:36:49Z;2022-07-27T17:12:47Z;be46ff6db207ab0d66baaed6a938a48838102d77;235860204
1073;939262636;Add Unidirectional Sparse Attention Type to BigBird and BSLongformer;10281105;closed;2022-05-17T20:52:22Z;2022-05-20T17:15:20Z;5208eb73da5269034ded69c4dd7c4bff81df81e7;235860204
1074;939259860;Add loss scale guard to avoid inf loop;10281105;closed;2022-05-17T20:48:39Z;2022-05-18T17:13:29Z;44085856a8da65b8db4cec548fff55f95aa6311a;235860204
1075;939252315;[launcher] add option to bypass ssh check;1198666;closed;2022-05-17T20:38:18Z;2022-05-18T19:15:57Z;380d32f98092a658e3bf1073986d8a11e0f3de46;235860204
1076;936741056;trivial fix;15059072;closed;2022-05-15T12:37:31Z;2022-05-15T16:27:43Z;5053217e5dc31cf1f3fb9f75faa68604c984d748;235860204
1077;936590338;Checkpoint reshaping;4271600;closed;2022-05-14T17:26:33Z;2022-07-20T20:09:36Z;80d0a32f0bf2f3974a13e02ff21addabbcc37734;235860204
1078;935273651;Enabling CUDA-graph for the bert-type models;44502768;closed;2022-05-12T21:10:41Z;2022-05-17T17:53:02Z;a5adb90d7209aa2a3ccafada2c8471ad0919e474;235860204
1079;935204137;Fixing several bugs in the inference-api and the kernels;44502768;closed;2022-05-12T19:39:50Z;2022-05-24T20:27:51Z;8164ea9e6d35dfbbe62b0f15448daf05268b9e81;235860204
1080;932890417;DeepSpeed needs to start cleaning up;4271600;closed;2022-05-10T21:09:13Z;2022-05-14T00:04:44Z;09f1ad5e58f122363573765387f7f07a7d50c9d8;235860204
1081;931340410;[pipe] prevent deadlock with multiple evals sequence;10676103;closed;2022-05-09T15:28:03Z;2022-05-10T00:07:52Z;dbeadf16b5d55d04fe21a9d25bae844ab55fcb70;235860204
1082;931218670;Update partition_parameters.py;51477;closed;2022-05-09T13:58:21Z;2022-05-09T18:34:38Z;ae43ba1270af086a42635835068056909e251185;235860204
1083;930301824;feat: Support for training with MoE module in PipelineEngine;11439912;closed;2022-05-07T15:19:57Z;2023-09-11T21:58:17Z;4ca9477e9f5db137788fc3ce0b24b6d0030e18f6;235860204
1084;930165057;GatheredParameters - accept a tuple of params;10676103;closed;2022-05-07T00:34:52Z;2022-05-07T15:57:18Z;73c0798bd725cc275ee59cf7b936ff3597fc46c8;235860204
1085;926328496;[bug] Fix time log error in PipelineEngine;22362311;closed;2022-05-03T08:30:00Z;2022-05-03T18:28:46Z;a3b90030fd2bea119ea0d4b521057fd84a48705f;235860204
1086;925974918;[bug] Add user-defined launcher args for MPI launcher;18311180;closed;2022-05-02T21:12:26Z;2022-06-06T23:42:21Z;3678ee177886bd815c6f77e02416abaac629f76a;235860204
1087;925873638;[ZeRO-3] Rename confusing log message;645595;closed;2022-05-02T19:19:28Z;2022-05-02T20:30:14Z;a8d26d6ab5415011b057203569f259b238f7cba3;235860204
1088;924911980;fix: remove layer_past storing in DeepSpeedTransformerInference;9063575;closed;2022-05-01T12:22:00Z;2023-08-23T16:03:08Z;a19058c56782affb996541669a99713cf179276e;235860204
1089;924661220;spell err;15059072;closed;2022-04-30T13:42:48Z;2022-04-30T15:03:36Z;89e37ef360dddf10bed996734784e290b9b5fc62;235860204
1090;921316068;Enable DeepSpeed inference on ROCm ;62723901;closed;2022-04-28T02:57:13Z;2022-04-28T17:08:05Z;96c8bf32aaf739ea19d849af8aad53b49838f595;235860204
1091;921020109;[fix] Windows installs cannot import fcntl;18311180;closed;2022-04-27T19:19:35Z;2022-04-27T20:27:37Z;b7fc00dfd0a05caf76a60717769bc065faa58007;235860204
1092;920911172;[build] explicitly add op_builder to manifest;645595;closed;2022-04-27T17:15:10Z;2022-04-27T20:28:47Z;a160d9577854e6d1b48d4bcb7462862286defce3;235860204
1093;920028630;bf16 inference;4271600;closed;2022-04-27T00:59:03Z;2022-04-29T13:46:47Z;af58f63ddeb0f4a11813e712a499b80e91da03e4;235860204
1094;919850880;Improve z3 trace management;4271600;closed;2022-04-26T20:32:34Z;2022-05-06T12:28:31Z;673cb60808a23f1f925bc445047720df3f0ff689;235860204
1095;919846393;Fairseq support;645595;closed;2022-04-26T20:28:33Z;2022-05-11T17:09:06Z;50893458d66f27289934dfcc8fd0d1e02a8dcbd7;235860204
1096;919319840;Fix: Sparse tensors not updating;7512250;closed;2022-04-26T11:51:51Z;2022-05-23T13:22:14Z;b8ff4825aae4bced15a29a4298cb3e59098df999;235860204
1097;919203418;fix attention_mask is overwritten by dummy tensor at DeepSpeedSelfAttentionFunction;9063575;closed;2022-04-26T10:00:55Z;2022-05-01T13:53:20Z;1128a283531ccc1622e4ab7d18a2500f88a3684d;235860204
1098;915952810;Fix DeepspeedDataLoader length;30465912;closed;2022-04-22T02:43:53Z;2022-12-08T16:02:51Z;b0b77a02e481ce691cf56eaf13ab36fd328b2333;235860204
1099;915645260;Fix launcher for reading env vars;3960020;closed;2022-04-21T18:02:42Z;2022-04-22T03:25:28Z;4575b2b792f6424d68677f9b896b55be9241aeac;235860204
1100;914761835;Improve ds_report output for HIP/ROCm;18311180;closed;2022-04-20T23:42:30Z;2022-04-21T22:32:01Z;8cc8c003cbeb0a4c95c705de1a24425fe8868820;235860204
1101;913667497;Fix multiple zero 3 tracing errors;4271600;closed;2022-04-20T00:36:30Z;2022-04-20T23:25:57Z;ef17c89570ceae5b26a5f886e9d8cd0941afc0ac;235860204
1102;913558112;Use f-strings where possible;51477;closed;2022-04-19T21:35:42Z;2022-04-19T22:58:35Z;3b5b92cbb84cd3e8cda83abf5b89cdde819b3029;235860204
1103;913423248;Inference PP changes for neox;645595;closed;2022-04-19T18:38:30Z;2022-04-26T18:50:38Z;b4fcd98ff096cd367dcfeb3c1d28a15d34447c66;235860204
1104;911156816;comm backend: cast bool when not supported by torch2cupy;4238238;closed;2022-04-15T23:44:59Z;2022-04-20T18:13:37Z;66aae13d1866aa3c0aec4c26854a7d4b442d2c2d;235860204
1105;910976701;[docs] fix commonmarker security issue;645595;closed;2022-04-15T16:57:54Z;2022-04-15T19:11:45Z;9bf1e9af3a3a958fc74b5d5d57e56b72559f5458;235860204
1106;907461375;Bump nokogiri from 1.13.3 to 1.13.4 in /docs;49699333;closed;2022-04-12T10:11:13Z;2022-04-15T16:51:17Z;ea9c0575825fae1d191614c1794925dd23bb9c55;235860204
1107;906357564;[partition_parameters.py] better diagnostics;10676103;closed;2022-04-11T18:50:01Z;2022-04-20T00:07:24Z;fb00e6a1db5eda1a91af34cd55ccc423a4533501;235860204
1108;903365621;Bug fix for flops profilers output;7656532;closed;2022-04-08T02:36:02Z;2022-04-08T18:36:36Z;d8ed3ce445b3d447a113305343d3c21fbf1bf2ba;235860204
1109;902288701;Fix OOM and type mismatch;4271600;closed;2022-04-07T04:53:52Z;2022-04-25T17:09:29Z;32d97976ce08f00228ceb55a2d93005bd8b2769a;235860204
1110;900767809;Use cuda events to improve timing for multi-stream execution;4271600;closed;2022-04-05T22:12:56Z;2022-04-20T20:42:42Z;fee73135980e78f8be7e1a3ff556751623ef6aaa;235860204
1111;899660356;Bug Fixes for autotuner and flops profiler;17418037;closed;2022-04-05T02:09:02Z;2023-06-23T16:09:55Z;b4a2c0af132a7fcd8ae4e8f0bb81a891ea5468b4;235860204
1112;899649156;add now required `-lcurand` to solve `undefined symbol: curandCreateGenerator`;10676103;closed;2022-04-05T01:40:43Z;2022-04-05T16:18:42Z;c4873722572e0ae3eddf4b9aaea433d57f4697ab;235860204
1113;897615586;[docs] fix dead links;645595;closed;2022-04-01T16:45:45Z;2022-04-01T22:28:20Z;0149bd4fc21b267ab4f2525a9b11df10f9a83c84;235860204
1114;894649845;[docs] add moe paper;645595;closed;2022-03-30T16:19:52Z;2022-03-30T16:22:03Z;4a356d08962395f84a68dbd11565302a7c06402f;235860204
1115;894638798;[docs] add amd blog to website;645595;closed;2022-03-30T16:09:41Z;2022-03-30T16:15:18Z;b9e15296787ad596d036282f9e84c67df58fd308;235860204
1116;894367110;Fix broken links;4271600;closed;2022-03-30T12:17:46Z;2022-03-30T16:06:41Z;d6db6510526e05788c563d58d916734e9335f6ed;235860204
1117;893529539;Supporting multiple modules injection with a single policy when they …;3409344;closed;2022-03-29T21:06:13Z;2022-03-30T17:47:19Z;c13457b7565ceb7284595d6d4e540500995aaeee;235860204
1118;893355783;Add support for AWS SageMaker.;97054789;closed;2022-03-29T17:52:44Z;2022-03-30T02:02:30Z;b47e25bf95250a863edb2c466200c697e15178fd;235860204
1119;893266944;Fix setup.py crash when torch is not installed.;7253314;closed;2022-03-29T16:19:25Z;2022-03-29T18:01:03Z;73b5d9833a113c47758fbe9f8538614ce34ea95e;235860204
1120;886763659;[zero-3] add bwd support for list/dict types returned in fwd;645595;closed;2022-03-23T05:01:15Z;2022-04-26T23:12:12Z;a52cbf80f706728f5bfd274c7d8b55f60044906a;235860204
1121;886584720;[docs] fix dead MoQ link;645595;closed;2022-03-22T22:57:05Z;2022-03-23T04:28:57Z;208d45bbf7cbde2abfb233e7d10803553fbcf126;235860204
1122;886539814;deepscale --> deepspeed in prints.;9065216;closed;2022-03-22T21:42:39Z;2022-03-22T21:44:40Z;788e1c40e83beacfc4901e7daa1e097d2efb82bb;235860204
1123;886396543;Update config-json.md;1114830;closed;2022-03-22T18:50:11Z;2022-03-22T22:07:30Z;b61d7199c42523b8359374b07cedd81396878f4b;235860204
1124;885669745;Import ABC from collections.abc for Python 3.10 compatibility.;3972343;closed;2022-03-22T06:54:52Z;2022-03-23T17:36:00Z;c7af747ce0e1854e58b3da52e91d1a3d078b0c7c;235860204
1125;885484595;qkv_out can be a single tensor or a list. Handling these cases separe…;3409344;closed;2022-03-22T00:59:23Z;2022-03-24T02:53:19Z;ebbcfd52734485943bff49c7dcd7c26eb4c44f21;235860204
1126;885449402;Fix for ZeRO stage 3 prefetch queue;18311180;closed;2022-03-21T23:52:25Z;2022-04-20T22:46:39Z;e3474498c8e5419e88b036a03dc69bd206ae94ea;235860204
1127;885175228;[docs] add amd release blog;645595;closed;2022-03-21T18:29:45Z;2022-03-21T22:18:21Z;0eb2c763b47344ecdacb88713a710dc2753da39f;235860204
1128;883797188;[tests] force pr-moe tests to be sequential;645595;closed;2022-03-18T21:05:36Z;2022-04-26T23:12:41Z;71648a3c4512a51b4adf09b23ec344ec69903452;235860204
1129;883712850;Add concurrency policy to CI workflow;18311180;closed;2022-03-18T18:52:22Z;2022-03-18T21:06:28Z;2e1847d6c810822546801d6131b5b3381e4acd46;235860204
1130;881861500;THH header fix;62723901;closed;2022-03-16T22:29:08Z;2022-03-16T23:36:09Z;b4e8f18c27b5c93c0c832a9851a37e8eeb70ffbd;235860204
1131;881755689;[ZeRO-1] fix bug w. cpu-offload + > 1 GPU;645595;closed;2022-03-16T20:08:21Z;2022-03-16T20:55:44Z;28434c00263708398fcba9145c922561aff86cb2;235860204
1132;880923908;[build] support cuda-11.6;10676103;closed;2022-03-16T04:21:02Z;2022-03-16T05:23:44Z;18ea8b7904d072efef83f14f368a187da81e84b3;235860204
1133;879521696;[launcher] validate passwordless-ssh works when using hostfile launching;645595;closed;2022-03-14T21:10:15Z;2022-03-14T21:51:46Z;a773996d971cc0d0eb83276ba7ac52654f2ccaf4;235860204
1134;877896956;Tune webpage width;17418037;closed;2022-03-11T23:12:55Z;2022-03-11T23:19:54Z;8a35daf061583bc4be638e8e6d8886ed03b9a040;235860204
1135;877728266;Split github action unit tests by platform/GPU;18311180;closed;2022-03-11T18:59:16Z;2022-03-15T03:27:04Z;41d90830e2d78c154d560f36c8273ca2f889bbfb;235860204
1136;877619558;fix: Fix undefined variable in MoE top2gating;11439912;closed;2022-03-11T16:36:30Z;2022-03-17T00:34:36Z;5fb4256a7ae9a34b7d79f968b2ba7cb26b5dce10;235860204
1137;877219752;fix: Fix undefined variable in _create_expert_data_and_model_parallel and make it easier to understand;11439912;closed;2022-03-11T09:02:41Z;2022-03-17T21:00:37Z;1e61c7a860e7ac63cd4024a654b4f319063b9374;235860204
1138;876788507;fix step in adam;3960020;closed;2022-03-10T19:59:58Z;2022-05-09T22:39:34Z;de88718501ee25d934b1f33c309d1e4437c6ef53;235860204
1139;876785697;fix file ordering;3960020;closed;2022-03-10T19:57:14Z;2022-04-19T22:56:00Z;801c1723450320ca589cc9b6620b9ee5618a5f38;235860204
1140;876612669;Enable CG headers on ROCm;62723901;closed;2022-03-10T16:36:56Z;2022-03-11T20:06:42Z;7bcb4fabeb6c2a84998ab41af62bd0cc9eb25f2e;235860204
1141;875759889;[docker] simplify and update rocm dockerfile;645595;closed;2022-03-09T21:41:06Z;2022-03-09T23:23:27Z;ac71a1a461ca71a7bbe7a421c6b379f658d6bf78;235860204
1142;874814251;Reduce specified gradients;4271600;closed;2022-03-09T00:57:33Z;2022-03-12T00:30:52Z;89b8c8872bad3f3e11a846e97d4cb1fb796e554d;235860204
1143;874480136;[docs] update gemfile;645595;closed;2022-03-08T18:40:31Z;2022-03-08T18:43:56Z;097efeb73ec817e272a8085c11996f960c95ffcb;235860204
1144;873551195;[CI] amd install via sudo;645595;closed;2022-03-07T20:57:53Z;2022-03-07T20:58:01Z;a32e9b3376566fa9bcd3b12a16e896432621435e;235860204
1145;872216092;add GitHub URL for PyPi;11459840;closed;2022-03-05T09:05:22Z;2022-03-06T04:42:03Z;d7684f4e8169d9f61143a9b80a0e107e7389dd00;235860204
1146;872069299;Refactor moe/non-moe gradient reduction;4271600;closed;2022-03-04T22:52:09Z;2022-03-05T01:37:01Z;9f7126fc10a1f231c695db11632cbcb84f1af4d3;235860204
1147;871183691;Invoke hipify from op builder for JIT extension builds;37884920;closed;2022-03-03T23:40:36Z;2022-03-07T18:59:14Z;350d74ca39891b3fe932b88051fd543e844a811f;235860204
1148;870856571;Synchronize the GPUs for the text-generation inference test;44502768;closed;2022-03-03T17:46:39Z;2022-03-03T22:56:30Z;60fc06c610da7aada4893fc55b8871ed7ed05c94;235860204
1149;868664448;hf tests sync;10676103;closed;2022-03-02T02:34:12Z;2022-03-02T20:32:50Z;79d9427e8bd6f01a1c2c50dc917a84466451d163;235860204
1150;868158736;Minjiaz/mos doc;9065216;closed;2022-03-01T18:37:04Z;2022-03-03T00:30:16Z;f0304bd1033075f8b6a0a166aa2e7f31343519b4;235860204
1151;867504178;bf16+pipeline parallelism;4271600;closed;2022-03-01T06:16:47Z;2022-04-19T17:16:00Z;56c522386878df2513ccb548de76b50191ae3af7;235860204
1152;867143789;Website posts and tutorial improvements;17418037;closed;2022-02-28T20:09:04Z;2022-03-11T23:00:32Z;908d61607271bc1b24a3e59e87076a0991a42bd4;235860204
1153;867060680;Refactor MoE and Groups API to simplify model creation and mangement;9065216;closed;2022-02-28T18:18:14Z;2022-02-28T19:46:41Z;c0af6d90f7e63b14d9ccb68d51d42cadc60301da;235860204
1154;864233315;Bump nokogiri from 1.12.5 to 1.13.3 in /docs;49699333;closed;2022-02-26T06:53:23Z;2022-02-28T17:56:27Z;a254f39ef03ce3b670d7fe2d2545934b107ee356;235860204
1155;862358453;01 adam optimizer;18747834;closed;2022-02-24T11:53:44Z;2022-03-11T05:31:19Z;b80e5624e2823e3ad4a0bd625716eeb24921c6c9;235860204
1156;856064663;Optimizer state for only trainable parameters;4271600;closed;2022-02-17T22:42:42Z;2022-03-18T11:26:11Z;b84edef23feb7343d1eac5ea52e3a6c308cd5fb6;235860204
1157;854767713;Fix assert, bf16 is supported w. zero 1;645595;closed;2022-02-16T19:44:05Z;2022-02-16T22:56:27Z;8eef742f0c90f7dce49861b0025f3533a4219f8e;235860204
1158;854749120;Add checkpoint_comm_enabled flag;645595;closed;2022-02-16T19:21:56Z;2022-06-15T00:21:42Z;81c9bd42c4c10279383ad2a1017cfaf841d5ae73;235860204
1159;853610868;Fix CPU-Offload: Send groups of parameter lists as the FP16 parameters;44502768;closed;2022-02-15T19:11:49Z;2022-02-15T23:58:13Z;5ca2627743162a5e8efa934782150f40a38f31ed;235860204
1160;849786177;Generalize the  model input format of the flops profiler get_model_profile() API;17418037;closed;2022-02-13T00:48:22Z;2022-02-18T21:03:17Z;2151c787a27166f795eb4516f1e191e6730e823d;235860204
1161;847967040;unset torch arch list for JIT mode;645595;closed;2022-02-11T18:58:12Z;2022-02-11T21:41:58Z;674c75882d93a4feb37b259ea981da38c1cd3bb7;235860204
1162;846846525;[tests] fix pytest issue;645595;closed;2022-02-11T05:17:05Z;2022-02-11T05:52:55Z;56eac3829f4b0dd2487e3c567321bf80153c75cf;235860204
1163;846581948;fixing a bfloat16 support issue;2879800;closed;2022-02-11T02:10:41Z;2022-02-11T03:55:58Z;97f8a9eb6688fa36dbe548e02eecdc55acc821a7;235860204
1164;845949875;Load MoE checkpint at deepspeed inference-engine;44502768;closed;2022-02-10T19:52:55Z;2022-02-11T18:56:14Z;841f99d1625df2099b8f3b7f2d46cf7a437b3669;235860204
1165;844742162;Loosen requirement on packaging dependency;645595;closed;2022-02-10T05:48:43Z;2022-02-10T06:06:02Z;dbe8ee167b5b73ddabbf1c20ddb7b1d286f0b732;235860204
1166;844415800;Fixing the inference build-path when pre-building the op;44502768;closed;2022-02-09T22:41:49Z;2022-02-11T06:56:53Z;d3cad05105d59e5c9ae51b8096fc7076bd533235;235860204
1167;844406033;[Doc] Add async I/O op;4271600;closed;2022-02-09T22:32:59Z;2022-02-11T19:05:42Z;4f96ffd9aba0abbce0582b27c75c5c4e76500856;235860204
1168;843289039;Prepare zero-3 optimizer for ckpt load/save;4271600;closed;2022-02-08T22:11:29Z;2022-02-11T22:35:26Z;5fe5b38ea095fca3679a212668ae3b4c7e8a48f0;235860204
1169;842137982;Improve how runner parses env var file;1198666;closed;2022-02-07T20:32:14Z;2022-02-09T00:45:23Z;dac9056e13ded1f931171c5f2461761c89fe2595;235860204
1170;840621734;separate add and mul flops compute function;17418037;closed;2022-02-04T21:23:25Z;2022-02-04T22:44:05Z;ba9c4cc75c30dc6f7b2ea14786875fc18165761b;235860204
1171;836852533;[save_16bit_model] add missing prologue;10676103;closed;2022-02-01T05:28:05Z;2022-02-15T20:01:07Z;baef92e26fef5aa0da63f26d444b91c2a7aa0bd3;235860204
1172;835515946;[distributed] print dist init only on rank 0;10676103;closed;2022-01-30T21:20:49Z;2022-01-30T23:29:14Z;e26de20b4e66a274025d54d6599eb958b8beb05b;235860204
1173;835489227;[zero3] remove debug print 2;10676103;closed;2022-01-30T19:42:18Z;2022-01-30T23:29:48Z;bea701a1fc87a13f26f9d2f97ff4fd779b5d8b77;235860204
1174;834962686;[config] fix assert message;10676103;closed;2022-01-29T04:00:35Z;2022-01-29T20:34:34Z;ed4bbe08d630d954ea364d228b1fd8b28c63f5f6;235860204
1175;834951723;[zero3] remove debug print;10676103;closed;2022-01-29T02:43:35Z;2022-01-30T05:19:30Z;fdd59ca2b5ee64deea145f8bb12a9bb3c394ceee;235860204
1176;834923944;Move param_shapes to model files;4271600;closed;2022-01-29T00:28:57Z;2022-02-07T19:49:46Z;135a6256194057557dadbfc5e6a14e2fba8fd8a1;235860204
1177;833120820;Multi-node save pid support + allow sparse-attn extra;645595;closed;2022-01-27T07:28:09Z;2022-01-27T20:35:18Z;9351266f7888ad3059b0fc2908d9bab721cb84b1;235860204
1178;832755900;launcher save pid + require manual triton install for sparse-attn;645595;closed;2022-01-26T19:47:58Z;2022-01-27T05:23:15Z;171316fc83367d2031d989f8f3117ba82099e700;235860204
1179;832351919;Add a very simple PyTorch Lightning test!;6707363;closed;2022-01-26T11:55:32Z;2022-01-26T15:59:54Z;df724e71e935414bb8e73b78f9f422baca344895;235860204
1180;831980798;Fixes for a clean DeepSpeed build on ROCm;62723901;closed;2022-01-26T00:25:36Z;2022-01-26T16:01:02Z;475b41a04ed4431e2b6d3af1b265dff548b82009;235860204
1181;831712990;Fix the tensor-slicing with multi-GPU inference and kernel-injection;44502768;closed;2022-01-25T17:40:24Z;2022-02-03T17:25:11Z;fa0735760a14a1d02df7949931e4caf6a33eeb0e;235860204
1182;829812340;DataLoader Length Fix;17725268;closed;2022-01-23T18:53:53Z;2022-06-16T05:20:15Z;ae198e20f74276d67aca0c26496e821b38ded2aa;235860204
1183;829619220;Add codespell to pre-commit checks;14283972;closed;2022-01-22T22:14:56Z;2022-01-22T22:45:59Z;4cf970e6bb3c2ff29b2f03fcddb6f2cf26245a23;235860204
1184;828821995;Align bfloat16 docs with 4912e0ad7efcaf97389ae944259aa0e9f331038a;51477;closed;2022-01-21T19:23:18Z;2022-01-21T20:17:43Z;09c065b4c397093983849039af4fb4673015de1b;235860204
1185;828106481;Fix checkpoint api;4271600;closed;2022-01-21T02:13:31Z;2022-01-21T14:32:49Z;e40558ded241edefed410aa44dbf490ab60f05f6;235860204
1186;827054732;[launcher] preserve cuda visible devices order;645595;closed;2022-01-20T01:40:17Z;2022-01-20T01:58:33Z;2d51f6171b75d13d7b1861d27028e88aec5f9fcc;235860204
1187;826971854;Fix inference API & add more description on inference engine tutorial;44502768;closed;2022-01-19T22:56:22Z;2022-01-19T23:27:52Z;94de0229fb0d835ca9f3019ff5195edb3c354910;235860204
1188;826781426;[docs] add logo and move news;645595;closed;2022-01-19T18:21:46Z;2022-01-19T18:21:58Z;2662fded2dbb8c62939fe9d339014385b187d9d9;235860204
1189;826122768;Reorganize MoE news and tutorials.;9065216;closed;2022-01-19T05:20:05Z;2022-01-19T17:38:56Z;af074de349de9ef8b75ff4d70bc5c10e8f4ae2f4;235860204
1190;826037181;Add more context for the MoE Inference tutorial;44502768;closed;2022-01-19T02:05:06Z;2022-01-19T06:03:06Z;e27a60a87993966bbb82281ca93fc8aacd63ff82;235860204
1191;825999976;add moe-inference tutorial;44502768;closed;2022-01-19T00:41:15Z;2022-01-19T01:17:19Z;38e16c696d1b8c4318cfcaf3656e795704a096fb;235860204
1192;825967290;MoE inference + PR-MoE model support;645595;closed;2022-01-18T23:35:25Z;2022-01-19T00:25:01Z;e46d808a1b6cb7e04cb2806e38547b1e3e50c25a;235860204
1193;825879533;pr moe tutorial creation;23286944;closed;2022-01-18T21:11:04Z;2022-01-19T01:18:23Z;53fdadfb9ad0027bfc44b6c369bd4807e91a4741;235860204
1194;824068179;Add RTS and token masking to top-2 gating + configurable jitter epsilon;22177353;closed;2022-01-17T01:09:59Z;2023-09-06T18:25:17Z;;235860204
1195;821333718;Fix memory leak w. activation checkpointing;645595;closed;2022-01-13T19:04:41Z;2022-01-13T22:14:29Z;e4cf40d6172199f304cb006d9d22f9581b900c3a;235860204
1196;819201913;Add additional arguments to launch routine;1198666;closed;2022-01-12T00:26:44Z;2022-01-12T17:51:28Z;fead387f7837200fefbaba3a7b14709072d8d2cb;235860204
1197;817996271;fix the inference injection policies & add some description on the inference-engine parameters;44502768;closed;2022-01-10T20:27:41Z;2022-01-19T22:57:12Z;b365c5e3cdf3df938ae9ca6f4eb2226c4cde7139;235860204
1198;817985710;add -lcurand to fix torch-nightly issue w. JIT;645595;closed;2022-01-10T20:13:15Z;2022-01-10T21:47:56Z;a85dce0728178dbb44f3ccbc495c5b9038d29952;235860204
1199;816923513;Fix the half-precision version of rotary_pos_emb kernel;44502768;closed;2022-01-08T20:57:48Z;2022-01-10T17:44:06Z;762e697a03baaeeec07c5f06da1dfa5d2259b997;235860204
1200;816001005;add segfault guard for cpu adam/adagrad;645595;closed;2022-01-07T00:53:52Z;2022-01-07T17:42:39Z;2422ec4885905bacb87628cc5880e7ec87177cfb;235860204
1201;815742017;Copy grads to cpu in z1-offload;4271600;closed;2022-01-06T18:31:26Z;2022-01-06T19:35:44Z;cef116f82c8875a2f79ed939eefd5520488a070b;235860204
1202;815156568;[docs] add logo;645595;closed;2022-01-06T01:23:55Z;2022-01-06T02:08:23Z;c2735996c03207a9f47231d369e2120b5b67404e;235860204
1203;815151359;update results about public Pile dataset;4238238;closed;2022-01-06T01:10:18Z;2022-01-06T01:12:30Z;aca647991f7c7c4464965fe900d07d1a2a51ab58;235860204
1204;815068196;[squash] zero-ckpt-cpu-issue;645595;closed;2022-01-05T21:53:51Z;2022-01-05T21:54:01Z;c50fa535de6e25076f6dbfd887e3ef89cb923c8d;235860204
1205;814120668;GPT-J inference support;44502768;closed;2022-01-04T18:48:43Z;2022-01-08T02:40:31Z;289c3f9ba42f70f049f988a8509fcd13d4b63994;235860204
1206;811624966;Various small documentation text improvements;51477;closed;2021-12-29T18:38:20Z;2022-01-03T18:28:43Z;d0ab72242711636349609099316f93510c6a9079;235860204
1207;811537990;Replace calls to print() with calls to logger;51477;closed;2021-12-29T15:17:31Z;2021-12-29T15:47:26Z;40ce131caa6f5a8dfb8f50a933ed8ae5d1ddb0ad;235860204
1208;810548499;[save_fp16_model] return status;10676103;closed;2021-12-27T18:41:24Z;2021-12-28T18:46:47Z;317400eafc02ecdf9c90fb669c59a0b10f81ce7d;235860204
1209;808792448;Fix autotuning config;17418037;closed;2021-12-23T00:44:52Z;2022-02-11T16:42:52Z;cccc5450e0c27b6f12a516c669e5a780ce7e6772;235860204
1210;808632878;Fix the top1gating logic when use_rts is set to false;44502768;closed;2021-12-22T18:59:31Z;2022-01-20T21:55:24Z;337728f1487dea06620627101548a99c2ad96ff2;235860204
1211;808129003;remove force-multi and fix None val check in base tuner in autotuning;17418037;closed;2021-12-22T06:59:27Z;2023-08-23T16:20:19Z;43acbb308c8ae8a72cb55bd323650309e4556af9;235860204
1212;807897622;follow-up to #1652, resolved a100-80gb issue;645595;closed;2021-12-21T21:26:28Z;2021-12-21T22:00:41Z;d93d924a77a3f6a427aad7f1e7d83be9b62d9fb3;235860204
1213;807030668;add backup cpu-arch detection if py-cpuinfo fails;645595;closed;2021-12-20T22:08:48Z;2021-12-20T23:13:37Z;cbd68dc480e4e96d3976e4d10a6203c5fe5382dd;235860204
1214;806877686;Convert the fp16_params to group of parameters;44502768;closed;2021-12-20T18:07:36Z;2021-12-30T13:27:32Z;559c4ce11a6b226f856664071d820a9c97feaf9e;235860204
1215;805637897;New feature contribution guideline;4238238;closed;2021-12-17T19:50:11Z;2021-12-18T04:13:17Z;752319c782ee57d9ed02cfadab8bca6e319301ea;235860204
1216;804745674;Add `torchvision` to `requirements-dev.txt`;14283972;closed;2021-12-16T18:45:24Z;2021-12-16T19:31:38Z;8bbf081ad83fbc75f85087856e34d2344577edae;235860204
1217;804710280;Updating autotuner readme file;33713995;closed;2021-12-16T18:05:54Z;2021-12-16T18:49:58Z;f2c433f03e31c53232e7d24f9218d3055c29d74d;235860204
1218;802882489;Fix cpu-adam AVX performance;44502768;closed;2021-12-14T22:43:22Z;2021-12-15T01:33:48Z;259936a76c0a2baafdffabbef8b0e2843f969d48;235860204
1219;801843596;[testing] 3x faster unit tests;645595;closed;2021-12-14T00:40:48Z;2021-12-14T16:15:26Z;7f58853c2e181604d2e5f5ae308524788ad0cd28;235860204
1220;800356127;Support CPU Adam and Adagrad on Windows;239520;closed;2021-12-11T02:45:22Z;2022-01-05T18:59:02Z;74493b2bee5a615b16d81bdf17ef21859500113d;235860204
1221;800271917;MoE for NLG tutorial;4238238;closed;2021-12-10T21:55:06Z;2021-12-10T23:23:52Z;c6ace162c438e755755d2b078589906480215ffc;235860204
1222;800200626;[docs] update readme;645595;closed;2021-12-10T19:51:53Z;2021-12-10T20:00:10Z;88d26e0b8debb2b5f0fb742605701c6d4d42d02e;235860204
1223;799643674;MoE for NLG announcement;645595;closed;2021-12-10T07:30:56Z;2021-12-10T07:37:19Z;3ffeaa499924bee9a8faff7306f5bf3d41f0e03e;235860204
1224;799170710;remove print;9065216;closed;2021-12-09T20:17:31Z;2021-12-11T01:08:12Z;feb6afb049ee944d79eb64c3b1171b0ab8b6d5ee;235860204
1225;798166422;Fix largest param numel calculation;4271600;closed;2021-12-08T20:33:28Z;2022-01-05T19:38:41Z;4354c3cc675c9c59a4f1edd608371322f1986c38;235860204
1226;798151889;Control ds_report output;4271600;closed;2021-12-08T20:10:25Z;2021-12-09T00:29:13Z;91e15593ea4487014114a03c7b4a2a05567fd3f8;235860204
1227;797368821;Use py-cpuinfo to detect SIMD_WIDTH in platform-independent way;239520;closed;2021-12-08T00:21:30Z;2021-12-11T02:31:55Z;64c2946a238b8a5c10b4457149e7e247acf60417;235860204
1228;797280169;Update exp_counts in top2gating;9762261;closed;2021-12-07T21:27:28Z;2022-02-11T03:43:36Z;c98db61c8b1a2dc39d4da0a27d84aa078b1aeee3;235860204
1229;793339329;Sparse Attention: Fix Triton errors;6119143;closed;2021-12-02T05:07:08Z;2021-12-02T06:10:51Z;cda7c718954e22f22df222872400e29eaf5708c1;235860204
1230;793217978;Refactor ZeRO naming to reduce confusion;645595;closed;2021-12-02T00:11:14Z;2021-12-14T00:46:27Z;1d295ff5f8f271ac24502e1f3221649b84fe2de1;235860204
1231;793047910;[zero-3] set default device during zero.Init;645595;closed;2021-12-01T19:35:53Z;2021-12-01T21:09:38Z;4b854a37cbbc60b3a0082f465c034d077447c963;235860204
1232;791305138;Improve pre-commit hooks;14283972;closed;2021-11-30T04:37:58Z;2021-12-01T03:12:29Z;fc2f378ece3055fddd13cdf309faa9ab66a1b302;235860204
1233;791250186;Remove unused import of `ssl.OP_ENABLE_MIDDLEBOX_COMPAT`;14283972;closed;2021-11-30T02:37:43Z;2021-11-30T18:02:12Z;9aa288d7452ca8cee36bf4c29078aaf9c917ddba;235860204
1234;790999687;[formatter] force set LF instead of CRLF ;645595;closed;2021-11-29T19:33:51Z;2021-11-29T23:41:19Z;a10e4811fe78b707289132c9695bade4715fe59b;235860204
1235;790991803;support batch size dimension in 2D sparse attention mask;1899768;closed;2021-11-29T19:22:17Z;2023-08-23T15:55:51Z;b786249bc3fdc3f683b3f689fb788e3a984dcc63;235860204
1236;790439100;wall_clock_breakdown disable failed in moe layer;10112959;closed;2021-11-29T08:43:46Z;2021-11-29T19:14:10Z;c3f1d82b07b7541ee03961b07959b9f38894de5e;235860204
1237;789881585;port OVERFLOW log to ZeRO-2;10676103;closed;2021-11-27T06:14:46Z;2021-11-27T20:08:02Z;7a132a9f4b37959f951b7c04a05207aba6054965;235860204
1238;789266893;Tweaks for lm-eval-harness;1668462;closed;2021-11-26T04:47:45Z;2023-08-21T17:35:16Z;48cd61500bab9f60167cda7b5b5d63305cd02e24;235860204
1239;788304079;Add tensor methods in flops counting and separate macs and flops;17418037;closed;2021-11-24T21:12:50Z;2021-12-14T17:02:57Z;082f392a939896e2fef782eabee2200b5e340902;235860204
1240;787348991;fix partition activations issue when mp=2 and pp=2;24947394;closed;2021-11-23T21:26:20Z;2021-11-24T18:34:10Z;51d42ab9ec826449c39d052669ca33a867c20cb5;235860204
1241;787198479;allow external control of gradient accumulation boundary;645595;closed;2021-11-23T17:33:12Z;2021-11-26T07:56:25Z;52c7889b0142be0823b60eaae27f252deb73141b;235860204
1242;786748921;Transformer kernel/fix layer norm;44502768;closed;2021-11-23T08:49:39Z;2021-12-01T20:17:23Z;8e891aa56844b9df705aeb14c87b2c069ed84e01;235860204
1243;786459965;remove debug prints;10676103;closed;2021-11-22T22:09:10Z;2021-11-23T04:59:19Z;bcf2bdde896f3fecfe3532bc015ce3a24a870f9d;235860204
1244;786315577;Removing `ImportError` from tutel import try/except;3949616;closed;2021-11-22T18:27:33Z;2021-11-23T05:03:03Z;1bc13fe83fb3dbf8da08faf21ecdc9dc741f4945;235860204
1245;785048698;Several fixes for our read-the-docs build;645595;closed;2021-11-19T21:44:48Z;2021-11-19T22:45:03Z;a8a17f234a5f5e49d17c3d5493783ca0aff0cce3;235860204
1246;784980875;sharded_moe: make top1gating ONNX-exportable;421339;closed;2021-11-19T19:44:18Z;2021-12-12T20:40:19Z;07887f663006944271d3fac4d4f860f23573872e;235860204
1247;784723727;Add documentation for TensorBoard logging;51477;closed;2021-11-19T13:55:31Z;2021-11-23T05:01:01Z;e1b4aa8f3beb56e934d92cbb1062c4c38290e600;235860204
1248;783984346;[CI] transformers@master has been fixed;10676103;closed;2021-11-18T17:54:52Z;2021-11-18T19:48:57Z;74baf5bbb91d51cf027eeeff399d884ef1a147c9;235860204
1249;783199095;Remove hard tensorboardX requirement;645595;closed;2021-11-17T23:08:03Z;2021-11-18T01:15:29Z;a90497ecff0a1ac221a032b56ce9fbcbac030c08;235860204
1250;782312324;[autotuning] guard tabulate package import;645595;closed;2021-11-17T03:04:24Z;2021-11-17T17:10:19Z;938449e34a038aec268c9caf1c7d44055a10c94f;235860204
1251;782271569;[CI] use last known good HF hash until fix is merged for PR-14408;645595;closed;2021-11-17T01:18:31Z;2021-11-17T02:18:40Z;da7bff40d0d2a7a7623c47504bfb66c14a87e59c;235860204
1252;781457150;Add shared libs;44502768;closed;2021-11-16T08:59:09Z;2023-08-23T15:52:23Z;032619bbcf52476f3755a47517c65298c3e0bf26;235860204
1253;781266066;Add autotuning news post;17418037;closed;2021-11-16T03:13:17Z;2021-11-16T04:08:39Z;bda3d0e6b98734c3dd8bef48c71bd4498b2a2dff;235860204
1254;781116082;Enforce nccl/rccl alignment of start location of each shard;81309834;closed;2021-11-15T22:37:52Z;2021-11-17T13:57:31Z;4a0b1032cb62642ff1f4b70edea4010a27c22df9;235860204
1255;780490471;Fix partial recovery of sparse_tensor_module_names and dynamically check if gradient data is sparse ;7512250;closed;2021-11-15T09:50:04Z;2021-11-16T06:22:14Z;4bf4ab7ac5b2fa8697e634561256121b8b8b0f89;235860204
1256;780358189;Replace brute force and add log;2911134;closed;2021-11-15T06:45:20Z;2021-11-23T05:02:36Z;e2b39ded9f3e0316ef57632497568acefcb6231b;235860204
1257;780165484;[build] support cuda-11.5;10676103;closed;2021-11-14T21:23:53Z;2021-11-15T17:47:16Z;fa8d6c0a540b442efe8f2249416cc5e098663482;235860204
1258;779805125;fix bug;17418037;closed;2021-11-13T01:08:22Z;2021-11-13T01:15:16Z;927465a7fca30bb27754bd5dc39fa884918ae206;235860204
1259;779784642;fix typos;17418037;closed;2021-11-12T23:40:36Z;2021-11-13T00:03:01Z;81071069e04513020381a6d7755c022c86c0455e;235860204
1260;779781658;Fix autotuning docs;17418037;closed;2021-11-12T23:29:41Z;2021-11-12T23:30:14Z;;235860204
1261;779781259;Autotuning;17418037;closed;2021-11-12T23:28:20Z;2021-11-13T08:56:55Z;9caa74e577c59fa6cf5de3992ea129c979dbad13;235860204
1262;779701322;Fix autotuning docs;17418037;closed;2021-11-12T20:22:14Z;2021-11-12T22:41:18Z;3c4787327e5514ab7632efea795c16d2cb58992c;235860204
1263;779661170;Add inference comm;44502768;closed;2021-11-12T19:07:37Z;2023-08-25T17:02:45Z;1445d855f196492425e98722715c93d690cf2d1f;235860204
1264;779189763;Avoid none swapper for ZInf;4271600;closed;2021-11-12T08:31:06Z;2021-11-12T17:26:48Z;488105ebd200bbd1f6d7cbe863412e41d9ab4221;235860204
1265;778815507;load_checkpoint backward compatibility;4238238;closed;2021-11-11T18:39:35Z;2021-11-11T22:22:53Z;b16dd943a4afa03095ff1babf7917c8f5d4ca4bc;235860204
1266;778074805;Use cuda tensors for allgather;4271600;closed;2021-11-10T23:02:13Z;2021-11-11T01:27:01Z;bd3ebddf3628f3f77d3460e49626c8af7825a92c;235860204
1267;777043677;Fix sparse attention for small block-sizes;44502768;closed;2021-11-09T22:28:12Z;2021-11-12T08:14:18Z;3ed77304df9a56f31779fb13f0ee9347f158d2cc;235860204
1268;776971929;Refine quantizer for supporting larger hidden-dim and group size;44502768;closed;2021-11-09T20:37:50Z;2023-08-25T17:01:25Z;b5292a69c3435e86fa290cd790bd414dde84cc4b;235860204
1269;776821628;Fix 1bit extra issue;645595;closed;2021-11-09T18:26:15Z;2021-11-11T16:57:18Z;2665c8b149147a18e1d03d2a92bb4641d1db4af4;235860204
1270;776637251;Fix return code;7512250;closed;2021-11-09T15:07:25Z;2021-11-24T15:21:00Z;499800caa85ef682364d1f4dc323cfbe91588d5e;235860204
1271;776038001;CPU-Adam: Fix compile Issue;44502768;closed;2021-11-08T23:08:38Z;2021-11-09T19:45:02Z;af443f63f483f6ea6769b78b4b0f2407023e9aed;235860204
1272;776031253;Update offload parameter names;4271600;closed;2021-11-08T22:58:01Z;2021-11-13T17:38:51Z;7567c76c05626c5acd8b5700bedfc412c55d5354;235860204
1273;775117070;fstr for multnode_runner;2911134;closed;2021-11-08T01:58:02Z;2021-11-08T17:55:28Z;93c71831c7ea16a6b692aee745baf7f6221c35a7;235860204
1274;774905974;[docs] fix 404;10676103;closed;2021-11-07T04:39:49Z;2021-11-07T16:23:45Z;76f2b5e51d8cf68d1966dceaf1a562a6f02d73fb;235860204
1275;774766068;Add warmup_type arguments in WarmupLR and WarmupDecayLR;56379056;closed;2021-11-06T09:14:57Z;2021-11-12T12:57:48Z;76847f42cf1247bbbf4831819e27086475137214;235860204
1276;774709560;Add some improvements for pipeline module, engine and assertion into ds engine;38183241;closed;2021-11-06T04:39:30Z;2023-09-26T15:38:34Z;4a1ead1ba8f4247de31a7e71cbb26a59380f16d7;235860204
1277;774561915;Adding Tutel optimizations to MoE layer;3949616;closed;2021-11-05T20:17:48Z;2021-11-05T21:45:29Z;2887349cd456dab19cbe6e1e2b9e519c0eecd29f;235860204
1278;774520523;typo in profiler.py;19844216;closed;2021-11-05T19:14:25Z;2021-11-06T01:11:44Z;2c62d657a45bce5339f188ddb5c51bd0fa94a897;235860204
1279;773925230;[ZeRO] Default disable elastic ckpt in stage 1+2 and reduce CPU memory overhead during ckpt load;645595;closed;2021-11-05T05:53:25Z;2022-01-14T19:05:05Z;3293cf72a0abd5cf77a831996bd054bc908476a6;235860204
1280;773921411;Reduce CPU memory overhead during ZeRO checkpoint loading;645595;closed;2021-11-05T05:40:42Z;2021-11-05T05:41:14Z;165739a508431c9d05a456ca68535edf599cc51f;235860204
1281;773868651;Use fstr in launcher;2911134;closed;2021-11-05T02:55:36Z;2021-11-05T17:15:50Z;cf1f16016f7c700bc53e2d50df06d063469b5e7d;235860204
1282;773414942;Modify inference engine;2911134;closed;2021-11-04T15:18:31Z;2021-11-09T04:04:52Z;f0122007df11281262efcd1525378db54e0261fd;235860204
1283;773063963;modify the quantize.py file for efficiency;23286944;closed;2021-11-04T06:46:50Z;2023-08-23T21:11:37Z;79078a7fbd7bda3b57b4a381397814ec861eb4f7;235860204
1284;772764847;make conv flops counting general for 1,2,3d;17418037;closed;2021-11-03T19:52:42Z;2021-11-05T01:49:32Z;f9b378012e0956a0b28b0f939c7a8dec44947f89;235860204
1285;772492860;Add documentation for bfloat16 (git commit 648f7bfa5009484b822064d0c2…;51477;closed;2021-11-03T15:26:29Z;2021-11-13T00:08:15Z;b7cc7c8ea785db5fdaa17828a3e901c3827b2c66;235860204
1286;771826386;Enables ZeRO-3 inference;645595;closed;2021-11-02T21:03:44Z;2021-11-19T00:39:22Z;2332cb31a7c221e18adcc0604af09acbbb2ecbe8;235860204
1287;771117623;Tensor-Parallelism general support;44502768;closed;2021-11-02T06:17:44Z;2021-11-12T06:22:58Z;9ce00a2171af9284b8c3238f2579a4d7d6a4e190;235860204
1288;771062350;Unify use f str;2911134;closed;2021-11-02T03:51:24Z;2021-11-02T20:38:54Z;df5b0884c7f316d938d48759bb386a3d6787e654;235860204
1289;770996645;[code readability] pipe;10676103;closed;2021-11-02T00:32:56Z;2021-11-02T13:14:39Z;bf1725bb5791fab83294df6879af179ebdbd7f65;235860204
1290;770364074;Remove redudant pass;2911134;closed;2021-11-01T09:57:31Z;2021-11-01T23:19:44Z;85ce85dd5f4b18c0019a5121b06900e3a2c3933b;235860204
1291;769598554;update CL doc;4238238;closed;2021-10-29T23:22:24Z;2021-10-30T05:20:11Z;7f5a3addb648f981377eee8c4a3a2d7f2472a548;235860204
1292;769465170;Render docs for pipe.ProcessTopology;4685384;closed;2021-10-29T18:32:10Z;2021-11-18T04:23:12Z;fafc827d643b3eed611e282d909025f16be36601;235860204
1293;769443354;allow passing hostfile to ds_ssh;645595;closed;2021-10-29T17:56:37Z;2021-10-30T02:43:10Z;163f568f63a3b66e2351382de673bb98533a1fc4;235860204
1294;769419569;Transformer kernel - fix unit test;44502768;closed;2021-10-29T17:17:48Z;2021-10-31T23:28:38Z;2c5bba6dc1db84168691f77cb882669d45f8fd8a;235860204
1295;769375361;Fix typo;51477;closed;2021-10-29T16:07:22Z;2021-10-29T16:10:20Z;e976accb57a8084ba3801b4de867b4575d1c4735;235860204
1296;769268484;[docs] Update DSE Megatron links;4271600;closed;2021-10-29T14:00:19Z;2021-10-29T17:29:18Z;a4fff53d4611d425fa42be7ee311111d7fb25c3e;235860204
1297;769039452;Fix OneCycleLR zero division error;27914730;closed;2021-10-29T08:48:13Z;2021-10-29T17:13:12Z;db5d8ba2fd4aa25bb3d9a04123a6517e1736fbe9;235860204
1298;767909221;Prevent creation of local temp directory;14283972;closed;2021-10-28T01:51:26Z;2021-11-02T21:41:11Z;91defd7cfebf9010e0b97d31acd9132895bb9007;235860204
1299;767873751;enable/disable moe token dropping.;9065216;closed;2021-10-28T00:08:35Z;2021-10-28T17:08:00Z;56635d5b6c38a986663f2d92b30fe6e680930cb4;235860204
1300;767825545;Fixing the transformer APIs to return tuple as the output (if needed);44502768;closed;2021-10-27T22:09:27Z;2021-10-29T23:19:48Z;ee6a92c066af405ec21a493a4feabf158b28539b;235860204
1301;767795786;Inference - Fix SoftMax masking;44502768;closed;2021-10-27T21:14:19Z;2021-11-02T20:54:13Z;76446d988324ac9e8aacab715cd4c57ce8b5b2a9;235860204
1302;767706958;fix broken read-the-docs builds;645595;closed;2021-10-27T19:01:53Z;2021-10-27T19:08:44Z;24dd285ff48dc89c32d49ca03aa468cf73a9ad50;235860204
1303;767484423;allreduce_always_fp16;7512250;closed;2021-10-27T14:34:55Z;2021-11-26T19:50:26Z;d14baad9401bc1de8c982c1b3590d91108c4bbf1;235860204
1304;766750220;"Synchronize folder creation; Single latest file writer";4271600;closed;2021-10-26T18:50:29Z;2021-10-27T22:57:30Z;99bd592d253c6c2e995c49978c4444f989cfd7be;235860204
1305;766218735;Proposal of how we might use sparse tensors for gradients;7512250;closed;2021-10-26T08:47:19Z;2021-10-26T21:46:44Z;fcb3ca5e669e4ca1f1190825e8d90c11c5dbbd9d;235860204
1306;763840192;Make deepspeed.initialize() to be able to run with dict arg.deepspeed_config;73142299;closed;2021-10-22T04:02:23Z;2021-11-11T15:28:52Z;f7d84262b9c164d5a849f81900ed30c8735a775c;235860204
1307;763743989;fix pipeline engine, part 2;4238238;closed;2021-10-22T00:03:04Z;2021-10-22T01:03:11Z;29bee73f034926d608a5d495bb421f1111f64e65;235860204
1308;763516541;fix pipeline engine;4238238;closed;2021-10-21T17:57:44Z;2021-10-21T23:24:45Z;17a479dd8c38aacdae5fda2841526856824aff9e;235860204
1309;761880229;[doc] fix typos and add improvements;10676103;closed;2021-10-20T00:27:57Z;2021-10-20T21:56:39Z;dd22428465fae8bc5b9220f586d7464a0f698dce;235860204
1310;761489642;Ensure single zero3 context;4271600;closed;2021-10-19T14:24:51Z;2021-10-21T21:30:33Z;58a8e13ccd701c76346448a29f8842fd6ef74f7d;235860204
1311;761435536;[DO NOT REVIEW] Baseline test times;18757686;closed;2021-10-19T13:29:11Z;2021-10-19T23:38:07Z;4cb37cdc57313adb29cd26b115677f32080ce7b1;235860204
1312;759824554;document about engine.load_checkpoint();56379056;closed;2021-10-17T12:11:34Z;2021-10-18T13:17:21Z;b4e5826a60b275600673a77478ecb749519caaf0;235860204
1313;758709953;Switch to use or not einsum op. Needed for ORT;18757686;closed;2021-10-14T21:21:18Z;2021-10-21T20:08:53Z;20bf1cc120f6200232bf72f813c6141bdca02b97;235860204
1314;757153777;Fix docstrings for lr_schedules;6124259;closed;2021-10-13T08:29:58Z;2021-10-13T20:54:11Z;c64a03db779d516b3bb80e5eaacab6c7107af791;235860204
1315;756762943;Various ZeRO Stage3 Optimizations + Improvements (including bfloat16 support);31414860;closed;2021-10-12T21:47:20Z;2022-01-21T02:14:14Z;4912e0ad7efcaf97389ae944259aa0e9f331038a;235860204
1316;755452445;webpage link edit;620322;closed;2021-10-11T16:24:46Z;2021-10-11T16:29:43Z;f88b0e5f6e818070703fac93d0afc98e74c4aaf8;235860204
1317;755401858;[doc] update top-level pages;645595;closed;2021-10-11T15:20:21Z;2021-10-11T15:20:30Z;4e736237556c213c2f5bcacf41e5f697f88d405e;235860204
1318;755393876;[docs] 530b update;645595;closed;2021-10-11T15:11:52Z;2021-10-11T15:12:19Z;57a9954240c46b9bc75b3760ddb5a3ce5a3f4c19;235860204
1319;755097369;Fix sparse attention imports;18546213;closed;2021-10-11T09:40:06Z;2021-10-11T19:43:28Z;80e263c571599a93f412c850f0ff7a44a9051a90;235860204
1320;754596134;fix cl for pp/big science support;4238238;closed;2021-10-09T22:40:30Z;2021-10-10T01:55:56Z;cd7967d6b5465e0f1e52d1e111b98a04720e8f37;235860204
1321;754211958;CL for big science;4238238;closed;2021-10-08T17:11:12Z;2021-10-08T22:01:16Z;fbea7b493f26b60e3c98dcc0fabd1a3ff8871b61;235860204
1322;754042030;Proposal of how we might use sparse tensors for gradients ;7512250;closed;2021-10-08T13:28:11Z;2021-10-26T08:29:13Z;264c1f91b5c5564cb83504deb303f40ec47121cd;235860204
1323;753372213;Improve error message of pipeline engine;38183241;closed;2021-10-07T16:59:46Z;2021-10-07T19:11:46Z;3e25e6784ccba4e0aa8d1e3628b2ea59ffbd596f;235860204
1324;752222958;[checkpoints] fix issues with load_module_only flag and refresh_fp32_params;40006668;closed;2021-10-06T18:33:28Z;2021-10-06T23:40:07Z;d8e9ef6f99e27bb95e10bd146d145b3372b4cfda;235860204
1325;752051510;test CI auto-run for old contributors;10676103;closed;2021-10-06T16:55:45Z;2021-10-06T17:00:57Z;d2437086fc37d746e0d4855d183d253723270c8a;235860204
1326;750252895;AMD support;645595;closed;2021-10-05T20:23:03Z;2022-03-03T01:53:35Z;c3c8d5dd93104d4b532fa68b2df217bf0e599ffa;235860204
1327;750150716;add moe+zero ckpt unit test.;9065216;closed;2021-10-05T18:40:08Z;2021-10-22T17:37:50Z;0b77d1d98a7b6f96937cd70db2adf6ef19062ba5;235860204
1328;750110481;Add basic MoE timing breakdown;9065216;closed;2021-10-05T17:46:50Z;2021-10-13T22:37:36Z;1fc74cb9c81668b5ff0046446f8004d4cf8dc2d5;235860204
1329;750068175;[squash] staging amd v3;645595;closed;2021-10-05T17:03:15Z;2021-10-05T17:03:45Z;57089b9c76cf6cff5dd21a3658a8e8f0f1b57bc4;235860204
1330;749213465;[CI] HF tests `image-classification` requirements;10676103;closed;2021-10-04T18:52:41Z;2021-10-04T19:56:59Z;86457c2db3ba1521cdd1c94ef5790e310c1e959c;235860204
1331;747834416;Revise param_shapes to be a list of ordered dict;14260983;closed;2021-10-01T18:01:45Z;2021-10-04T17:23:45Z;dd0c8fa73bd84f2fe377aa46ad34b8b0bdd977a6;235860204
1332;747286354;Fix many typos;14283972;closed;2021-10-01T05:58:07Z;2021-10-02T02:56:33Z;be789b1665b8cafbd1b865534da501b3b287b17f;235860204
1333;747223734;[zero_to_fp32] fix to handle world_size;10676103;closed;2021-10-01T03:44:25Z;2021-10-03T13:31:55Z;dd6bf4d0f1dbc1f5c6183e3177a0b1a2d7396553;235860204
1334;747111254;Improve inference documentation;14283972;closed;2021-09-30T22:54:33Z;2021-10-01T03:36:52Z;aa8d97e6050ae5d748bb2cc93dc081f5cde22c45;235860204
1335;746981895;Fix typo in assert message;51477;closed;2021-09-30T19:21:57Z;2021-09-30T19:44:01Z;56124621ce2646ebb5d95f858c1d7f8c6c9f1387;235860204
1336;746974853;parallelize writing of layer checkpoint files across data parallel instances;1105742;closed;2021-09-30T19:11:57Z;2022-10-21T18:31:21Z;b8fb9c3f1a8a8e3e574a7d53e83ce2b72d471aa3;235860204
1337;746905434;Add assert to ensure we don't skip unsupported grad dtypes;645595;closed;2021-09-30T17:28:04Z;2021-10-01T04:25:45Z;0457bb1cb661c4783712489b529317437e086bc7;235860204
1338;746127426;[ci] HF tests dependencies;10676103;closed;2021-09-29T20:47:34Z;2021-09-29T23:11:23Z;8c5ffcd9a75267eea1a6729e1a6544ac94db1fca;235860204
1339;744523922;Fix inference MP group initialization at consequent inference calls;44502768;closed;2021-09-28T07:32:09Z;2021-09-30T21:59:14Z;9f17087fddc93f16f5c6ef16f3f72bc9a30e8b52;235860204
1340;744130388;Bump nokogiri from 1.11.4 to 1.12.5 in /docs;49699333;closed;2021-09-28T01:14:08Z;2021-09-28T17:19:13Z;39c7744026e323471c835e67854d196d45dc3c4d;235860204
1341;744108472;[Dependabot] update nokogiri;645595;closed;2021-09-28T00:54:36Z;2021-09-28T01:20:15Z;ecf54b71e68dfb708148e4cd53562d623ded6f8d;235860204
1342;744090884;Big science related changes;645595;closed;2021-09-28T00:39:20Z;2021-09-29T22:34:35Z;e2fdd254edff5780d00c04111572c913ee698719;235860204
1343;743872573;[squash] Big science v1;645595;closed;2021-09-27T21:38:11Z;2021-09-27T21:39:32Z;bb629d3aa76b67380efd4e9a56527636f9b0242d;235860204
1344;743854695;[CI] install fix for HF tests and use dict instead of json for some tests;645595;closed;2021-09-27T21:22:57Z;2021-09-28T00:34:49Z;9e5c0c5c3ecabb68b7e9dffac0e9b8d167e3cab8;235860204
1345;742867920;Big science fix passing multiple tensors;24695242;closed;2021-09-26T12:30:37Z;2021-10-07T18:53:06Z;9c672783e95c3729ee7dae72c2afdb0b46ed5ff9;235860204
1346;742746114;Add flexibility of pipeline parallel module and engine;38183241;closed;2021-09-25T19:26:48Z;2021-10-01T21:57:37Z;30965ea734587e80d130d78876c437844655090c;235860204
1347;742630524;Bfloat16 zero2;90890881;closed;2021-09-25T07:05:59Z;2021-11-01T21:22:09Z;648f7bfa5009484b822064d0c28d377da6dd71a0;235860204
1348;742497590;Fix the workspace allocation for the transformer kernel;44502768;closed;2021-09-24T20:44:52Z;2021-10-06T16:08:19Z;bc7778ea5b6018c4982816a1bf4d11fb46eb111f;235860204
1349;742390473;[CI] Add HF transformers integration tests;645595;closed;2021-09-24T17:25:01Z;2021-09-24T17:36:24Z;4dec60eb8f6d42e55081d25f553d8c5ce7db01dd;235860204
1350;741620904;curriculum learning integration;4238238;closed;2021-09-23T18:10:30Z;2021-09-23T19:02:33Z;6a40bc5932111c963a4f499f69cf2211a11cdb0c;235860204
1351;741051417;fix dataloder len;8022184;closed;2021-09-23T04:32:30Z;2023-03-24T03:41:16Z;6ac1a2b1ecf0c78510b0a93b27f23f2e533d1ae1;235860204
1352;740722784;Fix from Felipe and Young for loading checkpoints.;9065216;closed;2021-09-22T18:29:42Z;2021-09-22T20:34:31Z;86dd6a6484a4c3aa8a04fc7e7e6c67652b09dad5;235860204
1353;740697258;fix file-system race condition in saving/loading to disk on some test nodes;645595;closed;2021-09-22T18:00:22Z;2021-09-23T20:13:20Z;19905c9d83f0604a42b78373fd9fc4f1398d6a5a;235860204
1354;740688709;Use rtol to suppress spurious failure on AMD;4271600;closed;2021-09-22T17:48:39Z;2021-09-22T17:53:58Z;8484f2464e1e5ba795ad720d6ed2a925c124c97a;235860204
1355;739209674;[squash] Staging amd v2;645595;closed;2021-09-21T16:52:06Z;2021-09-21T16:52:24Z;7c4b9749473b83c9942720394c5d721c8b6e3cde;235860204
1356;739160594;Big science;645595;closed;2021-09-21T16:18:50Z;2021-09-28T18:14:43Z;;235860204
1357;736923702;[zero_to_fp32] fix padding removal;10676103;closed;2021-09-18T15:32:12Z;2021-09-22T03:50:53Z;364994ad34943f97e5a23da09f8246a461fb17d9;235860204
1358;736668005;fix: support loading checkpoints with three-digit layer numbers;1105742;closed;2021-09-17T20:51:59Z;2021-09-18T11:23:44Z;4ad8019cdf5b48ff169bacc2ca3dce5f80671709;235860204
1359;735309553;Fix non-fp tensor bugs of contiguous activation checkpointing;38183241;closed;2021-09-16T09:45:16Z;2021-10-02T19:44:02Z;d1e72f29d89a43ae383f8fbc1d90bc7c18f2c269;235860204
1360;735003634;Sparse attn triton v1.0 support + torch1.8 test runner;645595;closed;2021-09-16T00:06:13Z;2021-09-21T14:33:10Z;6996bb015911f5b437e2a732dd7f478f15abd167;235860204
1361;734936831;[zero Init] fix regression;10676103;closed;2021-09-15T21:28:49Z;2021-09-16T00:17:21Z;cf22a691d6ce44ed512f953df405d488582b44a1;235860204
1362;734896599;[zero_to_fp32] adapt to 4-bytes alignment in z2;10676103;closed;2021-09-15T20:23:49Z;2021-09-16T16:43:41Z;30537e719c9b86556fa1c821cf64880cb6398fca;235860204
1363;734479323;Introduce a device rank when setting device;6707363;closed;2021-09-15T11:33:48Z;2021-09-15T23:13:46Z;90398a700c0519fcd23f77e2a71b2c41a460b4a5;235860204
1364;734154908;Improve handling of `Init`'s config arguments;14283972;closed;2021-09-15T01:58:42Z;2021-09-30T22:36:41Z;785b6c25e8c93d036dd459463439571df8102c32;235860204
1365;733982426;Make the replace module more configurable;17096858;closed;2021-09-14T19:54:44Z;2021-10-05T20:29:50Z;c6d1418d85dd5fcb2287b09c2438363eb13b6c0b;235860204
1366;732912943;rm max_seq_length arg:DeepSpeedTransformerConfig;17096858;closed;2021-09-13T16:28:56Z;2021-10-03T14:58:59Z;466b0e638cd00daacb43cc6c9ecf6e12ec9f1e73;235860204
1367;732224973;Update setup.py;53907493;closed;2021-09-12T19:23:13Z;2021-09-13T16:37:32Z;8e577c923d90ed97478d1269282949d04b9bdfc4;235860204
1368;732096240;Enable AVX256 on AMD CPU;6838753;closed;2021-09-12T06:49:31Z;2021-11-23T05:15:14Z;a637cc2cd508381d79a522c98fef0d4e747ef28f;235860204
1369;731780125;fix unit test failure when merging PP ckpt files;24947394;closed;2021-09-10T21:50:49Z;2021-09-10T22:14:47Z;9b915fed07971a5f3a90da35c3bbf9f365c2cb2a;235860204
1370;731266008;Add cpu adagrad;6838753;closed;2021-09-10T08:36:22Z;2021-10-26T17:55:18Z;8abdaee2430497438729daeded370db8a0e03c9b;235860204
1371;730969290;Remove dropout as client code can do it independently.;9065216;closed;2021-09-09T21:48:30Z;2021-09-10T17:18:10Z;9f5939d2a7bcdd2953d52a0baf09ede485221a81;235860204
1372;730941983;[squash] staging amd progress;645595;closed;2021-09-09T21:14:43Z;2021-09-09T21:15:19Z;4e2a022290cf62b551af69f95b9d6cd7de5a78f1;235860204
1373;730083850;Fix the file-paths for the auto-generated hip files through JIT;44502768;closed;2021-09-09T00:54:26Z;2023-08-23T15:53:26Z;d37d6fc204e626fab86d206fd30a5821ed8de3e3;235860204
1374;728951697;add tutorial on pytorch profiler usage;17418037;closed;2021-09-07T21:00:40Z;2021-09-21T14:57:44Z;51a2e916b730cf676c66532b19d973a603377cb0;235860204
1375;728534898;Fix bugs about FP16 sparse attention.;38183241;closed;2021-09-07T10:57:42Z;2021-09-10T03:37:11Z;eb97a424f284aa01856848c26b691557f206229c;235860204
1376;726258829;delay torch cuda init, broke our dist testing backend;645595;closed;2021-09-02T20:27:01Z;2021-09-02T23:52:45Z;d65b5a104bfbc3f638ac8d1ea06bafadbd4021cc;235860204
1377;725093203;[actions] split formatting and unit tests into two jobs;645595;closed;2021-09-01T23:33:03Z;2021-09-02T15:46:20Z;600db0918904b7497a72a43cdda0f724e9164a96;235860204
1378;725063810;[actions] route jobs to nvidia runners;645595;closed;2021-09-01T23:00:45Z;2021-09-01T23:03:16Z;74f058b956ff949b17236f582dbbe0e46bb4a195;235860204
1379;724812551;Support client lr schedulers that are not subclass of torch _LRScheduler;4271600;closed;2021-09-01T19:10:49Z;2021-09-01T20:48:28Z;8e301b6e91e915224c36cc0da5cd11fda721b776;235860204
1380;722878914;Remove duplicate clip grad function in deepspeed;9065216;closed;2021-08-30T22:58:42Z;2021-08-31T05:48:40Z;ddffbae021fef24bf64945d45ace9bac7e08508d;235860204
1381;721162880;Added both CPU support for lamb optimizer!!;40058558;closed;2021-08-27T09:12:27Z;2023-08-23T17:33:47Z;f2dd987925a0f9cd246ea69c81df66708511da75;235860204
1382;720803382;update for cuda-11.4;10676103;closed;2021-08-26T19:59:22Z;2021-08-30T16:48:09Z;b9ece257c4c6f9970c5b415b50b8875c918239f4;235860204
1383;720742462;Added 4-byte alignment on NCCL/RCCL;81309834;closed;2021-08-26T18:17:34Z;2021-09-09T19:15:46Z;2c62843965f777ead99719202cd31f70fd3ad0a3;235860204
1384;719887111;Use clone to avoid checkpoint bloat;4271600;closed;2021-08-25T17:51:25Z;2021-08-28T00:58:13Z;336dd089e5e11d46daf3abfad048d71b72912504;235860204
1385;719870936;Use mpu in zero.Init();4271600;closed;2021-08-25T17:25:28Z;2021-09-01T21:58:32Z;e08c239c2d76c919f7237d5a505074767ddc8e44;235860204
1386;719602663;Fix PP checkpoint bloat;4271600;closed;2021-08-25T13:26:58Z;2021-08-25T17:18:07Z;72ce55ab59cdc2a2048b4a270b5e16455cbcaefe;235860204
1387;718897350;[zero] restore fp16 params if no zero ckpts available;645595;closed;2021-08-24T16:32:49Z;2021-08-25T14:11:56Z;aa1212910c8a067e4014e157627fa80b696e824b;235860204
1388;718718755;Added drop_last to DeepSpeedDataLoader;14868065;closed;2021-08-24T12:55:26Z;2021-09-01T19:12:20Z;c0b27fb01938be8c87e5e80a354a324c5e2a0a20;235860204
1389;716869345;Fix the memory offset of cpu adam when using fp16 param;10428324;closed;2021-08-20T16:44:05Z;2022-02-17T04:34:13Z;7718bddfa40f18623db2fdb04e86db54080bb197;235860204
1390;716108484;Support Callable type for client optimizer and lr_scheduler;4271600;closed;2021-08-19T16:58:03Z;2021-08-25T20:01:07Z;274c375c87f35d1c7509dfc6a14f8a84d5efab84;235860204
1391;714762729;Updating the torch version check to numeric;31756496;closed;2021-08-18T05:50:01Z;2021-08-18T16:19:22Z;e804f15040d4e02969866f3a4b8932881c28c7f7;235860204
1392;714451066;MoE read the docs update;645595;closed;2021-08-17T17:49:42Z;2021-08-17T17:50:08Z;9cb64a1fc58d3bde7c15af4f28706a51356d5829;235860204
1393;714446466;Added both CPU and GPU profiling Support!!;40058558;closed;2021-08-17T17:41:54Z;2022-01-11T19:55:52Z;7d65d42305c2ee2495199f70dedb68e068a27aab;235860204
1394;713914090;DeepSpeed MoE ;9065216;closed;2021-08-17T04:54:04Z;2021-08-17T05:18:45Z;f28432441bae1020157407a4eca1661e9fe35164;235860204
1395;713695446;Add more synchronizations and barriers for the multi-gpu inference case;44502768;closed;2021-08-16T19:38:36Z;2021-08-27T17:22:29Z;0ec11daa026138fdbdb7245f2f5053bab878494b;235860204
1396;713233896;Curriculum learning;4238238;closed;2021-08-16T08:41:00Z;2021-08-16T18:57:55Z;b2b34ae342d6f851226e995f2e1021d12e761093;235860204
1397;711484224;[squash] CL staging squash;645595;closed;2021-08-12T19:38:10Z;2021-08-12T19:38:29Z;7475f8fcbbb234aec3ed64371b08ff6e88e96dae;235860204
1398;707054277;The deepspeed for using Nebula save/load Checkpoint;9280589;closed;2021-08-10T06:04:26Z;2021-08-10T06:05:15Z;1290c6237e1c8b7b725299eefe0dde11d848c5cc;235860204
1399;707024337;turn excessive noise off;10676103;closed;2021-08-10T04:42:51Z;2021-08-11T12:20:38Z;e65e511b48129906bf15ca3f870c128d393d4bf5;235860204
1400;706879357;API for obtaining global gradient norm;4271600;closed;2021-08-09T21:51:09Z;2021-08-09T23:42:24Z;cce85b893b8a2490979d8e4b5d1e1f980b24bd71;235860204
1401;706390427;Elasticity updates (squash) (#997);64461424;closed;2021-08-09T10:16:27Z;2023-03-24T03:40:10Z;ff1f6c1bfe99c3b3de1acabfb2480aa7723a51ea;235860204
1402;705818558;add pod level retry relaunch with worker number unchanged;8891239;closed;2021-08-07T01:59:04Z;2023-08-23T15:48:39Z;3932a9f14a9430d43dd0f458e48ea71a354c97d7;235860204
1403;705810605;FP16 fused and unfused grad norm query.;620322;closed;2021-08-07T00:56:48Z;2023-03-24T03:39:26Z;84f706e8f9121d42bfa8ebbd18c5084ef55435cf;235860204
1404;705702984;Use correct input size for splits;4271600;closed;2021-08-06T19:32:24Z;2021-08-06T21:32:05Z;c543a41b154a991d50cb6cc8c07dbf46b0d2bdf6;235860204
1405;704874260;CPU-Adam: add compile-flag to enable param-copy from CPU to GPU;44502768;closed;2021-08-05T17:03:07Z;2023-08-21T21:20:46Z;fa304e112666ded9b1ffaaafc71e8af96bd506b4;235860204
1406;704465925;Fix masked parameters training in 1-bit Adam;39963896;closed;2021-08-05T07:51:33Z;2021-08-05T18:20:33Z;00320a9b5cc13be09dd72a3ab7fe1ada3cca1004;235860204
1407;701797371;Align gradient partitioning order;4271600;closed;2021-08-02T21:35:40Z;2021-08-06T19:34:54Z;b1b417544a0050b9d2c3c495a8b4cfadb8c06d9c;235860204
1408;701655023;ZeRO-1 empty grads fix + tests;645595;closed;2021-08-02T17:29:43Z;2021-08-02T18:00:26Z;adc21a4dfdca0c540b31068e21610752689ac349;235860204
1409;701419317;Use mpu in DeepSpeedConfig() call;4271600;closed;2021-08-02T12:23:29Z;2021-08-09T18:37:57Z;6b428821fd0091fbbf0add3661a378c26e2e5b3f;235860204
1410;699890217;Correctness fix PP+ZeRO for gradient accumulation;645595;closed;2021-07-29T22:57:38Z;2021-09-10T14:47:27Z;b712babe5e71429af61647b38861497393bf9619;235860204
1411;699889739;Correctness fix PP+ZeRO for gradient accumulation + updates from master;645595;closed;2021-07-29T22:56:12Z;2021-07-30T22:58:45Z;f93e22b38c3a90d1f9980ea99b3c37a1d5a4e4f9;235860204
1412;699556274;[Doc] round_robin_gradients;4271600;closed;2021-07-29T13:55:06Z;2021-07-30T04:06:35Z;40c381df0cf88435e80cb42bb6aa283a74124fc0;235860204
1413;699083766;Use scalar cpu-adam in case of exception in op-builder;44502768;closed;2021-07-28T23:47:08Z;2021-08-27T18:04:14Z;9645e7bc55504697ae1d9cef239de9e52ee80534;235860204
1414;698955927;Use correct default for round robin gradients;4271600;closed;2021-07-28T19:23:22Z;2021-07-28T22:11:43Z;97f7ed9e9836f2894387c3a7e38e7db2a8e5dcfc;235860204
1415;698878417;Make round robin gradient partitioning configurable (default False);4271600;closed;2021-07-28T17:27:48Z;2021-07-28T18:03:07Z;4d420df56506064a9e385f93fb9f33ace5359130;235860204
1416;698376546;Activation checkpointing improvements;4271600;closed;2021-07-28T05:30:41Z;2021-08-27T23:25:15Z;85acf14c58658964a796c5c901b58123f99fb1df;235860204
1417;696833964;Cleaning up tensor/pipe parallel accounting.;620322;closed;2021-07-26T09:04:21Z;2021-07-26T15:52:56Z;d6945dea8d3d85636ea388a14dcb00ff8231fda3;235860204
1418;696777106;was_step_applied;620322;closed;2021-07-26T07:47:31Z;2021-07-26T15:32:41Z;9dbfdbd4739312f2891122246c88aee46c2128a3;235860204
1419;696405547;query for libaio package using known package managers;1105742;closed;2021-07-24T21:03:35Z;2021-07-29T05:42:27Z;e82060d09014868a0d5e6a979ffb7579da78d3b9;235860204
1420;696264158;aio: enable -O3 optimization;1105742;closed;2021-07-24T00:18:40Z;2021-07-26T21:06:09Z;10cc2c97c40eb33bb39e1c47fe1073193f42bf7e;235860204
1421;696218432;test link against libaio using distutils;1105742;closed;2021-07-23T21:25:58Z;2021-07-24T21:05:05Z;6ec84967eda5b51d7d80dbbafe623764a0c41773;235860204
1422;696196277;[zero-1] ignore overlap/contiguous_gradients flags;645595;closed;2021-07-23T20:33:39Z;2021-07-27T00:13:27Z;6ae756c03f12674f17aef90622e7664a8af9d2af;235860204
1423;693895027;Reducing the memory-overhead of creating large-models for multi-GPU run;44502768;closed;2021-07-20T22:08:59Z;2021-08-26T18:05:44Z;49b6a63251a034a01dd7a066ed444fbec1b8e390;235860204
1424;693023078;[zero2] zero_param_shapes: switch to round_robin_fp16_groups;10676103;closed;2021-07-20T00:45:23Z;2021-07-20T14:52:41Z;7392e4590e86704fa889dd9282c717216fe83984;235860204
1425;692961618;Fix cudaErrorInvalidConfiguration in attn_softmax() for large values of sequence_length*num_heads;42850;closed;2021-07-19T22:16:21Z;2021-07-28T19:46:16Z;bfe7f0db2a02d613d5820c5d714d8de106ab9b5a;235860204
1426;690333317;[see_memory_usage] fix deprecation;10676103;closed;2021-07-15T02:00:33Z;2021-07-16T01:11:17Z;32e85eda58c560e5d5a596f71fce3682ac2ef80a;235860204
1427;689476941;[zero3] fix reference counting in backward over multiple forwards;10676103;closed;2021-07-14T00:03:30Z;2021-07-14T14:20:19Z;3fa24208c4cdd0b939a2d96650b0a509d0b1356c;235860204
1428;688631097;Bump addressable from 2.7.0 to 2.8.0 in /docs;49699333;closed;2021-07-13T08:15:35Z;2021-07-13T16:11:10Z;54bed327f55325dd517fe34c369d4ea9311c6547;235860204
1429;688622234;enable async io op on powerpc architectures;1105742;closed;2021-07-13T08:03:57Z;2021-07-15T21:46:47Z;89b0fb426dcb43858b6523c69c3d7a7b95ccc3bc;235860204
1430;688348071;[zero3] release tmp memory when consolidating fp16 weights take2;10676103;closed;2021-07-13T03:10:00Z;2021-07-13T20:35:16Z;810394636aeee8302c87fa1a5c213d3fb87132dc;235860204
1431;688206056;revert part of #1220;10676103;closed;2021-07-12T21:55:53Z;2021-07-12T21:57:52Z;bc451c0913d38041eb6be13221c2ce4308141679;235860204
1432;688153632;[zero3] release tmp memory when consolidating fp16 weights;10676103;closed;2021-07-12T20:30:20Z;2021-07-12T21:01:35Z;2660cc4dd43348306c58913775ceb4878379abe5;235860204
1433;687947568;ZeRO2-Offload: Disable copy overlapping;4271600;closed;2021-07-12T15:30:03Z;2021-07-13T13:56:52Z;97207c8c3767ce64aa19a673866c478e3149aa42;235860204
1434;687092304;[zero3] improve debug;10676103;closed;2021-07-10T00:04:52Z;2021-07-12T13:25:51Z;5127b2fa256209ddadaab857bba8359cee6a7c3c;235860204
1435;687030834;[zero3] params_to_reduce isn't always there;10676103;closed;2021-07-09T20:46:19Z;2021-07-09T23:34:50Z;91f58c068c2bb36a8327532463ff34adf6a49dd6;235860204
1436;686434800;enable cpu adam op on powerpc architectures;1105742;closed;2021-07-09T02:06:26Z;2021-07-12T19:24:40Z;f65ff908ab0a5c7c938c680fe7531596a19d4629;235860204
1437;686365855;only create recovery script from rank 0;1105742;closed;2021-07-08T22:32:49Z;2021-07-12T20:59:40Z;f3d3b60950b0695cf2f67bdcb1263199d1873ed9;235860204
1438;685999399;json wrong format;26594104;closed;2021-07-08T13:08:11Z;2021-07-12T14:24:45Z;5652072e5451077da4179e5398b1c0c71c752c34;235860204
1439;683992652;Fixing inference api for FP32 and non-masking GPT-based models;44502768;closed;2021-07-06T01:02:23Z;2021-07-20T20:54:17Z;6ba96289702afc56948aa9f6cff55d7df678ccc0;235860204
1440;682897250;[zero.Init] post_init partitining is to be run only by a child module;10676103;closed;2021-07-02T21:57:54Z;2021-07-09T23:57:25Z;497b741f1616977b8db670555bd96f88ef926406;235860204
1441;682147568;contiguous gradients should be set to True by default;3409344;closed;2021-07-01T20:27:29Z;2021-07-01T21:57:22Z;c9fee82149f3de9b2fb87846276f1928f6d0de33;235860204
1442;682114574;Test pull;75638701;closed;2021-07-01T19:31:40Z;2021-07-01T19:32:34Z;;235860204
1443;681170969;[WIP] PP support for latest megatron;645595;closed;2021-06-30T19:27:35Z;2021-07-26T15:54:23Z;501682e20bc4cf5f6d25246dfb0e86b43c3ef206;235860204
1444;678261854;undo noise;10676103;closed;2021-06-26T02:40:22Z;2021-06-26T02:50:38Z;bc019a533971e1dcfde93972ae892b1a4f425041;235860204
1445;678261609;clean up logging;10676103;closed;2021-06-26T02:37:48Z;2021-06-28T19:42:39Z;a029239812e15cf35334514449ed3127b915780a;235860204
1446;678040273;ZeRO3, improved parameter all-gather operation;1150493;closed;2021-06-25T16:28:00Z;2021-10-31T06:59:44Z;c0eeb69dfb7326948f7d0063aa1b4112ff575cee;235860204
1447;677405378;switch bin files to use python3 instead of python;645595;closed;2021-06-24T20:10:16Z;2021-11-18T04:28:07Z;236890d6f315864b4e5e3af68335eac20e720039;235860204
1448;676623427;[model weights] zero_to_fp32 multiple improvements;10676103;closed;2021-06-23T21:11:05Z;2021-07-12T20:11:45Z;2a921069d76e707c52a4a23e5ab1215651902910;235860204
1449;674735138;remove torchvision dependency;645595;closed;2021-06-21T17:13:39Z;2021-06-21T17:41:27Z;3b68984498cd10f138f69725597ca83452294ac7;235860204
1450;672819658;ZeRO-3 Slowdown;4271600;closed;2021-06-17T16:45:12Z;2022-04-06T00:02:58Z;c2400fa4eb996ed6895232bd986e3cf1c18848bf;235860204
1451;672816435;add assert to make sure zero isn't enabled with 1bit-*;645595;closed;2021-06-17T16:40:34Z;2021-06-17T17:53:50Z;1ba3e8e3364049ecfc647aae4715ec9441676c51;235860204
1452;672393803;Fix bugs about non-contiguous tensor broadcasting;38183241;closed;2021-06-17T08:44:12Z;2021-06-24T03:52:54Z;429cbc89afdb1a801dc56af25304dd2e34af3632;235860204
1453;672356892;fix checkpoint loading;4238238;closed;2021-06-17T08:05:30Z;2021-11-18T04:32:22Z;4c1150b27af3b0f36d9f6e0bd3f7afe34f1012ef;235860204
1454;671887120;Remove hard torch dependency at install;645595;closed;2021-06-16T20:47:39Z;2021-06-16T21:18:37Z;da1fe2f82c9787af822af98d3d9372c92d7f0c69;235860204
1455;671737396;Set ompi local rank as local_rank if it exists;645595;closed;2021-06-16T17:53:43Z;2021-06-16T22:46:36Z;4c114a27a067ecb30a30a918f60e91d3c5e7e254;235860204
1456;671727747;[Doc] Fix steps_per_print description;4271600;closed;2021-06-16T17:45:35Z;2021-06-16T18:31:23Z;fa7921e23f15844373dc3225a27a1b8f40084a2a;235860204
1457;669623705;Allow global steps to be reset when fine tuning;42359489;closed;2021-06-14T14:37:30Z;2022-05-04T15:06:10Z;159b363d6ca4b6095cacd169d19312e913e44e74;235860204
1458;668971470;Fix bugs in the tutorial documentation;38183241;closed;2021-06-13T00:51:16Z;2021-06-15T00:24:18Z;aa16828c267dc7a790a5cc2f43f93a67617a2364;235860204
1459;668434106;Avoid partitioning small activations;4271600;closed;2021-06-11T18:28:48Z;2021-06-18T00:01:26Z;b1669c0d8f6dbe65162b534f2c6967f64d143dc3;235860204
1460;665457798;Add Windows support in README, use c++17 on Windows  to support latest VC & cuda build tool;24947394;closed;2021-06-09T00:38:58Z;2021-06-10T00:24:43Z;71ecf7e62583cf8cd3661d30d5f82851df3bb82c;235860204
1461;665452134;Samyamr/largest partitioned params calculation fix;3409344;closed;2021-06-09T00:20:54Z;2021-06-16T17:43:08Z;4eaf910616bda4be87dc7777b7f3adff792adc49;235860204
1462;665201078;Added retain_graph as a kwarg to the main engine backward function;23509131;closed;2021-06-08T19:18:44Z;2022-07-29T14:24:26Z;ba67bd9a141f0277d451b876b63862c34e30bfea;235860204
1463;665088786;unit test for bugfix #1135;620322;closed;2021-06-08T16:53:10Z;2021-06-09T16:40:14Z;8e48756c123b037db9c273788f1339d7b2572045;235860204
1464;664296511;zero_to_fp32: restore persistent buffers;10676103;closed;2021-06-08T05:26:40Z;2021-06-23T19:53:32Z;df8b1f884fbc7297bdaaa017a6b58e98c3d4780c;235860204
1465;663898985;correct cpu_offload deprecation;10676103;closed;2021-06-07T20:40:19Z;2021-06-08T16:32:08Z;a8d6dfe87c6a0ccfb1884fa6651e9c76a5138ca0;235860204
1466;663806748;[builder] allow minor cuda version differences;10676103;closed;2021-06-07T18:27:42Z;2021-06-07T20:50:04Z;c5d5ce681c40f88ad0b78951c1d28a645518ce80;235860204
1467;662310241;introduce debug utils;10676103;closed;2021-06-05T06:11:33Z;2021-06-23T20:08:30Z;c0c4ebf143b60bae28c32beaed0a9f526f25264d;235860204
1468;662306804;[zero] fix missed subclasses partitioning bug;10676103;closed;2021-06-05T05:47:08Z;2021-06-07T22:06:15Z;5ca81678f2f9b42287619bd803f44ffb6031195a;235860204
1469;662096169;[engine] missing f-string;10676103;closed;2021-06-04T22:05:03Z;2021-06-07T23:04:35Z;1b187191ca40887ebdf87321680f03d72b344d6d;235860204
1470;660573048;[build] fix empty entry in gcc cmd leading to build failure.;10676103;closed;2021-06-03T05:10:06Z;2021-06-03T12:08:36Z;ccc522c2f87456aaf5f6986682349b262dc60469;235860204
1471;660490966;Remove triton version to use the latest stable pypi version;44502768;closed;2021-06-03T01:06:39Z;2021-06-03T01:43:13Z;cf82168c4ec02870f2d37f80cd76ddcd3b630c4d;235860204
1472;655768605;Add local attention for GPT-Neo model architecture;44502768;closed;2021-05-28T03:28:15Z;2021-06-08T18:45:00Z;aca7fc549a415e3e8e0f69ea8ce58735b178b4d0;235860204
1473;655359734;Fix links at inference tutorial;44502768;closed;2021-05-27T21:09:22Z;2021-05-27T21:43:40Z;11e94e6c72dc9e80372143bc555fbd47fd05c626;235860204
1474;652925346;Release inference quantized kernels;44502768;closed;2021-05-25T22:53:18Z;2021-05-25T23:30:45Z;d2cf66a66847aa7f8d25da5708b7016e54f29e0a;235860204
1475;652743007;fix config name;10676103;closed;2021-05-25T19:36:05Z;2021-06-03T19:06:49Z;c697d7ae1cf5a479a8a85afa3bf9443e7d54ac2b;235860204
1476;651881758;Refactor to use local vars for rank, world_size, group.;9065216;closed;2021-05-25T05:46:03Z;2022-07-22T23:55:12Z;7aa9e7f348d3c9d3865c1be7018d39b0a021f5a7;235860204
1477;651666572;delay imports for replace policies and fix missing req;645595;closed;2021-05-24T22:06:01Z;2021-05-24T23:43:37Z;96eb5b12e328f9398d57fb577ee088cfcfb5444f;235860204
1478;651662187;Create symlinks on Windows setup;24947394;closed;2021-05-24T21:59:35Z;2021-05-25T05:53:44Z;10104284a29c93d65541bc746de85f99cd05e5bb;235860204
1479;651590624;remove old unit test, should have been removed in rebase;645595;closed;2021-05-24T20:08:00Z;2021-06-08T16:34:21Z;8def3cb3a2219ab42f35d1a6de13cbb97b2954be;235860204
1480;651559341;Add inference API to RTD;645595;closed;2021-05-24T19:07:45Z;2021-05-24T19:07:56Z;0d701ec4ab4e0edd43a5f9ec0bdc0a763a65e73a;235860204
1481;651541583;Fix inference Api;44502768;closed;2021-05-24T18:35:58Z;2021-05-24T18:54:41Z;f8a65cb5f185afa59f5f9a0948c32eaa86b027f8;235860204
1482;651515096;add press release link;645595;closed;2021-05-24T17:57:41Z;2021-05-24T17:58:05Z;b49c99b0c9d48977c2dfaa90e65a873a70b1a20c;235860204
1483;651496141;Fix Inference and Quantization tutorial links;44502768;closed;2021-05-24T17:21:30Z;2021-05-24T17:22:47Z;7388e29ce3b522d0501190e6b1a99eb1ff52ba7c;235860204
1484;651482292;Fix inference titles and add MoQ pictures;44502768;closed;2021-05-24T16:57:06Z;2021-05-24T17:03:49Z;95fe2c42e05892bdfa81113183ea0a089cccdb2d;235860204
1485;651104952;Quantization + inference release;44502768;closed;2021-05-24T07:52:01Z;2021-05-24T08:10:39Z;ed3de0c21b1fea330de9c1a78a23ca33f340ef20;235860204
1486;651102065;Quantization + inference release;645595;closed;2021-05-24T07:48:55Z;2021-05-24T07:50:50Z;196825afb0cd0fc7126f82bfd8e317bcf2734433;235860204
1487;649180670;ZeRO-Infinity: Swap into unaligned fp16 buffer;4271600;closed;2021-05-20T17:11:29Z;2021-05-20T22:49:52Z;e9e9d5b82544f61f9a934c95517e2b54a4dc6150;235860204
1488;648166952;Bump nokogiri from 1.11.0 to 1.11.4 in /docs;49699333;closed;2021-05-19T22:43:22Z;2021-05-19T22:44:35Z;67315ed3f41c8b0bb1819299157cc6d7a12ac6f4;235860204
1489;645305159;fixed two broken links in README.md;16634034;closed;2021-05-16T11:55:59Z;2021-05-19T22:45:43Z;c1550b89ba796d89a10f0445d896896d9206bf26;235860204
1490;645028387;ZeRO-Infinity: support swapping misaligned sized fp16 tensors;4271600;closed;2021-05-14T22:53:22Z;2021-05-18T18:30:43Z;d88d92799553cb75af536fd4af766ec56e4018cd;235860204
1491;644226416;Seeded unit tests;620322;closed;2021-05-13T20:22:39Z;2021-05-13T22:20:59Z;46f4573b1a8a9cda2b45f4de4e90b631cee3f80b;235860204
1492;644137930;ZeRO-Inf: Get correct fp16 reuse buffer size;4271600;closed;2021-05-13T17:49:14Z;2021-05-13T21:39:39Z;6b49b60ec8520a7dc165e92712681a5e558eb220;235860204
1493;643693329;Add memory breakdown to training stages;17418037;closed;2021-05-13T05:19:54Z;2021-05-13T16:54:10Z;0e84db491de00a50e10af1d148c3870703986edd;235860204
1494;643487976;ZeRO2-Offload: Load balance gradient copying to CPU;4271600;closed;2021-05-12T20:41:11Z;2021-05-15T22:02:14Z;ee4deabd75331e9c1bb1383b2068fdebcb33ed08;235860204
1495;643163058;[docs] Rename train_step_batch_size to train_micro_batch_size_per_gpu ;3621290;closed;2021-05-12T13:26:58Z;2021-05-12T17:44:23Z;1f82ab78c2206b97f2d27041da8b7b127180e8e0;235860204
1496;642693960;Improve flops profiler functionality;17418037;closed;2021-05-12T02:39:20Z;2021-05-12T20:12:53Z;4544b7d2f1c651cb9e06c2f94b07d1470c6b86ae;235860204
1497;638361835;[docs] unused parameter handling;4271600;closed;2021-05-10T20:14:04Z;2021-05-13T16:52:56Z;63c5070eeecf0492d9aa2d0c312ef362a972b172;235860204
1498;637739239;Auto-tuning aio parameters;4271600;closed;2021-05-10T14:28:46Z;2021-05-10T22:23:14Z;6124eb37c07dae57f6da01eb07f708fd6e8d4d25;235860204
1499;634241364;fix ZERO_OPTIMIZATION_REDUCE_SCATTER_DEFAULT default value ;13826327;closed;2021-05-08T09:54:19Z;2021-05-21T22:05:01Z;093e59ec436a2641ebab786e38a253eff9d20e37;235860204
1500;632271124;[configure_distributed_model] improve assert;10676103;closed;2021-05-07T04:32:32Z;2021-05-13T18:04:49Z;1eb9b21849e7a8e832b93c48dd180d9496de3b41;235860204
1501;631999037;Added community tutorials to README;3282513;closed;2021-05-06T22:39:43Z;2021-05-06T23:28:13Z;fb1213fc2a6564d984c3e0e3dd119ec25deb6ca3;235860204
1502;630999165;[zero3] ensure only ds params are gathered;10676103;closed;2021-05-06T00:00:54Z;2021-05-13T18:59:31Z;29b444b6c78747a738d760e4b62102357bc36c12;235860204
1503;630221106;ZeRO stage 1 refresh;645595;closed;2021-05-05T02:44:01Z;2021-05-19T22:42:45Z;cfa63f5dad2b0c45a23ee9e34d47206ee29a356a;235860204
1504;629311342;fix assert message;10676103;closed;2021-05-03T19:23:44Z;2021-05-03T20:02:04Z;47ec97ebd975efc396ff7957712511acdf5b2058;235860204
1505;629288726;Avoid unused parameters assert by default;4271600;closed;2021-05-03T18:41:25Z;2021-05-07T18:15:09Z;5b393f1555143968fbac78ecbf3c00f65baf7d78;235860204
1506;629201082;Change methods to be static;12694897;closed;2021-05-03T15:59:03Z;2021-05-03T18:02:56Z;210470724c32130d73b3c856141f19f812c86489;235860204
1507;629141947;Align optimizer swap buffer sizes;4271600;closed;2021-05-03T14:26:49Z;2021-05-05T20:01:02Z;be5cd76a2871b1c10bdebf8d54a05875cc7a27b4;235860204
1508;628835889;fix format;17418037;closed;2021-05-03T05:17:50Z;2021-05-03T15:41:17Z;962dbc633a91a3103aae106cd93cc1a9d3146b77;235860204
1509;628446667;Allow FixedSparseAttention with num_global_blocks = 0;46172032;closed;2021-05-01T14:59:53Z;2023-08-29T20:48:21Z;614a47a8718d3698ab24b239fa3833a76e185903;235860204
1510;628252278;[Stage][Fix] Add additional conditions when checking types of output from the model;6707363;closed;2021-04-30T22:13:28Z;2021-05-01T15:46:47Z;b3870363e026717752c119b21870e2886b9ad92d;235860204
1511;628139536;Bump rexml from 3.2.4 to 3.2.5 in /docs;49699333;closed;2021-04-30T20:57:09Z;2021-04-30T23:16:07Z;c4f4ef5d44f556315d68ee010e9308b22683c7aa;235860204
1512;627725501;improve assert message;10676103;closed;2021-04-30T16:49:54Z;2021-04-30T16:56:59Z;c4485e2ff779e82e7d6e88ace58485d6b2a0ef50;235860204
1513;627670320;[fp32] fix default dtype;10676103;closed;2021-04-30T16:16:45Z;2021-04-30T16:48:02Z;18a26e8604c4cb8562ed8d57241ca64dbeb4318a;235860204
1514;626122531;ZeRO3: Gradient norm allreduce for DP;4271600;closed;2021-04-29T13:48:44Z;2021-04-30T06:30:37Z;429dfa6c3dc5763008a04fd1c94d7b72817dd93e;235860204
1515;625749433;[zero_to_fp32.py] support param groups;10676103;closed;2021-04-29T03:17:43Z;2021-04-29T12:05:37Z;a8cf887d6506a9ded941dd785cd9c7e4c8ac4081;235860204
1516;625701251;update azureml-examples links for cli-preview refactor;54814569;closed;2021-04-29T00:40:21Z;2021-06-08T16:33:27Z;6924d840ac0012dec4f0dc6515efc36c376231e0;235860204
1517;625059975;Perf benchmark improvements.;4271600;closed;2021-04-28T09:37:46Z;2021-04-30T23:11:58Z;820515e4106d4598c2cbd023bb9ed5023a84704b;235860204
1518;624912810;Relax dataset type check in deepspeed io;17418037;closed;2021-04-28T07:06:30Z;2021-04-30T17:03:08Z;c5700bc09f6ca9ed0a59009d34af7c0d4b9f16b7;235860204
1519;624472362;Refactor param_dict to config;6707363;closed;2021-04-27T16:49:52Z;2021-04-29T00:05:04Z;41ab660b5df3567966935fe8ac3672497bc8690a;235860204
1520;622366800;Samyamr/full precision for ZeRO Stage2 and Stage3;3409344;closed;2021-04-23T22:53:21Z;2021-04-29T22:06:38Z;dad26428e3f28898b8d0f5ace1b3df3e6db8f8e8;235860204
1521;622109034;Minor usability tweaks/fixes;4271600;closed;2021-04-23T14:22:52Z;2021-04-23T22:31:22Z;03d24fe0be9586ce91483ffd6f5092b917ce92d3;235860204
1522;621793904;Asynchronous I/O docs;4271600;closed;2021-04-23T05:53:47Z;2021-04-23T06:20:12Z;bff4bc72392426ec48325a1e9a443b83a7c6f0a8;235860204
1523;621736866;[doc] add missing pin_memory entry;10676103;closed;2021-04-23T03:06:40Z;2021-04-23T03:39:20Z;ecf2e1bc7d9302ebf7542fc314af2a70b5d7e802;235860204
1524;621667391;Elasticity updates (squash);645595;closed;2021-04-23T00:19:31Z;2021-04-23T00:19:48Z;c755376aad73073a76b937f57fbd7662eb0b9ace;235860204
1525;621512700;Fix issue where gradient_predivide_factor was called as a func.;3621290;closed;2021-04-22T20:22:56Z;2021-04-22T23:38:09Z;a711878996483699c10b411ca290899a6b57d1aa;235860204
1526;621307555;Merge Changes from DS Master;46172032;closed;2021-04-22T17:03:13Z;2021-04-22T17:03:53Z;7451e9ae1d219517b118e8cba5240e36af9c3e3e;235860204
1527;621284203;Fix overflow with pipe parallel / onebit optimizers;46172032;closed;2021-04-22T16:47:28Z;2021-04-22T18:57:44Z;5559f94e65003c4c8fd3e736e1e262f5be11f9f7;235860204
1528;621272962;Add nvme unit/perf tests;4271600;closed;2021-04-22T16:37:47Z;2021-04-22T17:02:30Z;cf5ea8912afed2e0734d90a75b6b384a6ec9a2cf;235860204
1529;620157820;Use amp autocast in ZeRO3 linear;4271600;closed;2021-04-21T12:37:04Z;2021-04-23T17:53:56Z;e88ebbcfc90b3d3619187302f1695f82ac987876;235860204
1530;619764547;[zero3] remove debug prints;10676103;closed;2021-04-21T00:07:07Z;2021-04-21T00:55:58Z;eecef309cb12528cfa78d932a6f073afb43847e5;235860204
1531;619605271;Update unfused_optimizer.py;9065216;closed;2021-04-20T19:13:24Z;2021-04-23T06:44:50Z;f1deba1cd8de15e501376d7d669d2205a55e6750;235860204
1532;619597202;Update fused_optimizer.py;9065216;closed;2021-04-20T19:02:42Z;2021-04-20T22:27:04Z;a0b4c0240313203796f5d4c8c9d27d4844846e3f;235860204
1533;619438287;[ZeRO Infinity] Allow Init to take a dict for the deepspeed config ;6707363;closed;2021-04-20T15:41:06Z;2021-04-20T21:21:30Z;3525102353605770b320c75ecb67509ccf9bac8f;235860204
1534;618970809;Use odd shape tensor to represent parameter data in partitioned state;17418037;closed;2021-04-20T04:05:10Z;2021-04-21T21:02:40Z;894f21daaab90a083d6f193426e551333d20a6bf;235860204
1535;618265431;assert no Z2/Z3 with pipeline and fix some docs links;620322;closed;2021-04-19T18:01:56Z;2021-04-19T18:26:18Z;fbece50b21ffeb4fe05e498f930aded71de12aed;235860204
1536;618141121;ZeRO-Infinity docs;620322;closed;2021-04-19T16:13:32Z;2021-04-19T16:19:13Z;11279ae4d5aa805569a4888683ebd5caeb1ef14f;235860204
1537;618115818;ZeRO-Infinity tutorial additions;620322;closed;2021-04-19T15:44:59Z;2021-04-19T15:47:01Z;3c47d09caeac874725868da5a1280a902c72575d;235860204
1538;617724259;add option to force multi-node launcher mode;645595;closed;2021-04-19T07:08:43Z;2021-04-20T17:00:06Z;9e0dab402d166a13286033afdb65652e0186515c;235860204
1539;617692170;ZeRO-Infinity;645595;closed;2021-04-19T06:16:03Z;2021-04-19T06:45:37Z;0d4a54a04d658db40a120bc10c6f1f1a4478f6f1;235860204
1540;617361144;Onebitadam + Pipeline Parallel fixes;46172032;closed;2021-04-17T18:25:09Z;2021-04-17T19:09:42Z;642dd5a77d1f35b26058dcddb3097ffee0bff3ca;235860204
1541;617324508;Make reduce scatter optional for ZeRO-1 as workaround;4271600;closed;2021-04-17T15:33:22Z;2021-04-21T21:41:59Z;0b80ad06b694c82ad4558fd3a23812ebbd17247d;235860204
1542;617273751;1-bit LAMB optimizer;4238238;closed;2021-04-17T08:48:06Z;2021-04-21T01:28:23Z;67a48aaa8906878b2ce244319e219155c85de46c;235860204
1543;616869456;Fix ZeRO-3 UnboundLocalError;4271600;closed;2021-04-16T14:18:22Z;2021-04-16T21:40:24Z;2805c3935ae02558f18a71a115185632b087da70;235860204
1544;616542300;ZeRO 2+3 memory estimators;10676103;closed;2021-04-16T05:23:24Z;2021-06-23T19:59:42Z;0c1802cc8b877a510eea61dd562b82c433876802;235860204
1545;616455398;Transformer - fix unit test;44502768;closed;2021-04-16T00:43:35Z;2021-04-29T22:04:51Z;cab30aa61e3a6802cbea9d85d2c691b035f8e66b;235860204
1546;616233675;add ds integrations;17418037;closed;2021-04-15T17:31:02Z;2021-04-27T22:18:22Z;14a50c68c33968f9cd7fefd29e8fe72d4be200e8;235860204
1547;615590959;[launcher/runner] respect CUDA_VISIBLE_DEVICES for a single node;10676103;closed;2021-04-14T22:41:43Z;2021-11-17T20:21:36Z;e3c2d7b16f2ea5327556421d40a56f0d947c436d;235860204
1548;615459006;[doc] document how to override ~/.cache/torch_extensions;10676103;closed;2021-04-14T18:26:37Z;2021-04-14T18:52:55Z;7003d447208f0c2c4c07bd6df202f8c52bd68fdf;235860204
1549;615444499;[CI] Add HF transformers tests;9065216;closed;2021-04-14T18:01:11Z;2021-09-24T22:47:01Z;c1829c45851eb1988684c9a2f4fd054ebd446b95;235860204
1550;614848128;[config] turn exponential notation back on for config dump;10676103;closed;2021-04-14T00:50:21Z;2021-04-14T14:46:47Z;c87118b0c5c4cfc47446ccd37c22fdc063143fa4;235860204
1551;614833170;"[zero partitioning] fix double linear override; spelling";10676103;closed;2021-04-14T00:07:48Z;2021-04-14T11:30:12Z;adac058ac0f6422eed24042f280db93a6841da59;235860204
1552;613238443;Add find_unused_parameters option to DeepSpeedEngine;758325;closed;2021-04-12T04:02:45Z;2021-04-25T11:45:28Z;d0b61f1810c5f7bcf41f3836c373da769ecdde79;235860204
1553;612851114;Delete check of pdsh;481227;closed;2021-04-10T07:17:03Z;2021-04-13T17:53:46Z;e6999ebd1657d6dc0826d1c51f2986d8ede016a6;235860204
1554;610974289;Supporting different hidden dimensions for transformer kernels;44502768;closed;2021-04-07T20:13:28Z;2021-04-08T00:06:42Z;e721cb691f6a86d59bf82f1d383fbfebd313c0df;235860204
1555;608496517;Add space in help string;481227;closed;2021-04-04T06:26:09Z;2021-04-07T04:30:16Z;ce14cf1af6b31fea0f8cc4d9cc09aac19a61c6a3;235860204
1556;608303890;[tests] make it easier to run tests;10676103;closed;2021-04-03T00:40:27Z;2021-04-30T17:04:21Z;de694b917f298bf6a3acc3b36c551be5e4486a0a;235860204
1557;608283765;Samyamr/stage 3 skip modules without parameters;645595;closed;2021-04-02T22:52:24Z;2021-04-02T22:52:32Z;5deab0e3c6d4a47cf500b72a3644f2bb51c0ab71;235860204
1558;608151777;Samyamr/fix for fragmented linear inputs;645595;closed;2021-04-02T17:59:08Z;2021-04-02T17:59:16Z;04a7bd540bbdc823b5e6a63acc0f0b63d929867b;235860204
1559;608146364;Gathered parameters list;645595;closed;2021-04-02T17:44:00Z;2021-04-02T17:44:15Z;264fc129f6d09f1fedf92fd7bd74b9e3d593698a;235860204
1560;608146298;[benchmarks] flatten/unflatten benchmarks;10676103;closed;2021-04-02T17:43:50Z;2021-04-07T20:06:28Z;a128f34e7d6404a18f00861a9c3b700c50e22010;235860204
1561;608143301;Fix adam leak;645595;closed;2021-04-02T17:35:44Z;2021-04-02T17:35:56Z;b70499bdf2889d7a47696db4f1ae59ad83bd8cb5;235860204
1562;608142865;Jeffra/z3dtracer;645595;closed;2021-04-02T17:34:29Z;2021-04-02T17:34:42Z;390cb864891d64e8eadb4b59f501a55aede03e64;235860204
1563;608138500;Add link to AML examples.;9065216;closed;2021-04-02T17:22:27Z;2021-04-02T20:53:31Z;ab5534fc4c0f8ca21ada321f9730d723aa31288b;235860204
1564;608136409;disable pipe cifar test;645595;closed;2021-04-02T17:16:38Z;2021-04-02T20:20:21Z;8db4fdf8157c688b7f1cca082020684024329e19;235860204
1565;607821198;update lr scheduler doc for doing per step or epoch update;17418037;closed;2021-04-02T05:26:20Z;2021-04-14T21:31:39Z;c83e49f9ed075175cfd81621fa59efe43b85114b;235860204
1566;607342252;simplify transform_kernels.cu;17705473;closed;2021-04-01T11:54:24Z;2021-04-03T04:47:38Z;64d5f39de56a28c4b66a615facb3c154dfe8c288;235860204
1567;606929250;[zero] faster flatten/unflatten (cpp version) ;10676103;closed;2021-04-01T05:11:48Z;2021-04-14T19:36:31Z;8b8ed2a7d936c3c95e2dd2e7005b23cc6aaa8f16;235860204
1568;606833566;[docs] new zero functionality and install ;10676103;closed;2021-04-01T03:47:42Z;2021-04-07T20:17:21Z;316992913d3218c0d88364ea4478caa4d53bc7e5;235860204
1569;604182230;Bump kramdown from 2.3.0 to 2.3.1 in /docs;49699333;closed;2021-03-30T18:03:05Z;2021-03-30T18:06:23Z;c0422642632d39bf6aefaab4b4a1e9572241a8a9;235860204
1570;603241774;update backward api doc;645595;closed;2021-03-29T23:50:13Z;2021-03-30T18:02:51Z;23ff6cb718bbedd97acf549644b5a5706aae3f1d;235860204
1571;603207341;Change the sparse attention API to be compatible with latest changes of triton;44502768;closed;2021-03-29T22:42:50Z;2021-06-02T19:42:54Z;26e3841cd4421c8d335dc071a255049123676414;235860204
1572;603106352;update kramdown;645595;closed;2021-03-29T20:16:48Z;2021-03-30T18:02:27Z;af2d8fc58747e3a6494060177ff730cbedac86a0;235860204
1573;602341623;Update version.txt;50756573;closed;2021-03-29T00:30:04Z;2021-03-29T00:30:09Z;f67464ffec116a316afc504bed06d933cbb23371;235860204
1574;602000109;fix cpu_adam memory leak on deepspeed re-use in the same process;10676103;closed;2021-03-27T04:39:25Z;2021-04-07T20:02:19Z;c79184ebcc501ad64a8628afe18c0659d1bc4963;235860204
1575;601864069;improved readability + typos;10676103;closed;2021-03-26T19:41:29Z;2021-04-07T20:08:59Z;5ca86ae4eda0d332495721419e92e71ecad32a5a;235860204
1576;601326192;save_fp16_model consolidated for zero3;10676103;closed;2021-03-26T05:53:36Z;2021-03-27T01:08:01Z;39013dd2b89d471520be17b405519dfd7f94c1c4;235860204
1577;601270525;offline full fp32 weights reconstruction for zero 2+3 checkpoints;10676103;closed;2021-03-26T03:08:02Z;2021-03-26T21:52:26Z;7531c6bf530e9f48b6920acf13427748c48814ac;235860204
1578;601112217;Avoid key error for skipped gradients;4271600;closed;2021-03-25T22:25:14Z;2021-03-27T01:11:43Z;c6eefc4896d968b1b5dd68282b981609fb879913;235860204
1579;600213375;[debug utils] see_memory_usage fixes;10676103;closed;2021-03-24T23:25:33Z;2021-03-25T12:49:11Z;7f03282c5170ffca2d1c000776b0334d7fd5c97e;235860204
1580;599396215;[doc] pipeline;10676103;closed;2021-03-24T05:26:52Z;2021-03-24T05:46:46Z;22d5a1f3e8727d5d444a4d4e4fa6290441851c4a;235860204
1581;598482697;[zero3] GatheredParameters can now handle a list of params;10676103;closed;2021-03-23T02:02:18Z;2021-04-07T20:01:33Z;6d94afb5487be2861e948d1198f42fcbdeab36e4;235860204
1582;596912883;Save ZeRO3 (partitioned) fp16 weights;4271600;closed;2021-03-19T22:05:56Z;2021-03-26T21:55:01Z;a1d429c818a32b55fc88acc2986b6241299df20f;235860204
1583;596848744;Fix for fragmented linear inputs in ZeRO 3 Linear layers where reshap…;3409344;closed;2021-03-19T20:16:26Z;2021-04-07T20:00:56Z;b5f56b2c6bade2b0bfc80c5fb550d6597f43a17a;235860204
1584;596795596;zero.Init() clarification;10676103;closed;2021-03-19T18:36:15Z;2021-04-01T23:52:55Z;5d721e092d60eef027ae4af773c0acab8ae44828;235860204
1585;596234193;[zero doc] fix misspelled param;10676103;closed;2021-03-19T06:02:11Z;2021-04-07T20:10:14Z;f19cf6714faf867a5d728b7f4e5c0e2f5c25f127;235860204
1586;596012633;zero-3 dynamic tracing support;645595;closed;2021-03-18T22:51:57Z;2022-06-15T00:20:45Z;50bff86db6bea38dd1f5a45cf96c6aa27fc2a305;235860204
1587;595843876;[ignore] Check if fp16_partitions called;6045025;closed;2021-03-18T18:53:57Z;2022-06-09T20:30:25Z;1a9c0f40320b8035f8053d6e44846b6d0db46d74;235860204
1588;595497067;[Fix] Ensure we remove existing hooks before assigning new hooks using ZeRO 3;6707363;closed;2021-03-18T12:11:30Z;2022-07-20T12:36:28Z;95139d1f48f566e7019f85e3cfb066e26053ccbb;235860204
1589;595172915;[doc] launcher;10676103;closed;2021-03-18T02:46:25Z;2021-03-18T15:58:23Z;9e9f8cbed04ef8708f49316000f1fddc93ee4639;235860204
1590;595158587;Samyamr/stage 3 skip modules without parameters;3409344;closed;2021-03-18T01:59:46Z;2021-04-07T20:16:02Z;7b46d11fa4da8023eb54fbcd13ec717c2b20da8d;235860204
1591;594297460;consistent checkpoint filenaming;10676103;closed;2021-03-16T23:26:18Z;2021-03-18T15:54:44Z;10c0bea6021045c917f8e80eb9f4d8e59ae28dee;235860204
1592;593110171;Make config objects json serializable;4271600;closed;2021-03-15T14:14:22Z;2021-03-16T20:07:32Z;7bcd72a2789a647ff45e03081d6ade721947524b;235860204
1593;592996768;Fix zero stage2 cpu_offload when some model trainable parameters skipped in training;758325;closed;2021-03-15T11:33:32Z;2021-03-27T06:59:30Z;7fcc8911cbced68a045063a4edc0507688fc78e6;235860204
1594;592386583;docs: minor spelling tweaks;11281814;closed;2021-03-13T16:16:24Z;2021-03-16T16:27:07Z;547d1c5f8f3f5a3a01bb13b286e7686c5364f9b8;235860204
1595;592059154;Fix ZeRO3 save_checkpoint;4271600;closed;2021-03-12T22:10:14Z;2021-03-16T20:06:39Z;fa87a73a8a3bead24ad9ea52090646fa620d74e8;235860204
1596;591737576;ZeRO Stage 2: Clear reduced gradients;4271600;closed;2021-03-12T14:45:47Z;2021-03-15T23:18:28Z;a75d971bc2f1300c10331ed3b5f6026ecabe1821;235860204
1597;591496700;fix pipeline engine allreduce bug supporting zero optimizer;15030497;closed;2021-03-12T09:05:43Z;2023-08-30T15:05:04Z;d32f83f2aef16a2dbf4042ff70f6855a692d53b6;235860204
1598;591416384;[runner/launch] propagate the error;10676103;closed;2021-03-12T06:45:02Z;2021-03-16T16:23:45Z;24335d49cec0be439ba4f311c6e7e802e834b84d;235860204
1599;591122345;Samyamr/inference hook fix;3409344;closed;2021-03-11T19:33:30Z;2021-03-15T20:07:20Z;4601885972be96373066662084ce1bf9c49448b8;235860204
1600;590251079;Control ZeRO wall clock timers;4271600;closed;2021-03-10T22:59:06Z;2021-03-11T19:48:49Z;311795d07b2b910059729128b9a54e47590a761f;235860204
1601;590246605;Fix misaligned-grad;3409344;closed;2021-03-10T22:53:30Z;2021-03-12T17:17:21Z;159bf4fa1d960276c75fd72fab1a4af2bca0d090;235860204
1602;590224858;bumping DSE pointer;620322;closed;2021-03-10T22:26:36Z;2021-03-10T22:48:31Z;564eb4bd932aaf3cad1ef2f8fe6e21de24002492;235860204
1603;588672603;set adamw_mode default true (follows FusedAdam and < 0.3.11 logic);645595;closed;2021-03-09T21:54:16Z;2021-03-11T02:02:09Z;dd03cff29f0bf5416afa03bc9be323be903d51aa;235860204
1604;588505731;Fix regression in runner;645595;closed;2021-03-09T19:24:03Z;2021-03-09T19:32:16Z;2e6692c8addfabe1e3eaa874aae7f05d880030c3;235860204
1605;587415302;[zero3 doc] a few small tweaks;10676103;closed;2021-03-09T04:39:02Z;2021-03-11T18:36:35Z;7925d0c3f2ebf38cdf94d758ba81d2bf2c209a74;235860204
1606;587203474;Fix memory alignment bug in Stage 3 that gets triggered when number o…;3409344;closed;2021-03-08T23:45:46Z;2023-03-24T03:38:33Z;b64e01f0f60fbd1a3f478b8a5156a8181f04f529;235860204
1607;587103670;update tutorial/doc links for zero3;645595;closed;2021-03-08T21:06:17Z;2021-03-08T21:11:11Z;d7de9165db2b9be7389d4dde931bd4595138b044;235860204
1608;587087801;ZeRO 3 Offload;3409344;closed;2021-03-08T20:40:43Z;2021-03-08T20:54:54Z;599258f97992e5a47db9408e4e3622805ce1adb5;235860204
1609;586947681;less scary overflow notice;10676103;closed;2021-03-08T17:12:32Z;2021-03-11T07:51:33Z;29853c3eed8bea58bd04f48edb77ee3be913054d;235860204
1610;586776885;Notes;3468789;closed;2021-03-08T13:36:39Z;2021-03-08T13:37:22Z;7e7ac3c1f0b8d25a854e8570931867da82ca4435;235860204
1611;585965734;Bug fix: Remove client optimizer param_group list item that does not have 'params';17418037;closed;2021-03-06T01:01:44Z;2021-03-12T22:53:57Z;458ff028d929b6abbf7d0955ad4b796dbf9a5156;235860204
1612;585834708;Allow args to be optional in deepspeed.initialize;645595;closed;2021-03-05T19:45:05Z;2021-03-16T19:38:08Z;871f3048ad0d05e79f8835849b7a00656a14b3f4;235860204
1613;585814892;Update ZeRO-Offload tutorials;4271600;closed;2021-03-05T19:03:55Z;2021-03-08T20:43:08Z;ba33e86e31b0415b7ae66bb89d57f032faa8b599;235860204
1614;585518833;first add notes;3468789;closed;2021-03-05T11:11:36Z;2021-03-05T11:11:54Z;e8d37409b06d4912abb1b219a8a35a95f62c2934;235860204
1615;584956743;Onebit fix [WIP];46172032;closed;2021-03-04T16:48:35Z;2021-03-04T16:48:52Z;74309c3dc840c5fa68ea7eb16c6c9af7e0f81297;235860204
1616;584934547;Fix OneBitAdam / Pipeline Parallel with nccl backend;46172032;closed;2021-03-04T16:18:02Z;2021-04-16T01:39:03Z;85d0ae9f237265fa20084344744960366dcdeba5;235860204
1617;584668468;1-bit Adam v2;4238238;closed;2021-03-04T10:01:09Z;2021-03-16T23:27:20Z;68c8481bcf63f6fa8481c631eb63fecc5173ee89;235860204
1618;583415442;Fixing gelu_checkpointing memory issue;44502768;closed;2021-03-02T23:31:06Z;2021-03-03T18:24:04Z;8295d7a89ecd833d07bbeebf742631343c4b156b;235860204
1619;582468124;Adding FP32 gating + noisy gating + top2 gating;22177353;closed;2021-03-01T22:14:56Z;2021-03-02T00:49:36Z;420c00a2973f38d9208ea2a5eb5e2d09a6d69639;235860204
1620;581505804;issue with the implementation of column_sum_reduce;17705473;closed;2021-02-28T12:14:06Z;2021-02-28T21:24:32Z;937c5ceec1906e1a8f8e21d2dd165f5280050b26;235860204
1621;581192196;fixed typo;2459423;closed;2021-02-26T23:31:19Z;2021-02-27T03:22:35Z;db987cf1b5971187257a49a7d2d54ca2653052d5;235860204
1622;581109105;[save_checkpoint] document the requirement to call for all ranks;10676103;closed;2021-02-26T20:46:47Z;2021-02-26T21:07:23Z;7eb083c22112b67ee8ea43036479bb7680136349;235860204
1623;581068195;Add optimizers and schedules to RTD and updated the corresponding part in the website;17418037;closed;2021-02-26T19:22:20Z;2021-03-11T17:45:36Z;e0f36ed5a1ebc7b1ed044bf459f3576f30ff949a;235860204
1624;580744734;Deleted useless log out2;2459423;closed;2021-02-26T10:02:51Z;2021-02-26T11:07:39Z;62396b7121c8d1bca0fd868cabe5d8f4640080ad;235860204
1625;580599473;Fixing the CPU-Adam compile issue for the AMD architecture;44502768;closed;2021-02-26T04:56:52Z;2021-02-26T18:25:00Z;490e6f7ceeb21b5b2dd72c755786822c352d754b;235860204
1626;579589510;Fix the bias-add and add the layer-norm-eps parameter;44502768;closed;2021-02-24T20:29:36Z;2021-02-24T21:51:49Z;e2dfcadf3b30437a6232f6c689e695aa44931a4c;235860204
1627;579018839;Fixing the module-inject Api;44502768;closed;2021-02-24T06:14:11Z;2021-02-24T18:54:09Z;48065c06d716376c9beb842701435e554b27ad6e;235860204
1628;578065528;Fixing checkpoint loading for MoE models;22177353;closed;2021-02-23T01:33:22Z;2021-02-23T23:40:51Z;;235860204
1629;577013372;[docs] make bold+italic work without escaping _;10676103;closed;2021-02-20T22:06:46Z;2021-04-20T21:58:05Z;835b4c87339fef4083035873df66449e91f5fd36;235860204
1630;577003278;[doc] fix incorrect param name;10676103;closed;2021-02-20T20:40:09Z;2021-02-20T20:54:22Z;e60e92eb0a06673748c4cb63fbcf713ddd12fc22;235860204
1631;576980942;[WarmupDecayLR] fix log(0) & 1/log(1) bugs;10676103;closed;2021-02-20T17:47:10Z;2021-03-12T01:55:55Z;18a26f3f6051aa0622971bd71fa00f35ec006c2f;235860204
1632;576025430;[checkpointing] Ensure tag is a string;645595;closed;2021-02-18T22:08:41Z;2021-02-19T00:20:18Z;29fa4b2be24c281571d74bb6724d5ba90eba0183;235860204
1633;575514665;remove getting rank from os env;17418037;closed;2021-02-18T09:00:55Z;2021-02-18T10:25:08Z;981752e504a08ae52e5eefe31d05041efa7ffc1b;235860204
1634;575446771;Fix transformer kernel CUDA illegal memory access error;4238238;closed;2021-02-18T06:57:17Z;2021-02-18T07:20:05Z;1fcc5f7a78c6af0c7e1e4cbc243b31110482591d;235860204
1635;575058220;[dist] set args.local_rank to LOCAL_RANK;645595;closed;2021-02-17T16:45:39Z;2021-02-17T20:27:11Z;68e138b6dfc0a5eec4e3b50db1a2604d919cb56f;235860204
1636;574752481;Fix NameError: name 'dist' is not defined;481227;closed;2021-02-17T08:58:24Z;2021-02-17T19:07:28Z;8067efa41cd3a6fa67d1a7495ccceb27682bc7e5;235860204
1637;574472635;Fix checkpoint loading when zero optimizer states are not given;3960020;closed;2021-02-16T21:02:06Z;2023-08-25T16:59:20Z;6bff470971fc0303668b0153dc5f576764944c90;235860204
1638;574403720;Minor doc tweaks;4271600;closed;2021-02-16T18:48:22Z;2021-02-16T23:19:09Z;c28a71f95f1994bf6e2dc7e9e19b2e60a8cb260d;235860204
1639;574394294;Merge save/load checkpoint for moe models;9065216;closed;2021-02-16T18:29:22Z;2021-02-16T18:30:30Z;3386253e004205a13706f884bf31882aea703d1e;235860204
1640;572687930;[install] add -e/--examples flag to checkout submodules;645595;closed;2021-02-12T17:56:34Z;2021-02-12T18:19:38Z;7bf1b837a478fc773dbd5fc539bba113b8ac550c;235860204
1641;572246783;[install] fixes/improvements/docs;10676103;closed;2021-02-12T03:10:34Z;2021-02-12T17:50:03Z;78e776a9ace5dc8007be43b536ad0f732688169d;235860204
1642;572212354;Pipe prof;43686210;closed;2021-02-12T00:56:27Z;2021-02-12T00:56:46Z;857e4797598ac41f254273aa1d6ae920d05c72e0;235860204
1643;571855437;fix spelling mistake;46172032;closed;2021-02-11T14:23:47Z;2021-02-11T19:12:11Z;1b8ca8ece592faf0cdf15f3531fa0bc4929ded36;235860204
1644;571579104;1-bit Adam documentation fix;4238238;closed;2021-02-11T05:34:00Z;2021-02-11T21:28:34Z;248f6383a1426390a33981793a22fe3dec78b855;235860204
1645;571449700;Clickable screenshots;4271600;closed;2021-02-10T22:38:06Z;2021-02-10T22:41:49Z;6ee3b296da69cfc516f8c8db2109c3c53cbe7e93;235860204
1646;570833808;[doc] 1bit_adam dependencies;10676103;closed;2021-02-10T05:34:30Z;2021-02-10T20:54:21Z;6beca3cee41db044a11985f4a563b9f7911a114d;235860204
1647;570700855;Activation checkpointing for non-tensor arguments and return values;4271600;closed;2021-02-10T00:00:40Z;2021-02-12T22:01:52Z;ec8b1cb0a0a5752bba029da4bdc91616c0f5bec7;235860204
1648;570658478;Fairscale based expert layer + expert chunking;22177353;closed;2021-02-09T22:23:19Z;2021-02-09T22:40:08Z;5a7c1b1c5957b8904f467402b66c227fdafcd846;235860204
1649;570055676;Fixed typo in Readme.;3118172;closed;2021-02-09T06:33:56Z;2021-02-09T13:04:46Z;c5b3f40e8481748f9658a19c2df1f17c5b579919;235860204
1650;569674754;CPU-Adam fix for scalar mode;44502768;closed;2021-02-08T18:17:00Z;2021-02-18T17:32:19Z;ee1ffe2e88595407209ff2a27494d6c107fac234;235860204
1651;569638373;Only call Init Distributed if required;6707363;closed;2021-02-08T17:18:02Z;2021-02-11T06:52:06Z;59eed176295048a10b4f0ea4d24d07286fc63d64;235860204
1652;568811468;Replace timer print rank 0 with logging;6707363;closed;2021-02-06T16:12:53Z;2021-02-12T16:47:41Z;6fb16100ba356d7f31b9f483245576128b1bba0d;235860204
1653;567988853;Checks for None tensors and skip them when splitting the buckets in zero stage 2.;17418037;closed;2021-02-04T23:49:51Z;2021-02-16T20:10:42Z;7cab55c79178fce9a154abe4e7b5b7abd82648a1;235860204
1654;567428745;enable apex.optimizers.FusedAdam and deepspeed fused fp16 optimizer;620322;closed;2021-02-04T08:18:59Z;2023-03-24T03:33:56Z;3ddb2a045edef005e376cb06ddc47cc89d099fa4;235860204
1655;566152910;Added top-1 gating;22177353;closed;2021-02-02T17:53:53Z;2021-02-02T18:10:47Z;b7f6dca5094b8aa3dc31af6d8de0e4a829d3e845;235860204
1656;565529711;Local rank -1 fix;645595;closed;2021-02-01T22:47:06Z;2021-02-01T23:26:00Z;45c33ee5d5c00815cd7a6520f62bdf0247e581ab;235860204
1657;565375440;Simply checkpoint API;4271600;closed;2021-02-01T18:02:34Z;2021-02-01T18:08:02Z;53c54048104cdd3a87d90eb698beef52c28b93f6;235860204
1658;564357330;[launcher] look ma, no more zombies;10676103;closed;2021-01-30T04:20:54Z;2021-02-04T20:23:18Z;4f1d827c52f61e9379b787f20ca533e1e71a8275;235860204
1659;564248285;Pipeline tweaks for Megatron release;620322;closed;2021-01-29T20:53:49Z;2021-01-29T21:25:43Z;5e522efc27f451cbf6a8b466d3e60350bb4c5699;235860204
1660;564072251;Add executable permission to `ds_elastic` and `ds_report` in `bin`.;147030;closed;2021-01-29T15:49:51Z;2021-02-01T22:41:21Z;6332e3136e25d9d990ae1e0b1993bd3fe18df511;235860204
1661;563711170;Remove duplicated _initialize_parameter_parallel_groups definition;3435057;closed;2021-01-29T03:39:00Z;2021-04-30T19:07:35Z;6da4fccc493192fe3eee5bce6b3c7eddc3064fab;235860204
1662;563622668;Dist testing backend fixes, etc.;645595;closed;2021-01-28T22:58:38Z;2021-01-29T21:08:38Z;2e2dd861f309f64bafbb4e3d0126e953f2ed4d18;235860204
1663;562769542;[transformer-kernel] turn off unit test printing;645595;closed;2021-01-27T20:26:01Z;2021-01-27T20:45:30Z;91b1b7f33ec76b326ad7d992e8578926c267fb5c;235860204
1664;562667639;Add torch1.6 test runner;645595;closed;2021-01-27T17:22:22Z;2021-01-27T17:22:33Z;7833aed20222ea9052499f15c5ed9006c04bacfc;235860204
1665;561930635;Improve starred expressions;147030;closed;2021-01-26T17:12:17Z;2021-02-08T19:47:15Z;b08aa6f3cd5f5cdf805edf3dcd394e8cb54f1882;235860204
1666;561905726;Use pure Python to determine IP address instead of nonportable `hostname -I`;147030;closed;2021-01-26T16:33:05Z;2021-06-27T23:59:02Z;619c37a0d3fc52e109a9e3f5f2553ebd350b6479;235860204
1667;561518736;Fix wrong idx bug in invertible LayerNormBackward1;18254977;closed;2021-01-26T04:20:59Z;2021-01-26T08:26:44Z;5221832e1e303fba07355853425dae76f6bb86a9;235860204
1668;560534703;Stella;15899312;closed;2021-01-24T02:44:05Z;2021-01-24T02:45:07Z;1b717c542e169c3db593854a8ba1354840b25bb7;235860204
1669;560488808;Fix all Pipeline Module Parameters being sent to cuda:0;46172032;closed;2021-01-23T21:00:42Z;2021-04-21T21:44:50Z;669028f0fd5067c9247120cb21fd6e9bea4820a9;235860204
1670;558487924;make test_pipe more stable;620322;closed;2021-01-20T19:53:50Z;2021-01-20T20:29:41Z;e59ba12d4df2e61e85abbd2c82a6097ac3722d7a;235860204
1671;558089024;Add flops profiler tutorial;17418037;closed;2021-01-20T09:22:31Z;2021-02-11T02:03:56Z;e2dfe0d17be21ce08e759dab4712bc37debd44c4;235860204
1672;558041628;model parallel norm and overflow tests;620322;closed;2021-01-20T08:06:19Z;2023-03-24T03:34:05Z;fc3c7472cd77dce04e6eb4b6bd3c25b8f9b45aa7;235860204
1673;557653079;add zero-offload paper;645595;closed;2021-01-19T19:17:35Z;2021-01-19T19:23:17Z;82cecf69c357af5946f0548d2516789cfe2d6933;235860204
1674;556902450;Pure Megatron-LM evaluation with synthetic dataset;17061663;closed;2021-01-18T15:57:43Z;2021-01-18T15:57:54Z;;235860204
1675;556085368;Fix ZeRO 2 + Pipelining;54557097;closed;2021-01-16T06:11:49Z;2021-01-20T20:51:26Z;34c83a5a64da67ff186eec4fdd7ab3c1badf0486;235860204
1676;556058436;[tutorials] typos;10676103;closed;2021-01-16T02:00:19Z;2021-01-20T17:50:27Z;7b0bee0b135589eceebbc7c105cd9826de6d5097;235860204
1677;555822454;Add AdamW to the supported optimizers;10676103;closed;2021-01-15T17:00:21Z;2021-01-15T17:03:16Z;c5e4264186c321321858fb46d75c328fdc908ddb;235860204
1678;555304670;Support AdamW optimizer type;4271600;closed;2021-01-15T00:15:20Z;2021-01-15T13:25:30Z;865104be85902ca398038045ad9cf94ec7d48745;235860204
1679;555289137;skip empty lines in hostfile;645595;closed;2021-01-14T23:27:02Z;2021-01-15T17:02:30Z;6217a6c2433ea05d1eeaa2c16f5a3e36446c3d41;235860204
1680;555148705;Validate consistent ckpt tags across ranks;645595;closed;2021-01-14T19:23:18Z;2021-01-14T21:38:46Z;f032e56f8af4d40bdbb74d15fa9c5cd63f8b7a40;235860204
1681;553848582;Add the flops profiler which measures the time, number of estimated flops and parameters of each module in a model ;17418037;closed;2021-01-13T00:48:08Z;2021-01-13T01:06:53Z;e2fbe4d23850150bd2b8b3e59ed08f97ff5c4452;235860204
1682;553191638;Move workspace memory-allocation to PyTorch;44502768;closed;2021-01-12T05:10:21Z;2021-01-13T05:35:57Z;981bc7d4934c70a6f00a33c5a7946352c3ee76cb;235860204
1683;552926065;Handle actvitation checkpointing args that are None or non-tensors;620322;closed;2021-01-11T18:15:47Z;2021-01-12T18:18:35Z;adcfd2694da3daa88efcf00bb58175908415b458;235860204
1684;552457657;[doc] pipeline doc typos/improvements;10676103;closed;2021-01-11T03:15:31Z;2021-03-14T17:58:06Z;73d762c8d96525872b8090ffa9b1f5a5e86e4295;235860204
1685;552340645;[doc] a possible gradient_clipping default fix and questions;10676103;closed;2021-01-10T20:09:31Z;2021-04-26T19:10:50Z;b7f970617ddca2fc721b0dd46a76bcabfc90871d;235860204
1686;552327323;[website] add missing config menu entries;10676103;closed;2021-01-10T18:33:39Z;2021-01-15T17:25:02Z;e729a3fd995ec1421bf2f9ad0ad8075fca008735;235860204
1687;552197538;doc borked table fix;10676103;closed;2021-01-09T22:54:42Z;2021-01-15T17:25:46Z;7b07e123067bbc49cadd77270e8d898c86f71aaa;235860204
1688;551918589;Remove a very verbose print statement.;9065216;closed;2021-01-08T19:28:44Z;2021-01-08T20:35:27Z;af212f668a4a3282754de3648f3a19418a87fa79;235860204
1689;551416855;add additional validation checks in elastic config;645595;closed;2021-01-08T00:11:13Z;2021-01-08T19:02:34Z;bc046dc40b85a9c0d3dc35ad949aceb6d8b91efd;235860204
1690;551405114;Add deepspeed.init_distributed to RTD page;645595;closed;2021-01-07T23:46:58Z;2021-01-07T23:52:24Z;4e2dc4e4c0db7e66c55ba63fe4b973c6b21d2304;235860204
1691;551377697;document deepspeed.initialize();10676103;closed;2021-01-07T23:15:13Z;2021-01-08T18:39:40Z;828d75bad7cea9c62ea60a2a53d0f486ac4cc342;235860204
1692;550767499;[Installation] Fix installation on CUDA 11.0;5178350;closed;2021-01-07T01:38:35Z;2021-01-07T02:12:40Z;64461da4e8982e0e224be5543849024dd4e014fd;235860204
1693;550605933;Olruwase/fix kernel memory bloat;645595;closed;2021-01-06T18:40:19Z;2021-01-06T18:40:48Z;;235860204
1694;549508695;Fix checkpointing docstring format;4271600;closed;2021-01-05T20:44:22Z;2021-01-05T21:55:22Z;5ab12795958dff0b56d3faf7421abe9cad7bcba1;235860204
1695;549348475;Change dist to torch.distributed to fix a typo/bug in assert statements;9065216;closed;2021-01-05T18:07:08Z;2021-01-05T18:31:50Z;d38ad6a17164b9bf07477ceb17ca5c7f09657720;235860204
1696;549024192;Add optional timeout parameter to deepspeed.init_distributed;46172032;closed;2021-01-05T13:15:03Z;2021-01-25T19:00:28Z;852c524a1cfb111f77adab1e1ed55ebc298edc8d;235860204
1697;548475953;Support initialization with dict configuration;4271600;closed;2021-01-04T21:27:22Z;2021-01-04T23:55:42Z;e6ac7311363da55cf22abfe413679dd34b5ad756;235860204
1698;548429724;Fix sparse-attn dependency install with torch-cpu;645595;closed;2021-01-04T19:52:32Z;2021-01-04T20:11:13Z;24e07399fc3ee95417d7a582c3e8952e1ac7d567;235860204
1699;548406199;Bump nokogiri from 1.10.10 to 1.11.0 in /docs;49699333;closed;2021-01-04T18:59:25Z;2021-01-07T18:46:43Z;8cea96dd08750503cadf739060f87bba0d294656;235860204
1700;546305471;docs: minor spelling tweaks;11281814;closed;2020-12-29T03:09:46Z;2021-01-05T18:32:45Z;46d2e2872b64ebccb8bf4eb5c8a3a55f9adaaa6c;235860204
1701;542080036;Ability to initialize distributed backend outside deepspeed runtime;645595;closed;2020-12-17T19:33:17Z;2020-12-18T07:17:20Z;7435b2f10af773b0204e77c3549b2b7df9a7a65b;235860204
1702;540776456;Fixes for RTD build errors;645595;closed;2020-12-15T23:11:52Z;2020-12-15T23:29:22Z;6380ee35116dfc7c2a037d48fbd790d8dbabfc1d;235860204
1703;540668065;[doc] xref to hostfile discussion;10676103;closed;2020-12-15T20:14:43Z;2020-12-15T21:44:33Z;007466e576b65a5efd2c8195c4f1349b1e225c1b;235860204
1704;539796829;Elastic training support;645595;closed;2020-12-14T21:02:22Z;2020-12-23T06:26:27Z;81aeea361da3936b875a678b9cb44596800510b5;235860204
1705;539561013;Kernel injection fixes;4271600;closed;2020-12-14T15:16:42Z;2020-12-15T04:28:49Z;1b42798ced78b1ba9f499ad604a014cc0594d11f;235860204
1706;537410910;Update launcher to set local rank environ variable;645595;closed;2020-12-11T21:11:33Z;2020-12-11T22:54:45Z;c5a449f9a370d99cdbd265e696b6b3b2a1bd2565;235860204
1707;536539588;add DeepSpeedZeroConfig __repr__ method;10676103;closed;2020-12-11T06:07:51Z;2020-12-11T20:40:15Z;66268bd3377f80e7bf37e48184a6211854b64a9e;235860204
1708;536515164;implement missing get_last_lr;10676103;closed;2020-12-11T05:10:25Z;2020-12-14T22:24:59Z;9f8e8f38290ecea6b5054df49ec8635b248c18a8;235860204
1709;536228604;NCCL-based 1-bit Adam + Code Refactor for Comm. Backends;9065216;closed;2020-12-10T20:20:01Z;2020-12-14T19:18:20Z;a6dba72aeafad63661dfe566d3accd03d00be78c;235860204
1710;535510567;NCCL based 1-bit Implementation + Refactor to add communication backends;9065216;closed;2020-12-09T22:43:34Z;2020-12-10T19:49:08Z;3e85a17ba48a934b06af93c949540daf91434d29;235860204
1711;535442490;Add papers/videos to readme/website;645595;closed;2020-12-09T20:24:52Z;2020-12-09T20:25:47Z;19acd6cf175e9672c2f2d31ea7becf966674f7aa;235860204
1712;534879441;[build] fix computer capability arch flags, add PTX, handle PTX;10676103;closed;2020-12-09T04:02:21Z;2020-12-11T18:15:34Z;8a184b6b1ddfe4bf41467c06b693817af80aa530;235860204
1713;534067223;Pipeline warnings and checkpoint portability;620322;closed;2020-12-08T02:08:50Z;2020-12-08T17:42:09Z;2f6269787a10ac336f80c5ca4342823184cecd6a;235860204
1714;534061138;Transformer-kernel - supporting any arbitrary sequence-length;44502768;closed;2020-12-08T01:48:13Z;2020-12-17T18:13:55Z;fd2f970bdfd3eada289b4e19a3adcf2c352a4d8f;235860204
1715;533958342;Module replacement support;645595;closed;2020-12-07T21:26:42Z;2021-01-06T19:03:36Z;44bd538b110ce0e8fc69626854631c3aee0dc094;235860204
1716;533955040;Fixes for inject PR 277;645595;closed;2020-12-07T21:20:23Z;2020-12-07T21:23:27Z;b28bf1688ff93d42f46b07f74a2b1b4603027b23;235860204
1717;533345310;Supported customizing kwargs for lr_scheduler;15677328;closed;2020-12-07T03:32:21Z;2020-12-11T21:52:07Z;a4763f5516c0a9bb8f32d2e8a48c618f0fe88e37;235860204
1718;532943131;[build] make builder smarter and configurable wrt compute capabilities + docs;10676103;closed;2020-12-05T07:07:08Z;2020-12-07T20:08:42Z;ce363d0e06500f1b449b47cb80b648913bca8716;235860204
1719;532935972;[build] add compute_86 capability;10676103;closed;2020-12-05T06:57:55Z;2020-12-07T20:49:50Z;e8b126d9868b3d58e4df9db8dd992d7329781433;235860204
1720;532240516;Transformer kernel injection;44502768;closed;2020-12-04T02:26:47Z;2020-12-04T03:43:10Z;cbc2a6dd325882cfbba59446e78b3da05006782d;235860204
1721;531385506;Add compute capability 8.0 if on cuda 11+;645595;closed;2020-12-03T01:01:09Z;2020-12-03T01:22:18Z;be33bea4755e47a7dc460a860f86a02c501f83d7;235860204
1722;531376807;[engine] train should be able to get `mode` arg;10676103;closed;2020-12-03T00:35:33Z;2020-12-03T00:54:01Z;2d1f7c01721a25a2a98152092fedc1bf10f91f85;235860204
1723;531273548;[build] build against installed cuda-11.1 while torch built w/ cuda-11.0;10676103;closed;2020-12-02T20:32:38Z;2020-12-03T05:20:17Z;ff58fa7e5a4f637a21d11daad0192683fe50ed15;235860204
1724;531216953;Add 'latest' checkpoint save/load support;645595;closed;2020-12-02T18:44:10Z;2020-12-02T21:49:31Z;845921b3b646a640ef5529207e70e06335c43a52;235860204
1725;530732623;[cifar tutorial] improve readability;10676103;closed;2020-12-02T04:15:53Z;2020-12-02T19:10:48Z;7a75f8b36f596c87f538a3642cb6eeb16acf2898;235860204
1726;530710676;remove session_params key from docstrings;3851993;closed;2020-12-02T03:11:50Z;2021-03-19T01:32:20Z;637a2c8e8ba73944b2079f85cacbafa0d8ed526c;235860204
1727;529969178;Fix pipline dataloader when batch elements contain tuple;758325;closed;2020-12-01T04:37:03Z;2023-08-25T19:16:06Z;c69bd1f7b7768720a488b126fbf9cef6653c3890;235860204
1728;528897224;tracking optimizer step in cpu-adam when loading checkpoint;44502768;closed;2020-11-28T05:51:33Z;2020-12-01T23:11:39Z;9f52a36fad37bcb26e19dfc767d4405310f52399;235860204
1729;528874361;[doc] typo fix and clarification;10676103;closed;2020-11-28T02:41:10Z;2020-11-28T05:05:28Z;17f36f1b2ecdcfcd42d83c6f5526aff7ac6fb0c4;235860204
1730;527619945;bump to 0.3.6 and fix manifest to include reqs;645595;closed;2020-11-25T18:16:09Z;2020-11-25T18:27:11Z;73c3262df63e85c2b2f0d48bf9217c58508e44f3;235860204
1731;527593086;Adds long_description to setup.py;620322;closed;2020-11-25T17:20:23Z;2020-11-25T17:43:54Z;600971365315b3a50580d0f96d25db28d915486b;235860204
1732;527228869;supporting different hidden dimensions;44502768;closed;2020-11-25T07:00:57Z;2020-12-01T22:01:24Z;c78c29f9384ec8a3addb049504a4167508fe1e4d;235860204
1733;526845583;Turn back on PP tests;645595;closed;2020-11-24T23:20:40Z;2020-11-25T01:29:09Z;eec44af1e301cf5c53521a42347f897078c6ae72;235860204
1734;526827526;Update badges and CI name;645595;closed;2020-11-24T22:37:23Z;2020-11-24T22:37:41Z;1ef5cd2398f743687376b416e6469ce2e002b101;235860204
1735;526823248;Switch to CI to GitHub Actions;645595;closed;2020-11-24T22:26:31Z;2020-11-24T22:31:28Z;3347460ed1d53ad39a32962476f8f5c94d879fc9;235860204
1736;526099513;Simplify dist init and only init if needed.;9065216;closed;2020-11-24T01:14:20Z;2020-11-25T00:37:14Z;0e831e23b6d2a200bf805f6169ce49c5ebd93b4d;235860204
1737;526034060;Deprecate client ability to disable gradient reduction;4271600;closed;2020-11-23T22:29:18Z;2020-11-24T23:14:38Z;6e65c2cc084ecfc393c67a2f64639e8d08d325f6;235860204
1738;525433760;Bug fix for norm calculation in absence of model parallel group;3409344;closed;2020-11-23T04:12:59Z;2020-11-23T19:29:21Z;00c3a254a9a5915720863b8e281852be64519879;235860204
1739;525201510;ZeRO-1: Support non-tensor state in checkpoint;4271600;closed;2020-11-21T23:00:52Z;2020-11-21T23:41:23Z;6021b70288f53965443f62caeae9a0b4443f1b74;235860204
1740;525027699;Adding static_loss_scale to unfused optimizer;3409344;closed;2020-11-21T00:51:27Z;2020-11-23T04:07:38Z;bcd56f9772a71c50069804fbb2f5739cc6f8c776;235860204
1741;524933618;Fix unbalanced gradients bug in ZeRO-2 gradient accumulation;4271600;closed;2020-11-20T20:25:53Z;2020-11-20T23:39:02Z;0178e6cc227e0f6d60cb5f3675edd1cda9a0396e;235860204
1742;524350532;Add the flops profiler which measures the time, number of estimated flops and parameters of each module in a model;17418037;closed;2020-11-20T01:35:36Z;2021-01-13T00:49:19Z;06ac31997b993d1bce389d1376bde672ed073adb;235860204
1743;524241348;backwards compatibility w. v020 ckpts, fix issue with zero-1 ckpts;645595;closed;2020-11-19T21:26:09Z;2020-11-19T21:48:41Z;dce054dbba525ec2fd59e7a5d2e06a190d133498;235860204
1744;524237953;Discover variables for NCCL backend on AML without mpi4py;9065216;closed;2020-11-19T21:19:02Z;2020-11-19T23:04:51Z;1b45917cf670214ff225248188c07dccc293dc22;235860204
1745;523592638;more fine-grained manifest file for includes/excludes;645595;closed;2020-11-19T00:20:06Z;2020-11-19T00:42:20Z;fdd81c305ce417bbdf81e1985a73de697ad64e3b;235860204
1746;523528665;Tensorboard update, append job-name if explicit output dir is given;645595;closed;2020-11-18T22:25:38Z;2020-11-18T22:53:05Z;5b09be60f75fbfa1ffa825bb3616871acd22be79;235860204
1747;523012689;Fix setup.py for cpu-only environment installation;5152494;closed;2020-11-18T08:32:28Z;2020-11-19T21:49:32Z;d81cb26d92fc8126af7375a171bc1f755feef54a;235860204
1748;522801160;Fix potential random layout inconsistency issues in sparse attention modules;18243483;closed;2020-11-18T00:54:26Z;2020-12-04T22:58:10Z;1e44d48d5377a5f839c53ccefcd6951625479f51;235860204
1749;522767614;ZeRO-1 tune max-elems + bug fix;645595;closed;2020-11-17T23:22:23Z;2020-11-19T16:16:28Z;08c96a1bc6d9c0345b31889bba66d73f20d0b0b5;235860204
1750;522485196;Fix layout bug in ZeRO Stage 1 checkpoint logic;4271600;closed;2020-11-17T15:14:20Z;2020-11-18T00:20:02Z;7752dc5ea1331d10fdbe4962648a71f2c7e6329f;235860204
1751;521912867;Fix ZeRO-1 checkpointing bug;4271600;closed;2020-11-16T19:57:04Z;2020-11-17T13:23:43Z;4f5f83e43b8e6b28f382bafbbe3aa193df3a1e4d;235860204
1752;520924924;Dependency pruning;645595;closed;2020-11-14T00:48:16Z;2020-11-14T01:36:35Z;0dc8420042d0d205b2f75416378d122cc819a9a6;235860204
1753;520913893;Hotfix ZeRO-1 memory/convergence fixes;645595;closed;2020-11-14T00:23:18Z;2020-11-14T00:30:56Z;fba92f196e05f8047d2896156128739b79e3f058;235860204
1754;520902620;Make elastic checkpointing optional;4271600;closed;2020-11-13T23:39:27Z;2020-11-14T00:47:54Z;9c577ee0c3536ee762c985dbf83147b0c8c4c844;235860204
1755;520180859;Installation documentation updates.;620322;closed;2020-11-12T21:55:58Z;2020-11-12T22:29:53Z;d779bd5334b2399af832406cc0f79df0f5b24b1a;235860204
1756;520141799;ds_report bug fix on cpu and guard torch import in setup.py;645595;closed;2020-11-12T20:31:38Z;2020-11-12T21:58:15Z;ca9ab1201ff56815652b7b85496d262c2d89d6c1;235860204
1757;519355685;Fix TB bug when no output path set;645595;closed;2020-11-11T17:48:11Z;2020-11-11T19:35:39Z;eea1c285a8271b94e43070d058869fe9ef4576a8;235860204
1758;518033868;Fixing pld links;33713995;closed;2020-11-09T20:55:08Z;2020-11-10T14:33:36Z;e082d4752e3db2acf4348a4522daba077bb58aec;235860204
1759;518032027;Fixed pld links;33713995;closed;2020-11-09T20:51:04Z;2020-11-09T20:52:42Z;587de20a6181bb9c03cd0748aee72f319e899a29;235860204
1760;518020565;Fix PLD news url;4271600;closed;2020-11-09T20:28:00Z;2020-11-09T20:28:15Z;41fb24b3f06bd3d7e8b5fa6c71958cc6234910aa;235860204
1761;518015612;PLD documentation;4271600;closed;2020-11-09T20:18:30Z;2020-11-09T20:20:03Z;e351090c6cbf3f92f7f875ce4233230d936f2baa;235860204
1762;517991929;PLD release;4271600;closed;2020-11-09T19:34:09Z;2020-11-10T20:53:51Z;be1147c08acde34d7a13b73f8d33e55c3f719de4;235860204
1763;517956062;Update PLD tutorial;4271600;closed;2020-11-09T18:29:39Z;2020-11-09T18:30:04Z;152756a68cc017bc3100decaf47c25809034b024;235860204
1764;517202893;DeepSpeed implementation of PLD;4271600;closed;2020-11-07T23:01:01Z;2020-11-09T19:06:18Z;7105656b2d5b4aa6cea66b10dd2ec1156af1d165;235860204
1765;515534708;Fixing CPU-Adam convergence issue;44502768;closed;2020-11-04T17:29:21Z;2020-11-05T16:27:16Z;7d4d742bf03f8e1707130391e0b39bd6d93a702a;235860204
1766;515076032;Two CPU <--> GPU data copy performance issue fix suggestions;16870205;closed;2020-11-04T01:15:12Z;2021-08-13T18:04:26Z;15f4f9fd3e23bd9d4a11398ebb2681fbada1597b;235860204
1767;515055831;More fixes;645595;closed;2020-11-04T00:01:45Z;2020-11-04T00:01:57Z;ba5a99d0af550379a0969d56a3fb448425646997;235860204
1768;514217787;Progressive layer dropping docs;33713995;closed;2020-11-02T17:39:21Z;2020-11-09T14:53:26Z;e5a2264aec851f39c938adaa792b94976734cf8b;235860204
1769;513242586;fixing the AVX_256 compatibility;44502768;closed;2020-10-30T19:35:29Z;2020-10-30T19:58:53Z;4c37d705202f626682a5128a2fc4f4bcfb997fdc;235860204
1770;513214496;DeepSpeed JIT op + PyPI support;645595;closed;2020-10-30T18:46:01Z;2020-11-12T19:51:38Z;31f46feee2d491d58a13404e354440551de9d5bf;235860204
1771;513178517;Update zero.md tutorial;3409344;closed;2020-10-30T17:44:24Z;2020-11-11T23:29:03Z;0ad4fd880b90cae452695d9b95de41feb1cfbba0;235860204
1772;513116435;(squash) JIT extensions;645595;closed;2020-10-30T16:16:39Z;2020-10-30T16:17:01Z;c3b61a4f1801059409ffc4ca3f59fe64d588265b;235860204
1773;509134532;Add CPUAdam optimizer for zero-offload in deepspeed engine;44502768;closed;2020-10-23T18:22:32Z;2020-10-30T16:01:05Z;f5aa2547d88f145c4b5223d5bb8f79db69ee5288;235860204
1774;508449992;add adamW to CPU-ADAM implementation;44502768;closed;2020-10-22T17:31:06Z;2020-10-29T17:23:07Z;0824b884d2fa9e4d4a17f90c0228a4ee29dc8d6e;235860204
1775;508397983;new version string formatting;620322;closed;2020-10-22T15:59:32Z;2020-10-23T18:45:26Z;4b985ee62dd2960f5221b2ed00745a5fe3ddc461;235860204
1776;506355234;DeepSpeed op JIT support;645595;closed;2020-10-20T00:03:48Z;2020-10-30T20:10:14Z;3dfdc9682f256dd2ceced99cb3f0d8bbf4749317;235860204
1777;506324462;updates website dependencies;620322;closed;2020-10-19T22:47:15Z;2020-10-19T23:11:24Z;d720fdb6857f4b71d922ca1e8efbe5271b5fb7c2;235860204
1778;503528201;Add support for p100 in transformer kernels;645595;closed;2020-10-14T17:24:12Z;2020-10-14T17:44:17Z;7ddfda85263890615791b63955b9f5ed28ea2eff;235860204
1779;503450503;Allow DeepSpeed models to be initialized with optimizer=None;42359489;closed;2020-10-14T15:16:28Z;2021-01-05T18:14:30Z;a9a83a6fcfcf654d75017453fbb3a476000180ce;235860204
1780;500853693;Add DeepSpeed_Adam optimizer;4271600;closed;2020-10-09T22:42:41Z;2020-10-10T16:48:43Z;23fc48f320bae0eeb46058d6b949c79b1b6569dd;235860204
1781;499461895;Fix printing momentum for non-deepspeed optimizer;7227074;closed;2020-10-07T19:14:56Z;2020-10-07T22:51:31Z;c39a76fed71f87fd0b026cf6dfd1aee8283319ed;235860204
1782;499259356;Fix type checking of offload optimizer before checked class was imported;2083404;closed;2020-10-07T13:40:07Z;2023-08-25T16:54:19Z;74a0eedc7a330c31b939f7bab8fb1ac0c319e292;235860204
1783;498206816;gan tutorial;60243342;closed;2020-10-06T01:27:34Z;2020-10-07T05:17:35Z;2efea6944616c7be9e35874adc37dbaf150ea05e;235860204
1784;497361230;fixing transformer tutorial;44502768;closed;2020-10-04T01:35:37Z;2020-10-12T16:36:19Z;e25f2a23e023d72ac19efe48a5fa5648d260be48;235860204
1785;496500107;Do not load optimizer states for fp32 if flag set to False;7227074;closed;2020-10-01T19:34:58Z;2020-10-05T19:23:19Z;67176383c4195d3c13a91e78b6f8701d9d579dec;235860204
1786;495726243;reyazda/cpu adam jit (squash);645595;closed;2020-09-30T19:11:33Z;2020-09-30T19:11:43Z;59c4bdb5ca58bcd8dc58a5a58b4e073c185f6324;235860204
1787;495713159;reyazda/cpu adam jit (squash);645595;closed;2020-09-30T18:50:53Z;2020-09-30T18:51:06Z;0c5b9d5290b397acd608887d1792228ef47ae8f2;235860204
1788;495116997;generalized optimizer engine design draft 1;60243342;closed;2020-09-29T21:34:37Z;2020-10-01T19:55:17Z;fd859b4362fe09676e3776b00db32209033ff356;235860204
1789;494999890;Add docker testing files;645595;closed;2020-09-29T17:48:51Z;2022-06-15T00:20:26Z;560be1acc7b42a3cf0b0d8ddcd36c933c058b40a;235860204
1790;494751297;Disable default installation of CPU Adam;4271600;closed;2020-09-29T11:11:09Z;2020-09-29T21:43:34Z;7b8be2a7d9a56847c30cd9db30a43b6dcfd975fa;235860204
1791;494356115;Use parentesis around min and max to enable Windows build;1090152;closed;2020-09-28T19:32:22Z;2020-10-01T06:55:28Z;95575579b3304f3cdd6bc1f9715535d424768b87;235860204
1792;493397757;fix typos;5545640;closed;2020-09-25T22:14:41Z;2020-09-28T15:39:58Z;6f28ea30958f615191c4ca3ef5b3ada13b5cc4e7;235860204
1793;492837355;unit test rename;620322;closed;2020-09-25T05:11:46Z;2020-09-25T15:17:45Z;5412a3341fa5d0211629ee87899015f98a62e0cc;235860204
1794;492836322;Link fix part 2;620322;closed;2020-09-25T05:08:00Z;2020-09-25T14:48:11Z;6d176c45fa7942ed236e02d193d26732f5816969;235860204
1795;492835107;"Revert ""Fix an invalid link""";620322;closed;2020-09-25T05:04:01Z;2020-09-25T05:04:14Z;98920e8932174c8e66ea746c5525634827da9c25;235860204
1796;492794434;Fix an invalid link;5545640;closed;2020-09-25T02:24:45Z;2020-09-25T04:57:16Z;0ca82156e1799672a9522e539c65f379bdb91a2a;235860204
1797;492720299;Update azure.md;4238238;closed;2020-09-24T21:56:26Z;2020-09-24T22:28:07Z;192cf7c8e2343b40cf7478687dd104151e461447;235860204
1798;492658000;Fix urls in tutorial;4238238;closed;2020-09-24T19:35:47Z;2020-09-24T21:10:56Z;5d40f006bbcf6aeb5f7e8bff1f33a00422aefdd1;235860204
1799;492518733;Removes cpufeature and defaults to AVX-2;620322;closed;2020-09-24T15:13:33Z;2020-11-13T23:24:17Z;136bc1fab379c64d8088f6d96963216a67b4e210;235860204
1800;490554787;LR scheduler unit tests;4271600;closed;2020-09-21T20:55:28Z;2021-01-08T23:32:06Z;da5563a9c1b7f89ed31da849940ec8b039660477;235860204
1801;490392390;DSE bump;620322;closed;2020-09-21T15:41:46Z;2020-09-21T16:20:21Z;71f7df3945c467c851888b7ab274796ea57bb67a;235860204
1802;489868744;support dynamic sequence length;44502768;closed;2020-09-20T07:25:29Z;2020-09-22T04:07:51Z;f0f2a7026877d3fd2f6f5565a67cdffc89750cf0;235860204
1803;489835496;Add intermediate size;44502768;closed;2020-09-19T23:38:55Z;2020-09-21T15:33:37Z;a148bd33d6cabdc363754e622a9aa24493ef7512;235860204
1804;489459753;"Revert ""Activation checkpointing bugfix and unit tests""";645595;closed;2020-09-18T17:55:38Z;2020-09-18T17:55:55Z;a74a604a9e9dee5167b0ac94717674ae2902c494;235860204
1805;489452368;Fix activation checkpoint unit tests for GPU systems;620322;closed;2020-09-18T17:39:15Z;2020-09-18T20:24:54Z;a825f99688b12d5b881fb2b578ac1d3fc956d138;235860204
1806;489424204;Activation checkpointing bugfix and unit tests;620322;closed;2020-09-18T16:36:49Z;2020-09-18T16:43:50Z;01b6e27e7833a2ac3b415b03674ef11116078e9c;235860204
1807;488983097;Remove pip --use-feature;645595;closed;2020-09-17T23:31:50Z;2020-09-17T23:57:55Z;5bc7d4e1e6364f6d39d3320d9d9d09d9dba53e3f;235860204
1808;488541724;Fix few typos in the docs;12230760;closed;2020-09-17T09:44:17Z;2020-09-17T13:40:06Z;c66f3881568c6ff7e77c6160dae20b5fea9fe4dd;235860204
1809;488159338;Minor doc fixes;4271600;closed;2020-09-16T18:04:43Z;2020-09-16T20:27:41Z;7d91be97652b464d389c7aa39a3a657a88f2d181;235860204
1810;488152684;Overflow fix;620322;closed;2020-09-16T17:56:52Z;2020-09-16T21:26:31Z;f5cce75e7061a6736f3021fd5a5a0c744704ed4f;235860204
1811;488101756;Fix a typo in comments;5545640;closed;2020-09-16T16:19:24Z;2020-09-16T23:10:57Z;4fef478f57fb27053f3d6f2ceab25ae635ec34a1;235860204
1812;488008969;Linear warmup+decay lr schedule;4271600;closed;2020-09-16T13:56:07Z;2020-09-16T17:13:07Z;0e942df008a2540c729d985bc1abdce8a98c7168;235860204
1813;487513079;install test: add cpu-adam, reformat, add colors;645595;closed;2020-09-15T19:28:06Z;2020-09-15T20:16:27Z;a9e8325f15d1537eba37fa6725e6cc12e60ee976;235860204
1814;486953951;pytest skips for tests requiring certain ops;645595;closed;2020-09-15T00:08:31Z;2020-09-15T15:28:03Z;91b4a93db01318cf7ad39b33ee3b2d2715abac54;235860204
1815;486952846;readthedocs yaml configuration;620322;closed;2020-09-15T00:04:35Z;2020-09-17T01:57:44Z;5812e84544fe5adc9c82593d15edf8d377ab902c;235860204
1816;486746492;support different intermediate size other than 4*hidden;44502768;closed;2020-09-14T16:42:45Z;2020-09-19T23:40:31Z;633365a4f64ea4a3e4f7f1719f16d56d73b44af8;235860204
1817;486217329;Scales pipeline throughput by logging frequency;620322;closed;2020-09-13T18:02:19Z;2020-09-13T18:29:22Z;473ff985fb8770fbbd9073554a666aac683d57d2;235860204
1818;485289150;Reyazda/support different intermediate size;645595;closed;2020-09-11T17:23:27Z;2020-09-19T23:41:57Z;05450058ae6a0e8b743dbc3bba8db8de57e4ad4a;235860204
1819;485287607;"Revert ""supporting different intermediate sizes other than 4 * hidden_dim""";645595;closed;2020-09-11T17:21:33Z;2020-09-11T17:21:56Z;4ac9bf60a740a5a8433ee256c48527c0fba63beb;235860204
1820;484366212;readthedocs upgrade;620322;closed;2020-09-10T21:51:06Z;2020-09-10T22:44:48Z;c82756cd1571acde62916554446c5a6b324b5f20;235860204
1821;484294341;Update ZeRO-Offload blog post link;4271600;closed;2020-09-10T20:23:36Z;2020-09-10T20:25:30Z;d15015e969cbe19356861fbaebd0c6fe7a30e5a0;235860204
1822;484148160;guard 1bit adam reqs and update cond build for cpu-adam;645595;closed;2020-09-10T17:45:37Z;2020-09-10T17:52:46Z;240ea97b33e55d8a7410aa3784cb197711b14d44;235860204
1823;483601264;Website edits;620322;closed;2020-09-10T09:42:01Z;2020-09-10T16:18:54Z;6bb5c69f485dd0bce1b95b2672bf25710afef035;235860204
1824;483545032;Landing page updates;645595;closed;2020-09-10T08:40:38Z;2020-09-10T09:04:17Z;a8a8b3d288aab35b09653110011a5062d87c95a1;235860204
1825;483480316;Sparse attention: updating code tag in documentation;12753905;closed;2020-09-10T07:27:12Z;2020-09-10T07:39:48Z;be4b94be261a9978795dcb0e60aee4cf112412b3;235860204
1826;483456866;fix zero-offload test with 16GB v100 nodes;645595;closed;2020-09-10T06:57:57Z;2020-09-10T07:23:54Z;b1d4bd734bffc99c0684edbec201fe347381c30b;235860204
1827;483338830;Pipeline parallel training engine.;620322;closed;2020-09-10T03:49:55Z;2020-09-10T06:14:55Z;65c2f974d8308b3bd13036623fb1474caa535f82;235860204
1828;483185518;ZeRO-Offload release;645595;closed;2020-09-09T22:52:50Z;2020-09-10T00:14:13Z;41db1c2f033b82485a3ef7bd0a986d1a1b579519;235860204
1829;483176592;Update 404.html;645595;closed;2020-09-09T22:33:46Z;2020-09-09T22:37:29Z;1a652f92ddaf17834524c270adf91dded835d722;235860204
1830;483170309;supporting different intermediate sizes other than 4 * hidden_dim;44502768;closed;2020-09-09T22:18:20Z;2020-09-11T15:38:37Z;e549be607c0f85fc3eb91b3ce977f1d063d65f3c;235860204
1831;483158265;Update documentation for 1-bit Adam;9065216;closed;2020-09-09T21:50:58Z;2020-09-10T07:05:08Z;093f09ff27ba3350b6e014a524075240612d5187;235860204
1832;483135531;Fixing a link issue with SA tutorial;12753905;closed;2020-09-09T21:03:41Z;2020-09-09T22:04:18Z;161e8e60c6df5a74b3b607bc97bc889fa68a63bb;235860204
1833;483110177;Fix zero-2 pre-divide issue;645595;closed;2020-09-09T20:13:24Z;2020-09-09T22:48:20Z;29899b67f0240f51985d2c15659a32fa4a46a917;235860204
1834;483059542;ZeRO tutorials;4271600;closed;2020-09-09T18:59:29Z;2020-09-10T07:22:55Z;2dea61f285ba245171a93672a90d7652b2608a30;235860204
1835;483044482;support avx2 by default;44502768;closed;2020-09-09T18:34:09Z;2020-09-09T18:55:26Z;9a80f4a10a97064ccdea7ba026dd1b81b4ee556f;235860204
1836;483043645;Minjiaz/zero offload;33713995;closed;2020-09-09T18:32:31Z;2020-09-10T08:46:07Z;59ce90d0d47bbbc85abfa6970dbdc7f9b5ea185b;235860204
1837;483003888;ZeRO-Offload (squash);645595;closed;2020-09-09T17:13:13Z;2020-09-09T21:45:26Z;75a404dc890626d1bbf5447ee9c9cbbd8bbb9c3d;235860204
1838;482373267;Add 1-bit Adam support to DeepSpeed;9065216;closed;2020-09-08T23:57:54Z;2020-09-09T21:37:38Z;01726ce2b8ec1adbffae7974b5bfe600962c2043;235860204
1839;482307759;fix cpu adam compilation for AVX2;44502768;closed;2020-09-08T21:30:22Z;2020-09-08T23:20:49Z;5b214a12513ffe8a61dab1809608a74964a6afd0;235860204
1840;482245251;Adding sparse attention to feature index page;12753905;closed;2020-09-08T19:17:31Z;2020-09-09T02:15:45Z;b73894dedc433076991e57ca3460e2477c04714c;235860204
1841;482239881;Adding sparse attention news index item;12753905;closed;2020-09-08T19:06:01Z;2020-09-10T08:49:44Z;c76769c4ff47f82140958e1b5991fda653c49a07;235860204
1842;482191278;updated launcher to support pdsh and openmpi;645595;closed;2020-09-08T17:27:35Z;2020-09-08T17:28:09Z;45619afa9e651ddb7db735545803c06343b0adc1;235860204
1843;481749886;ZeRO-Offload passing model tests;4271600;closed;2020-09-08T03:32:28Z;2020-09-08T19:03:21Z;485a365ffecbd5ce74264957833a562788348e25;235860204
1844;480885614;fix adam perormance;44502768;closed;2020-09-06T20:34:05Z;2020-09-06T20:43:39Z;75e9e320a8c8ea539299d28e7a0973b54f4f9af7;235860204
1845;480872959;fixing corner cases;44502768;closed;2020-09-06T19:47:37Z;2020-09-06T19:50:23Z;bae81311b3b3571f7e5b25c402d2e65a1475498d;235860204
1846;480660313;ZeRO-Offload: Integration code fixes;4271600;closed;2020-09-06T05:41:52Z;2020-09-06T05:46:24Z;19aac8ad194ee3cf603e6ad2e1563d02ae1de427;235860204
1847;480656010;add fp32-fp16 casting kernel;44502768;closed;2020-09-06T05:14:52Z;2020-09-06T05:40:03Z;773e454ca027b9f5d12643de40a83e100660400a;235860204
1848;480569117;Move code quality tests to Azure-hosted agents.;620322;closed;2020-09-05T19:10:41Z;2020-09-05T22:06:13Z;4d4eafbe8d3b6242166aeb7e002795c4d1ac7169;235860204
1849;480367906;fixing adam copy fp16-param and add more compile flags for cpu_adam;44502768;closed;2020-09-05T01:58:07Z;2020-09-05T05:20:46Z;d8ff56c34f9313a48855e88df8857223dd2e22ea;235860204
1850;480152697;ZeRO-Offload passing model functionality tests;4271600;closed;2020-09-04T21:37:34Z;2020-09-05T05:05:59Z;aa3f2893b3051a0b7efc38a4db1403d9afcd9e1f;235860204
1851;480093525;fixing the cpu_adam API and add deepspeed_adam flag in config.py;44502768;closed;2020-09-04T20:56:04Z;2020-09-04T21:55:28Z;606543de7f2921235cb2e01a94e2710ab44d6448;235860204
1852;480093325;"fixed a typo; this was fixed before but seems like it has been lost in the refactor";12753905;closed;2020-09-04T20:55:54Z;2020-09-05T18:48:36Z;a64b0abbcc8fb0be18b6572982e95641a6871e01;235860204
1853;479932624;Fix datatype issue with Sparse Attention softmax;645595;closed;2020-09-04T17:58:17Z;2020-09-10T07:07:31Z;dca0b7841e4449e9a03d0f603df634b35d2e015a;235860204
1854;479887635;Update installation instructions;4271600;closed;2020-09-04T17:03:49Z;2020-09-06T15:59:49Z;9e83ef21ea842a56ed6ba4c7b6952eaa6efd5cca;235860204
1855;479324793;Manually calling step with DeepSpeed Adam passing in fp16 params;3409344;closed;2020-09-04T05:59:41Z;2020-09-04T06:00:28Z;1a4a82b6cd439891167dae2bfc452d9608d2d674;235860204
1856;479306334;Allocating CPU memory directly on CPU without transfering them from GPU;3409344;closed;2020-09-04T05:25:16Z;2020-09-04T05:48:42Z;7be128afcc06b29b041b4dbabfee64978d152eb6;235860204
1857;479148250;Samyamr/zero offload correctness;3409344;closed;2020-09-04T01:02:14Z;2020-09-04T03:39:32Z;af51211745d89fb6088598f4aac2ba057a38133f;235860204
1858;479126717;Import path fixes + conditional imports;645595;closed;2020-09-04T00:18:31Z;2020-09-04T03:39:48Z;130dd70bfe289406f9a46dce74c77842cd0d405b;235860204
1859;479123254;Update Sparse Attention Tutorial;12753905;closed;2020-09-04T00:10:35Z;2020-09-06T18:20:49Z;9dadf38dd637d283d0869837cd5324f4086cbe1c;235860204
1860;479013006;add cpu adam optimizer;44502768;closed;2020-09-03T21:54:53Z;2020-09-03T22:46:53Z;20c414d0ed97b7c3cdded0a2ce8e09595f098126;235860204
1861;478953880;Adding link to Sparse Attention in Navigation page;12753905;closed;2020-09-03T20:57:11Z;2020-09-03T22:01:23Z;6deac82ca60b0a0e409f5c4206d9865a696c2891;235860204
1862;478942465;Correctness and perf fixes;4271600;closed;2020-09-03T20:46:30Z;2020-09-03T22:12:58Z;6604a5da1fccea629b6107ece52af77aaccbc7a0;235860204
1863;478921782;1-bit adam;9065216;closed;2020-09-03T20:26:11Z;2020-09-08T17:23:30Z;fa66867a633b7d14558c44bf84e9f594a95d762d;235860204
1864;478920036;1bit adam;645595;closed;2020-09-03T20:24:34Z;2020-09-03T20:25:10Z;53861a59b35a05bb1cb9dab2a95efdab78fd6ed7;235860204
1865;478872845;Jekyll installation instructions;620322;closed;2020-09-03T19:41:30Z;2020-09-04T06:35:04Z;ac12833ea790932eb2c23747375279ebc9aecfdf;235860204
1866;478797458;debuging for zero-dual;37380896;closed;2020-09-03T18:05:47Z;2020-09-03T22:12:17Z;;235860204
1867;478775055;Generalize detection of ZeRO supported optimizers;4271600;closed;2020-09-03T17:19:12Z;2020-09-04T13:44:57Z;253b04479301715e6be156f780766c1e5b1a9dbe;235860204
1868;478382092;Staging 1bit adam v1;9065216;closed;2020-09-03T06:09:29Z;2020-09-03T20:23:24Z;70cbc46bea29f6224e605361106b41839b47a45d;235860204
1869;478299926;Assert ZeRO-Offload incompatible with gradient accumulation;4271600;closed;2020-09-03T02:15:25Z;2020-09-03T18:08:25Z;0159ebba0bd357b7666987534553848bf70a4a95;235860204
1870;478060959;1-bit Adam v1 (squash);645595;closed;2020-09-02T18:15:14Z;2020-09-02T18:15:37Z;9ad2d787fd2f6d064cf872c5a01deaf084eca949;235860204
1871;477999022;ZeRO-Offload v1 (squash);645595;closed;2020-09-02T17:17:30Z;2020-09-02T17:17:48Z;723f0a799ac087614bdd1f1b54cef444bf944d12;235860204
1872;477597009;Add ZeRO-Offload checkpointing model tests;4271600;closed;2020-09-02T06:14:02Z;2020-09-02T17:13:03Z;2f660f66ea7cd98191fb08a84c1e3d6d85a3c5fe;235860204
1873;477412400;Sparse attn + ops/runtime refactor + v0.3.0;645595;closed;2020-09-02T00:11:15Z;2020-09-02T01:06:15Z;e5bbc2e559aeae7736e581a7495909e473c2e37b;235860204
1874;477396095;Sparse attention + refactor + v0.3.0;645595;closed;2020-09-01T23:48:04Z;2020-09-01T23:56:38Z;;235860204
1875;476843515;Switches BBS example to use mbsize=3 and gas=2 to fit in 16GB of memory.;620322;closed;2020-09-01T06:24:03Z;2020-09-01T15:09:35Z;838f53b7613d65fd8260bb76331ce5b8b0911848;235860204
1876;476722090;Improved testing matrix.;620322;closed;2020-09-01T00:20:39Z;2020-09-05T22:07:06Z;4420fd8a15668e2a0d02ecdfd5508788e0c020d1;235860204
1877;476495186;Samyamr/grad acc stage2;3409344;closed;2020-08-31T19:28:55Z;2020-09-01T03:51:08Z;7240abf3550e20eeb361434ef342605640bc3847;235860204
1878;475928840;Enable ZeRO checkpointing for ZeRO-Offload;4271600;closed;2020-08-30T15:55:13Z;2020-09-01T16:56:09Z;3628cc3972976ac7952140d06545c4c651c20d8d;235860204
1879;474984479;Update deepspeed_checkpointing.py;3409344;closed;2020-08-27T22:28:39Z;2020-08-31T19:21:00Z;458c0d92f54bc4895d743d7ce1be80d8f738c48d;235860204
1880;474836960;Add code owners for DeepSpeed team;645595;closed;2020-08-27T17:10:37Z;2020-08-27T17:14:23Z;21d5f6349b264b77722c2edbc894913b85472fd8;235860204
1881;474834556;Update setup.py;645595;closed;2020-08-27T17:05:59Z;2020-08-29T06:14:22Z;9b52e5087e20db46a02629f848a1ee787b37a60a;235860204
1882;474827760;Update setup.py;645595;closed;2020-08-27T16:52:27Z;2020-08-27T17:05:07Z;aae5b8591bf371b34f48fb36d988e1f3ace3e506;235860204
1883;471484742;Switches from tensorboardX to torch.utils.tensorboard;620322;closed;2020-08-21T08:09:38Z;2022-06-15T00:22:35Z;cae1acdbdb2108f4800bda2ad1b6e15a58162ee6;235860204
1884;470677841;Build hip extensions for ROCm;37884920;closed;2020-08-20T05:53:45Z;2022-06-09T21:50:27Z;6637c753733caef143e772e74c9fc9fc8e4c792d;235860204
1885;469124316;Turn off multi-node launch if only 1 node;645595;closed;2020-08-17T23:56:16Z;2020-08-18T16:07:13Z;e69b1eec671f6efa7a8132e4e7205797c08815e0;235860204
1886;469105438;Apex rocm submodule;37884920;closed;2020-08-17T22:50:31Z;2021-03-31T19:18:32Z;7dde613c9390df3af0c1bb9ce6a9effb829fda77;235860204
1887;468228575;support dynamic sequence length;44502768;closed;2020-08-15T00:05:18Z;2020-09-18T00:33:51Z;bed80ecbead87c1701d716cf26aaeff862ae8743;235860204
1888;467797615;Fix zero-1 bug related to stitching reduced grads across comm partitions;645595;closed;2020-08-14T06:25:30Z;2020-09-15T19:59:57Z;55ed105771d08fbffc0cb6d8cd56a2e61206ad1d;235860204
1889;467794844;bump DSE commit;645595;closed;2020-08-14T06:17:06Z;2020-08-14T06:17:13Z;de0523d4141c002bd0fea61d6c9292ca4441e744;235860204
1890;467622179;Attach empty grad to its param to ensure it's copied after reduction;645595;closed;2020-08-13T20:40:04Z;2020-08-13T21:21:40Z;e1bea67f2b27891df35aa54d9d2b25b60c377619;235860204
1891;467476373;Update fan out flag for pdsh;645595;closed;2020-08-13T15:55:46Z;2020-08-13T16:57:40Z;6855ba1c47e47f7dfdc8034c89c2a00f68195999;235860204
1892;466944101;Update deepspeed_lr_schedules.py;645595;closed;2020-08-12T18:46:34Z;2020-08-12T22:11:08Z;3437342c47f576d8c52eb388eca80576ace1b809;235860204
1893;465850429;ZeRO-2 enable CPU offload;37380896;closed;2020-08-11T04:06:06Z;2020-08-29T14:00:22Z;af7f4e1b159bdb430122456b083059a41bd2eabd;235860204
1894;465631298;bumping DSE commit for pillow security fix;620322;closed;2020-08-10T17:22:53Z;2020-08-12T14:11:04Z;892ece67696c5153db2bc871ecb8be7339b33c73;235860204
1895;465066155;updates website gems after kramdown alert;620322;closed;2020-08-08T19:28:54Z;2020-08-08T22:51:55Z;903a41a59d6d5ae8817fbdbfd5014efc0f7356f8;235860204
1896;464888715;Fix+tests for get_lr from lr_scheduler before training starts;645595;closed;2020-08-07T23:49:42Z;2020-08-10T17:09:41Z;cd68e6e55a2155ffaea681b18e012aafd686dce4;235860204
1897;464840676;Add webinar link;645595;closed;2020-08-07T21:26:22Z;2020-08-07T21:40:32Z;29c5fe26112f417c25955baab8e9dc7d7f33c5e4;235860204
1898;464629431;Removing () from assertion in ZeRO-1.;620322;closed;2020-08-07T14:14:45Z;2020-08-07T16:44:25Z;c35e9441d54d76b2eecf1b252621507a0dc952b8;235860204
1899;462424841;Latest;37380896;closed;2020-08-03T22:20:19Z;2020-08-03T22:52:52Z;;235860204
1900;460664005;NameError: name 'mpu' is not defined;7952854;closed;2020-08-01T01:03:47Z;2020-08-01T05:22:03Z;9d07d756aa935ceb650e0e67a90298e57b29627d;235860204
1901;458092488;Fix nv_peer_mem version;645595;closed;2020-07-28T22:30:47Z;2020-07-28T22:32:42Z;e50b8838e0aad4edc18cde5b0b89c7774943f6f7;235860204
1902;458007291;Fixing a typo;7952854;closed;2020-07-28T19:32:09Z;2020-07-28T21:24:13Z;97c5427372fa86a3c31c7d9f1662c1e806674da1;235860204
1903;457257880;Add docker pull badge;645595;closed;2020-07-27T16:04:02Z;2020-07-27T16:16:12Z;67821f95e4ee04f65965eac4ecc1ffacab4302e6;235860204
1904;456443647;DeepSpeed webinar announcement;620322;closed;2020-07-24T19:06:52Z;2020-07-25T05:13:12Z;7ae8f8bc9bea78659d9552a30d5525aba02093c5;235860204
1905;456400773;bump DSExamples;645595;closed;2020-07-24T17:21:16Z;2020-07-24T17:21:29Z;0f94f7e06fb51d74fc4ba584fe1eff3f83db2862;235860204
1906;455894342;pass steps_per_print to tput timer;645595;closed;2020-07-23T18:54:37Z;2020-07-24T02:20:47Z;ec9434101676f299f0fb05b94e1150fa398f4459;235860204
1907;454815090;Update setup.py to disable ninja;645595;closed;2020-07-22T00:37:56Z;2020-07-22T15:33:06Z;871f7e63056be679cbe5784ab4cc1da347648940;235860204
1908;454790638;Avoid deadlock for unsynchronized non-zero checkpointing;4271600;closed;2020-07-21T23:06:07Z;2020-07-22T19:01:50Z;3cc96e17f1e313148da7d0d349392c584c286ed8;235860204
1909;454638956;"only global rank 0 can log tensorboard data; avoid multi gpu/node race for the log directory";12753905;closed;2020-07-21T17:14:44Z;2020-07-21T18:11:08Z;1f972427fc6c9b22da97ca8b89c194bfb3988d6f;235860204
1910;449675159;Update deepspeed_zero_optimizer.py;953399;closed;2020-07-15T19:04:12Z;2020-09-09T20:14:05Z;d6ed0d861c516b269da54e278fb58a25d5dd7daf;235860204
1911;449662198;Empty grad fix;645595;closed;2020-07-15T18:39:50Z;2020-07-15T21:15:48Z;376818ef9df2d9d8932beb7adde10f89b3653570;235860204
1912;449594332;updates to amp to support grad clip and grad accumulation;645595;closed;2020-07-15T16:28:00Z;2020-07-23T18:49:58Z;eb74c3f1df1475a75bb8c18dd5def83ff849c2a5;235860204
1913;449111965;Fp32 optimizer state loading;4271600;closed;2020-07-14T21:01:05Z;2020-07-15T19:28:17Z;607814feb9b44977b83812dc38ee952c8ae61f84;235860204
1914;448459362;Update amp docs;645595;closed;2020-07-13T20:00:36Z;2020-07-13T20:04:08Z;366d88164d6f7bb998dcc789924acecc30aa48e2;235860204
1915;447662356;Support amp deepspeed backend;645595;closed;2020-07-10T22:03:19Z;2020-07-11T22:33:46Z;f545312416e8bdd6c0a7d19e644fd49846a54b6a;235860204
1916;441576657;remove tensorflow from reqs;645595;closed;2020-06-29T18:24:55Z;2020-06-29T20:12:40Z;97787881ee2af488f3f92c6889430a96a466a86c;235860204
1917;440191369;bump DSE commit;645595;closed;2020-06-25T18:37:19Z;2020-06-25T18:37:30Z;4d64b5ba055b663a1e436dbc2d756350554dfe84;235860204
1918;440188628;Module replacement support;645595;closed;2020-06-25T18:31:22Z;2022-06-15T00:20:08Z;4ccc66cad5db7367eda9ef01d32123da8c8c9cfd;235860204
1919;440135358;Support distributed init outside runtime init;645595;closed;2020-06-25T16:37:13Z;2020-12-17T20:12:16Z;77eb46aabf7e946ed26f996b3c584aa7e1042921;235860204
1920;439374743;ZeRO-2: Handle gradients of empty partitions;4271600;closed;2020-06-24T18:17:30Z;2020-07-06T17:11:22Z;4a3234e0ab3a6b0039741d7ea2fe0c1b82584763;235860204
1921;438161904;Handle parameter groups smaller than DP;4271600;closed;2020-06-22T20:31:30Z;2020-06-23T20:08:25Z;88c319aad68fae3193f7b951807a968dc1df0e3d;235860204
1922;437348794;Ai scale;620322;closed;2020-06-20T01:49:00Z;2020-06-20T01:52:43Z;664fa30cecf9071ef499860808d9fe7eb1c613ca;235860204
1923;436822260;Update deepspeed_utils.py;3409344;closed;2020-06-19T00:15:38Z;2020-06-20T01:37:06Z;224494bdea41f9f044b8107ac25f2d2725e32f9f;235860204
1924;436666222;Improving deepspeed.ai website;4238238;closed;2020-06-18T17:36:26Z;2020-06-24T00:13:01Z;6379292c62285ddcdfcfc14a35048cf4fe1b0d85;235860204
1925;436065376;new transformer pre-ln image;620322;closed;2020-06-17T20:00:21Z;2020-06-17T20:01:58Z;2e6d93e0e55919e4eb78a3627c0bf283b458d8e8;235860204
1926;435651315;launcher support for quoted user arg values;645595;closed;2020-06-17T07:17:00Z;2020-06-17T19:22:59Z;fedd03869a0d3dead88d48acb777b7a8bca3035e;235860204
1927;435536437;adds gtag for website analytics;620322;closed;2020-06-17T00:38:41Z;2020-06-17T00:41:24Z;9fcdc885958f481d64115f5a48e86623b7a00e5c;235860204
1928;435325703;Image change;620322;closed;2020-06-16T16:16:58Z;2020-06-17T19:57:15Z;738ca235f8c80eab7383ff9d3101a9c096aae906;235860204
1929;433421936;remove transformer layer ID from the top module;44502768;closed;2020-06-12T02:01:17Z;2020-11-19T16:59:32Z;608d8f0f58cac9475b96c2c7cc7f4016315cf892;235860204
1930;433153603;Modify deepspeed_lr_schedules;2911134;closed;2020-06-11T15:19:07Z;2020-06-30T01:42:34Z;265030e9e26ead07826021fab58f27539ff58863;235860204
1931;432262417;minor refactor loss scaler;2911134;closed;2020-06-10T07:35:18Z;2020-06-12T04:24:45Z;96c4daabc162c3c05fe602152ee2ab2d780c0e23;235860204
1932;432140748;add the fine-tuning results;44502768;closed;2020-06-10T01:03:01Z;2020-06-16T18:00:32Z;6e87251cd3f36019487583ef1d76fa5fd4dff3ee;235860204
1933;431377644;install update: no-sudo + clean build files;645595;closed;2020-06-08T20:26:53Z;2020-06-09T17:46:36Z;f5025506de37f617a93eabc2aed7cc4f4bfd7d80;235860204
1934;431351449;fix transformer kernel preln config;24947394;closed;2020-06-08T19:30:18Z;2020-06-08T20:02:22Z;fc1de4ffd28b5975700cf87efb36b699d15c5a0a;235860204
1935;428124147;update DSE commit;645595;closed;2020-06-04T22:32:18Z;2020-06-04T22:32:37Z;f73d717cf95946fa3c21b7d06ac65b654896bb4e;235860204
1936;427586233;Features links;620322;closed;2020-06-04T04:48:13Z;2020-06-04T19:58:50Z;2a1c5db1b01792b1d3ca54f23998a717240ba390;235860204
1937;426959545;"Update paths; include information about submodule.";9065216;closed;2020-06-03T04:48:15Z;2020-06-03T20:01:33Z;fd2a8fd5b25b293252063aa2bb5a1047b146749e;235860204
1938;426368464;Support migration to FP16 optimizer ;4271600;closed;2020-06-02T06:00:41Z;2020-06-05T21:35:12Z;2312f04b0ceb07d81a16d0fc81f327a04beea57d;235860204
1939;426223144;reduce memcpy between host and device;24947394;closed;2020-06-01T21:25:25Z;2020-06-03T17:59:50Z;8353c5949d395d27c898c78fd3ae72ccfe878c26;235860204
1940;425348804;adding overlap_comm documentation;3409344;closed;2020-05-29T21:50:57Z;2020-05-29T22:15:45Z;e04e401613bf13a235453d1f9ab06ef8bf4cf7fe;235860204
1941;425344290;Point BERT pretraining tutorial to new perf tuning.;620322;closed;2020-05-29T21:38:15Z;2020-05-29T21:41:35Z;b1ddea7fd94c52a7be76cec721d32d438681af83;235860204
1942;425338048;update bert images;645595;closed;2020-05-29T21:28:29Z;2020-05-29T21:29:46Z;c5c9aaaa5e4af29627ff221359b96574bff1ab31;235860204
1943;425334654;center images;620322;closed;2020-05-29T21:24:38Z;2020-05-29T21:24:47Z;0c77f878b67069baf3c5a066b32778c10a38db84;235860204
1944;425329862;Image links;620322;closed;2020-05-29T21:17:41Z;2020-05-29T21:20:51Z;c7d0b0ca83c39ee300d4b3a6501b4229d57286df;235860204
1945;425272323;Transformer kernel release;645595;closed;2020-05-29T18:59:16Z;2020-05-29T20:15:36Z;734d8991c845664c5138a9f69704fd058a51b3c1;235860204
1946;424101125;Support loading and saving ZeRO checkpoints with changing DP degree;4271600;closed;2020-05-27T20:37:32Z;2020-07-14T13:27:22Z;7ccc9daf9ec909b71c7261f8e77876774b1633af;235860204
1947;423985335;Default Contiguous Gradients False;3409344;closed;2020-05-27T16:53:43Z;2020-05-27T18:56:25Z;01e848b336b90e7a281206e7b8f070ec0e9bfd34;235860204
1948;423884732;fix: typo;2911134;closed;2020-05-27T14:19:26Z;2020-05-28T21:13:19Z;b652395e5e0584a32123b49adcd8a758fb7e9aab;235860204
1949;423637881;if using lamb force legacy_fusion=True;645595;closed;2020-05-27T06:30:22Z;2020-05-27T22:48:44Z;a2b7552770e200b4f4505d1bab35b208617a2b9d;235860204
1950;423633901;add support for predivide as a config option;645595;closed;2020-05-27T06:19:23Z;2020-05-27T21:30:38Z;bc36b91dd3794fd93e1a29607ff2fc42143d3b14;235860204
1951;423621109;remove redundant init code;2911134;closed;2020-05-27T05:42:39Z;2020-05-28T03:10:12Z;6fe0edb80494577d6c21e5b5014faeab1a0d2e47;235860204
1952;423616291;Samyamr/cpu memory bloat fix zero;3409344;closed;2020-05-27T05:26:49Z;2020-05-27T16:50:40Z;d24d3de901fa8b110923f1ee9c2ccf0efd56d31f;235860204
1953;423460259;Support fp32 grad clipping and fix max_grad_norm confusion;645595;closed;2020-05-26T20:59:05Z;2020-05-27T02:40:01Z;abe2204ddd1d5f60cd3303ead4df22deb5303a5b;235860204
1954;423397726;updating website packages;620322;closed;2020-05-26T19:06:23Z;2020-05-26T19:15:05Z;6a9d57f6cc7a95952ea7b396c75630c0265931e2;235860204
1955;423305719;Add log util;2911134;closed;2020-05-26T16:11:12Z;2020-06-04T21:05:04Z;e1ad8803eb802bf9cc74ddb54b411d720f5ea6b4;235860204
1956;422791436;fix redundant reduces;2911134;closed;2020-05-25T14:57:19Z;2020-05-25T15:58:36Z;b466e84e9fb9172a7677ed4ba1c70865d2a8f222;235860204
1957;421556008;is being -> will be;620322;closed;2020-05-21T20:08:56Z;2020-05-21T20:09:52Z;e62afbc8c88a3f2b0c72755502169ddd4cdd107d;235860204
1958;421541531;WIP tutorial warning;620322;closed;2020-05-21T19:35:36Z;2020-05-21T19:39:13Z;00183ed58d2344255622bffdee473836e0f80e16;235860204
1959;420430525;reduce size of model tests;645595;closed;2020-05-20T00:05:39Z;2020-05-20T21:58:08Z;53ac7947028ab7167ec3ff56e3eaf98b63f973a4;235860204
1960;420187746;Updates new live news links on deepspeed.ai;620322;closed;2020-05-19T15:16:29Z;2020-05-19T15:16:48Z;8a18e73e18cb6bb846b5d5a11e9a7ff91caedda8;235860204
1961;420180421;Adds links to new blog.;620322;closed;2020-05-19T15:05:06Z;2020-05-19T15:08:28Z;1230e31beb10a53dffd892f80c2ae27c825ec6b6;235860204
1962;419977909;News edits;620322;closed;2020-05-19T08:59:08Z;2020-05-19T08:59:53Z;4eade17a6e1baf6bc5c71daac7fc3ac595c378a2;235860204
1963;419960501;blurb edits;620322;closed;2020-05-19T08:28:01Z;2020-05-19T08:33:38Z;0c82483069a1d91db4fcd0a17bd0cba6e93c7682;235860204
1964;419951227;adds readthedocs badge;620322;closed;2020-05-19T08:10:16Z;2020-05-19T08:11:06Z;10a46a148fb4ef010e34880dbe380657daec2356;235860204
1965;419883301;ZeRO-2;645595;closed;2020-05-19T05:17:39Z;2020-05-19T08:00:54Z;f2ac7eafd54c49acb8981650637dedd939e96c14;235860204
1966;418822998;Specify num_replicas and rank when creating sampler;9300691;closed;2020-05-15T21:21:06Z;2020-06-04T22:07:14Z;0f72988d86b69aac928a6d4a5006fba1d99b3c8d;235860204
1967;418320437;reverting test matrix to debug node;620322;closed;2020-05-15T01:03:28Z;2020-05-15T05:02:09Z;ccaa9901c9a0e118eb105e8affbafb141b2ba1f3;235860204
1968;416999624;adding BingSqaud e2e test;12753905;closed;2020-05-12T22:13:25Z;2020-05-18T16:33:16Z;c61e23b4b108df2af0dda7939ee59d4ae9090415;235860204
1969;414401718;Test matrix;620322;closed;2020-05-07T00:41:58Z;2020-05-12T23:17:20Z;c7863d97d2a529fba605b148222ccb34c5b409d8;235860204
1970;414228827;Support dynamic loss scale args in fp16 optimizers;4271600;closed;2020-05-06T17:20:30Z;2020-05-11T19:36:07Z;0be026e38b27fe6fbd8b57a9ce51027dea470f59;235860204
1971;413239639;add basic post-install test;645595;closed;2020-05-04T23:36:50Z;2020-05-05T22:01:40Z;7dc209c661b05bc7b08fd554236237d2b4bdbea1;235860204
1972;413164109;Bug fix for sparse grads;645595;closed;2020-05-04T20:20:39Z;2020-05-04T22:29:05Z;a90a32d79d4209d280540bf61a418b0e2e1288a2;235860204
1973;410337189;CSR+FP32 fix;3409344;closed;2020-04-28T20:15:13Z;2020-04-29T00:15:38Z;6cb332f1b1ea786b5d83ebf9c66cb1f85d1245f6;235860204
1974;410315080;Upgrade apex version, turn off legacy fusion;645595;closed;2020-04-28T19:30:50Z;2020-04-30T22:11:44Z;3ce531c9798613e1265e7c64482a28f7b1a17c4d;235860204
1975;409867033;check for model_parallel attr;620322;closed;2020-04-28T03:56:48Z;2020-05-06T14:30:01Z;4f42bbb0e8d88e9b992b9c84ea7852b7925149ba;235860204
1976;409287989;Moved environment variable docs.;620322;closed;2020-04-27T06:44:22Z;2020-04-27T21:27:05Z;a0cd61e8577307529cd1e0cb92741c13ababde2b;235860204
1977;408185292;Fix index out of range error in ZeRO optimizer;4271600;closed;2020-04-23T20:44:48Z;2020-04-24T16:20:21Z;512a0d4de186552764fcb49a6f7b6b362b7496c1;235860204
1978;407485475;Fixes missing newline in code example;620322;closed;2020-04-22T19:15:19Z;2020-04-22T19:15:46Z;c014a55b2d759428ec57e8b39976f36b20ef2401;235860204
1979;406233604;README and RTD improvements.;620322;closed;2020-04-20T18:42:18Z;2020-04-22T05:18:48Z;dd166ee6b619a04e6a5a83b91a8cb279339d9d41;235860204
1980;406132928;"Early Return Pattern ""if return else return"" -> ""if return return""";39186433;closed;2020-04-20T15:25:26Z;2020-04-20T17:19:52Z;b7f5cb78c60d6a5792a2018976d0533d9d65cfb2;235860204
1981;405577432;Fix  perf bug from ZeRO n^2 data copies;4271600;closed;2020-04-18T23:49:02Z;2020-04-21T01:10:33Z;bf4797c2c5694828911dc39d39576b7c4188845c;235860204
1982;401703264;Add BERT pretraining tutorial to navigation bar.;620322;closed;2020-04-10T00:19:46Z;2020-04-10T20:12:37Z;4cbfcc75f7d0b710ab76b0c81f9ea9fa4ffba063;235860204
1983;401542504;updating commit for deepspeed examples;645595;closed;2020-04-09T17:06:24Z;2020-04-09T17:08:01Z;3ef0030a51906b5dfd9a7beb701afad7f4e18686;235860204
1984;400581934;Some Refactoring;39186433;closed;2020-04-08T01:38:21Z;2020-04-08T01:40:29Z;0cd7d2f6e9bbedf1ca4120387c4a28139ec3b143;235860204
1985;400542022;Update deepspeed_light.py;3409344;closed;2020-04-07T22:58:02Z;2020-04-12T06:51:16Z;90017d3a31beee0ef5421ac08edcd0fa441eea11;235860204
1986;400068668;refactoring: Deduplication;39186433;closed;2020-04-07T06:37:01Z;2020-04-07T16:54:48Z;63da7f566b5ad22b0e84ea2428f94a62ce4fd135;235860204
1987;399402285;Ported BERT pre-training tutorial;620322;closed;2020-04-06T06:05:28Z;2020-04-06T18:20:17Z;5fb22a055a23ce5d9cf135f9b29cf762629db05d;235860204
1988;398108912;add representation to optimizer;23252616;closed;2020-04-03T11:06:10Z;2020-04-03T15:57:19Z;3637b86ba9695569b140ecd45b83e226fce04136;235860204
1989;396287560;fixing the dataloader original len issue;58812616;closed;2020-03-31T12:05:35Z;2023-03-24T03:34:42Z;29c1ddd5e45e1a5ee163f93f5c78cddda4df1aae;235860204
1990;395036935;catching up DeepSpeedExamples;620322;closed;2020-03-28T02:53:34Z;2020-03-28T04:51:19Z;c1a3ec672b3423590f9667afe6428d8b5de32a1a;235860204
1991;394115145;"Add ""zero_allow_untested_optimizer"" option in conf file";4557464;closed;2020-03-26T11:35:06Z;2020-03-27T14:32:14Z;43f27332c2b36e32d61ad12f8caa716c7966d781;235860204
1992;393734862;Fix ThroughputTimer with hybrid parallelism.;620322;closed;2020-03-25T17:48:56Z;2020-03-26T21:50:23Z;20557f70954f06cbbf8d9fdb1910b63c6af4eb77;235860204
1993;393168303;Support multi-output models;4271600;closed;2020-03-24T18:03:14Z;2020-03-27T20:57:31Z;53c73fe3e216bb6d2232b613bbf7bf0479246f6e;235860204
1994;392886216;fix dataloader len for tqdm and others;58812616;closed;2020-03-24T09:51:33Z;2020-03-31T17:49:06Z;179a2eb733e3b9e90666523b42b0ec855ac4b0ba;235860204
1995;392114192;Adding static loss scaling for ZeRO.;620322;closed;2020-03-23T01:48:28Z;2020-03-25T16:34:28Z;a76572dc7cc7030b6208cf1dc3e2f6e501d460c8;235860204
1996;392098047;Export all python environment variables;4271600;closed;2020-03-23T00:21:28Z;2020-03-23T01:50:20Z;012d91df67a9ddd66df847c7608481af027cace9;235860204
1997;392085380;Fix incorrect tensorboard loss calculation;4377719;closed;2020-03-22T22:53:35Z;2020-03-27T22:40:30Z;31b26a5bfdbf522196b2307cd60e3bac6f54c43e;235860204
1998;392000224;removed session_params from deepspeed_constants.py;23252616;closed;2020-03-22T12:47:04Z;2020-03-22T20:32:50Z;62d3272e7e5db33780244383d8160742681b5200;235860204
1999;391459733;removed restrictions for custom optimizer;4557464;closed;2020-03-20T10:37:09Z;2020-03-22T23:56:12Z;ac9cc7fe1b2a4a1e3f36c08441512cd3609087b5;235860204
2000;391301662;Catching up CPU- and Python-only modes.;620322;closed;2020-03-20T00:42:23Z;2020-09-15T20:29:17Z;4d19b21c096df8af1b82f1d6c2167ac6e92be241;235860204
2001;390532573;Change _pages/ paths.;620322;closed;2020-03-18T16:15:28Z;2020-03-18T17:09:42Z;1496247a19d4bfd8346001ac491b1d160b5ecbee;235860204
2002;390272895;Fix permalinks;620322;closed;2020-03-18T07:45:40Z;2020-03-18T07:47:40Z;29855c2716a99fbb79e0b73dca9c18b650bd8107;235860204
2003;390270733;Fix permalink;620322;closed;2020-03-18T07:40:42Z;2020-03-18T07:41:33Z;;235860204
2004;390257499;Web edits;620322;closed;2020-03-18T07:06:52Z;2020-03-18T07:30:52Z;b84a1fa410934353db1a68055f224be353c99989;235860204
2005;390159929;Web edits;620322;closed;2020-03-18T01:18:48Z;2020-03-18T01:24:00Z;4d735946b8f256bc80ba13e3530f85c91d041ff4;235860204
2006;390085328;Restoring CNAME;620322;closed;2020-03-17T21:24:14Z;2020-03-17T21:27:07Z;85cc16aed25da5c94a9e7aa3877a35982b898e65;235860204
2007;390080965;Cname restore;620322;closed;2020-03-17T21:14:19Z;2020-03-17T21:17:48Z;;235860204
2008;390031936;drafting Jekyll webpage;620322;closed;2020-03-17T19:25:19Z;2020-03-17T20:49:49Z;5042dc0085537db79aaf4e175e86d5f5bf5ae4d8;235860204
2009;390007981;removing duplicated CNAME;620322;closed;2020-03-17T18:34:08Z;2020-03-17T18:36:59Z;d6bc44bfad4b92acde4193321d1cc9601da55030;235860204
2010;390000817;Add CNAME file.;620322;closed;2020-03-17T18:19:55Z;2020-03-17T18:25:06Z;8b12cfb4dc8131c8a63178b19d4f4f96563a952c;235860204
2011;388727227;Fix global_steps checkpoint loading.;620322;closed;2020-03-15T14:42:15Z;2020-05-06T17:09:20Z;b2c87edfb6b56e68e022cfb607c1073895d34318;235860204
2012;387663696;CPU-only baby steps;620322;closed;2020-03-13T08:58:52Z;2020-03-13T14:54:27Z;49bf07ae31644aedcde0c7a3d871fadc67764721;235860204
2013;387448005;PyTorch 1.3+ build support;645595;closed;2020-03-12T20:03:56Z;2020-03-12T20:08:58Z;3d3f8d36a4e8c0b7e6358bccd90254fc7424ffcb;235860204
2014;386903679;add skip_requirements install flag;645595;closed;2020-03-11T20:25:07Z;2020-03-11T20:29:19Z;e0f5cc688e43a8f3936764fe61344ad90e89e38c;235860204
2015;386871690;Install specific apex hash;645595;closed;2020-03-11T19:11:42Z;2020-03-11T19:17:13Z;259f894a8b9f5a8f2a1af2b33c250723bc9654e7;235860204
2016;386348110;Enhancement: Ability to load checkpoint without loading the optimizer…;3409344;closed;2020-03-10T20:27:52Z;2020-03-10T23:52:03Z;936117b589e848318c44deb3ce128659afde6580;235860204
2017;386193985;Use torch.cuda.device_count();620322;closed;2020-03-10T15:13:40Z;2020-03-10T19:05:43Z;27d8385148ac86acfb9c85643e7a995e797b1d5c;235860204
2018;385867589;Add missing link to list of schedulers;43774355;closed;2020-03-09T23:38:03Z;2020-03-10T13:37:02Z;8ad8a26295c934f07924173ec44457b53587d7e8;235860204
2019;385797346;Make lr schedulers support fp16 optimizers;4271600;closed;2020-03-09T20:19:00Z;2020-03-10T21:03:24Z;1c0b326e772e20082772fdcd10e3f95ed481d555;235860204
2020;385087727;Fix typo;4271600;closed;2020-03-07T01:55:08Z;2020-03-07T02:23:41Z;40885599abec1258b486815a8b8289e9b20d9fea;235860204
2021;383204223;Add deepspeed env file to pass custom env values;645595;closed;2020-03-03T21:54:53Z;2020-03-03T22:38:42Z;7dbeba308ee54d4737743abf8bf6fe47cb6b5229;235860204
2022;381323306;Add two CLI options to help with the installation inside of conda;11158705;closed;2020-02-28T10:43:40Z;2020-03-09T15:30:19Z;5f6294bd04cbf099c2dc15b9aebc44ebe91f0044;235860204
2023;381113790;Ensure torch distributed and mpi match;645595;closed;2020-02-27T22:53:19Z;2020-02-27T23:14:25Z;7e3509bb8db0214c00c3a394d7b60174343955fc;235860204
2024;380997091;MPI compatibility doc update;645595;closed;2020-02-27T18:11:42Z;2020-02-27T21:55:26Z;fafc62fe0aa17cbb6664cd16168d270b9e2dcc11;235860204
2025;380557407;add some csr addition unit tests;645595;closed;2020-02-26T23:21:32Z;2020-02-27T15:10:36Z;ccec2463ee491313fc89a5c5c1ab6431432dfa47;235860204
2026;380033055;Init distributed torch only if needed;645595;closed;2020-02-26T06:30:00Z;2020-02-26T23:07:50Z;5aa58b3878789332856af9107bef5768dd3e1c9c;235860204
2027;380026932;MPI 3.x support via mpi4py;645595;closed;2020-02-26T06:08:11Z;2020-02-27T15:23:01Z;7e8132832ff8b3e322b6a345c65e2ea2795169dd;235860204
2028;379323488;Option to keep VM without incuring charges with shutdown command;12767235;closed;2020-02-25T01:58:14Z;2020-02-25T19:25:01Z;6efee45c4d6aec415e7155459c19147d2fe3ffdd;235860204
2029;379285295;Fixes to support subscriptions with other VMs;12767235;closed;2020-02-24T23:34:02Z;2020-02-25T00:13:22Z;cd0d6f3c039b928475172fc9e33c762ec7e03e65;235860204
2030;379218769;add deprecated deepspeed flag for legacy code;645595;closed;2020-02-24T20:35:27Z;2020-02-24T20:47:18Z;5897091eb94fdd7a6885dfa5eb58c13083136b03;235860204
2031;379080587;Update stale links from old website transition.;620322;closed;2020-02-24T16:20:53Z;2020-02-24T17:40:33Z;853a3a9243027f86c46315ce82cb52bc9ffd7793;235860204
2032;378521315;Removes DeepSpeedDataSource;620322;closed;2020-02-22T00:03:05Z;2020-02-24T03:39:02Z;13fd3dca2abb6d6a6af62d46457fff8a1a678a4a;235860204
2033;377934745;Refactor simple model test, fix pythonpath issue;645595;closed;2020-02-20T19:32:07Z;2020-02-20T22:16:41Z;001abe2362d9edba062070fb05df40925f54cb3e;235860204
2034;377561799;Include pythonpath and local dir in launch env;645595;closed;2020-02-20T05:43:06Z;2020-02-20T06:08:49Z;f2d7513561eb72f6b9c5188b5a227ecb7b05a2ee;235860204
2035;377549661;Updating model parallelism docs;620322;closed;2020-02-20T04:55:13Z;2020-02-20T05:41:58Z;2abef1ef76b35ec303ac1e474706f1706a707b6f;235860204
2036;375636085;Fix issue with empty grads for non-fused optimizers;645595;closed;2020-02-15T00:42:49Z;2020-02-15T01:04:16Z;807480a04bdc371525776e42c31f7c72d9132f0a;235860204
2037;375250342;Add requirements for cifar10;23252616;closed;2020-02-14T07:29:57Z;2020-02-15T01:34:50Z;bca23057de5b88a659a16b48dc2a15cf5a97232a;235860204
2038;375233579;Azure pipeline for docker image build;645595;closed;2020-02-14T06:30:32Z;2020-02-14T06:39:22Z;e6c37c043d9284acc0e549940f201d5f1603b55e;235860204
2039;375169703;Set up CI with Azure Pipelines;645595;closed;2020-02-14T01:33:49Z;2020-02-14T06:39:58Z;277b34b24c806b75dc7f4eecfdef957fd5132926;235860204
2040;374878897;Support legacy optimizer fusion as config option;4271600;closed;2020-02-13T13:50:24Z;2020-02-22T05:51:56Z;6d6020658611a69eb0bf8008b7730cadfeab2c15;235860204
2041;374677960;fix typo;33426676;closed;2020-02-13T05:30:54Z;2020-02-13T05:33:01Z;fd53b56a735b8b8eca5cea4872134ca37c702b4f;235860204
2042;374616786;Fix bug in install script, bump TF version;645595;closed;2020-02-13T01:00:30Z;2020-02-13T01:06:23Z;bf2689a9dd4492ff7173763e93cd58115de333bb;235860204
2043;374616689;Porting BingBertSquad test;620322;closed;2020-02-13T01:00:04Z;2020-02-14T23:45:29Z;37ff62ccb8637a3b263a163d79fe961946415ade;235860204
2044;374591539;Fix broken links in CIFAR;620322;closed;2020-02-12T23:26:01Z;2020-02-12T23:57:59Z;4f0680c144e05822396ebf30dc9149db869b52f8;235860204
2045;374484335;remove the undefined variable in ckpt testing;24947394;closed;2020-02-12T19:22:02Z;2020-02-12T20:21:37Z;4f7d016d3ecbd9c030c7ac5ea395b05b1a625a30;235860204
2046;373408233;Fix broken link in README.md for the 1Cycle doc.;186566;closed;2020-02-10T23:38:47Z;2020-02-11T03:53:29Z;f78ccc06c947d61134885059f23194e4eb3299a0;235860204
2047;373301293;Reordering further reading ToC;620322;closed;2020-02-10T19:06:19Z;2020-02-10T20:33:59Z;5a2e4b7d09fa646c401f5fd8e01cb5e2afec2835;235860204
2048;373294687;Typo fix;30148602;closed;2020-02-10T18:49:51Z;2020-02-10T18:52:30Z;cf8b9c185f8210ce528be44908cdc86b9947ae33;235860204
2049;373249510;add links;645595;closed;2020-02-10T17:05:12Z;2020-02-10T17:06:31Z;8575200079041cf42685b1cae11e0885a5b53507;235860204
2050;373162829;Updating .gitignore;620322;closed;2020-02-10T14:24:12Z;2020-02-10T15:07:38Z;010f6dc0cf970effee0f597246ceccd46271242d;235860204
2051;373129311;Publication section in ToC;620322;closed;2020-02-10T13:18:34Z;2020-02-10T15:05:06Z;e711f8265e4f2eabdc41e974047089ea40964be9;235860204
2052;372960045;Doc edits, typos, etc.;645595;closed;2020-02-10T06:20:29Z;2020-02-10T12:51:52Z;4eb20eb574a4b28cb64f27e8360cc9356d1373a2;235860204
2053;372896993;Porting JSON config documentation;620322;closed;2020-02-10T00:47:31Z;2020-02-10T05:35:26Z;46686c9a7208e383959e558296c8141c466385bc;235860204
2054;372893347;Moving to major/minor/patch versioning.;620322;closed;2020-02-10T00:22:27Z;2020-02-10T04:03:36Z;50ae149f824a887834bdfc7a252b35a68e624132;235860204
2055;372869170;Pointing status badge to new DevOps org;620322;closed;2020-02-09T20:22:53Z;2020-02-09T20:44:51Z;e4c55390aecef3a7e9b7d94cd18d46ac6f2c9b36;235860204
2056;372864160;Changing README headers and testing discussion;620322;closed;2020-02-09T19:29:00Z;2020-02-10T05:38:21Z;b068e7018df6f205946f6cf4a25e2a1e8621dd12;235860204
2057;372798813;Azure and local node updates;645595;closed;2020-02-09T07:04:24Z;2020-02-09T19:11:39Z;2f22ed2ed881ff0754456ea6445b6103f5c64b49;235860204
2058;372788648;Ported 1Cycle tutorial.;620322;closed;2020-02-09T04:30:28Z;2020-02-10T19:01:55Z;b8541d04324b47eb8588c65d493609d345706e00;235860204
2059;372786785;LRRT tutorial;620322;closed;2020-02-09T03:57:53Z;2020-02-10T19:04:32Z;92514ac5d55f0a6c471e527694e7a8af5e47c122;235860204
2060;372764616;Updating DeepSpeedExamples to track the master branch.;620322;closed;2020-02-08T22:19:25Z;2020-02-08T22:31:29Z;4ee043cd1ce5120864771bfb4817a1e5865f78c4;235860204
2061;372686875;Azure tutorial updates and cleanup;645595;closed;2020-02-08T06:39:02Z;2020-02-09T06:00:25Z;20ff66a0c1ec07e527626ee42b8f3afe8f75493d;235860204
2062;372658592;Azure tutorial/scripts;645595;closed;2020-02-08T00:50:05Z;2020-02-08T01:10:29Z;23a08aebe793ad091deb3bc3edfbca3a74a0ecc8;235860204
2063;372654656;Pointing docs to hosted HTML files for core API.;620322;closed;2020-02-08T00:24:47Z;2020-02-08T00:37:12Z;11a426acea3305e0ddd4e8c1552935ca238bcb40;235860204
2064;372646027;update gitmodules to https;645595;closed;2020-02-07T23:41:27Z;2020-02-07T23:45:11Z;246a284430e37f76e2ab75dcd5bc85edf42f0172;235860204
2065;372636265;Bump tensorflow-gpu from 1.14.0 to 1.15.2;49699333;closed;2020-02-07T22:57:35Z;2020-02-09T07:47:44Z;0ca56d4b235092b9e5c4af8b26c19cb2e8d70aa0;235860204
2066;372629681;Yuxiong doc edits;645595;closed;2020-02-07T22:33:46Z;2020-02-07T22:44:50Z;ddefa23bd04dda125e4ddb71b4ce304dc4013d67;235860204
2067;372611007;Catching DeepSpeedExamples up.;620322;closed;2020-02-07T21:34:26Z;2020-02-08T02:54:27Z;1a6889432b1486d179dd02d82fb82f3341eb3a7a;235860204
2068;372577820;Olruwase/core doc api;4271600;closed;2020-02-07T20:01:39Z;2020-02-08T00:27:38Z;2f51bf8f62a829c0d0cfaf3d7fd2ba52522eb487;235860204
2069;372511470;Added features.md and Getting Started guide.;620322;closed;2020-02-07T17:05:57Z;2020-02-08T02:53:50Z;a3f65a06258590294779db62a89654fae3d1375a;235860204
2070;372139392;add tutorial doc for CIFAR-10 model;24947394;closed;2020-02-06T22:16:57Z;2020-02-06T23:47:08Z;766f030e722b28fcca66f077f9d89bcf502c3de8;235860204
2071;372138900;Samyamr/batchconfig;3409344;closed;2020-02-06T22:15:33Z;2020-02-07T20:11:56Z;5a0abc6598ce64bae39bd2f4b6b08ae80c8c093d;235860204
2072;372095186;Improve doc string for add_XXX_arguments;4271600;closed;2020-02-06T20:24:21Z;2020-02-06T21:14:24Z;8326aff2799d5b0e3309a8b67b747276b072a6cf;235860204
2073;371762648;Ported Megatron tutorial.;620322;closed;2020-02-06T08:10:28Z;2020-02-07T01:58:57Z;073da7295fa22c216063fbe9bbbf957b160f4680;235860204
2074;371733319;Update license badge;645595;closed;2020-02-06T06:36:32Z;2020-02-06T06:39:36Z;54940278eae9ad4f802ca6269f2d29ea61083c40;235860204
2075;371729071;Add badges to readme;645595;closed;2020-02-06T06:21:05Z;2020-02-06T06:30:37Z;23adde4a6b431f0b0d26b22c2acf77bb9152b92a;235860204
2076;371655319;Port of DeepSpeed's overview and feature discussion.;620322;closed;2020-02-06T00:44:27Z;2020-02-07T02:01:36Z;466c908844eb6e82ef2f922279c2f23d289ab773;235860204
2077;371623169;DeepSpeed dockerfile, install reqs, update examples reqs;645595;closed;2020-02-05T22:46:01Z;2020-02-05T22:58:14Z;9f2e54c09ebf126fc1082224831aa8a325c62ad2;235860204
2078;371607049;Handle missing optional configuration fields correctly;4271600;closed;2020-02-05T22:00:49Z;2020-02-06T08:04:52Z;af81f6f5400e38c5d7a6590bbf6631b9b00faa68;235860204
2079;371536366;update deepspeed examples commit;645595;closed;2020-02-05T19:06:37Z;2020-02-05T19:59:48Z;bb91a3ef4b3a7a5b5009b501720b80e8227594ef;235860204
2080;371518832;Enables NCCL backend in @distributed_test;620322;closed;2020-02-05T18:22:10Z;2020-02-05T19:57:03Z;438aa017730881e48f3957727463556b40314448;235860204
2081;371076107;update install to use pdcp to distribute wheels;645595;closed;2020-02-04T22:11:43Z;2020-02-04T22:28:34Z;00825428bb6e71c1183e0859e3bf58183c3fd4a9;235860204
2082;371075689;Testing documentation;620322;closed;2020-02-04T22:10:27Z;2020-02-05T00:30:38Z;188f7d4e0b17aac52f6e8d1ede0cd1c36e6fefb6;235860204
2083;371012682;add version check test;645595;closed;2020-02-04T19:33:42Z;2020-02-04T19:36:53Z;d68462038f1d5e91355e92b3f2c2d5c40590f39e;235860204
2084;370985910;add allreduce test;645595;closed;2020-02-04T18:28:08Z;2020-02-04T19:26:14Z;52c5a936ed834d4abd396dc69da630512a569b7b;235860204
2085;370964936;Distributed testing;620322;closed;2020-02-04T17:36:59Z;2020-02-04T17:55:48Z;b61a22171d126f496058331e51e8e0a1ea7f1954;235860204
2086;370962031;Temporarily disable model tests for presentation.;620322;closed;2020-02-04T17:30:18Z;2020-02-04T17:32:09Z;97f36c114291223a949f2f7b06f16f4780688d62;235860204
2087;370719777;Adds distributed_test decorator and unit tests.;620322;closed;2020-02-04T09:05:02Z;2020-02-04T17:34:36Z;af0ae79fec7ad34134c173237c498da78189ab48;235860204
2088;370512710;Gets model tests running again.;620322;closed;2020-02-03T20:40:37Z;2020-02-04T01:27:24Z;caaae9924de348201277bb39930e52d67f82124c;235860204
2089;370463862;Fixing file permissions;620322;closed;2020-02-03T18:41:35Z;2020-02-03T18:55:19Z;b18eae24e897f4844df33eb3688e206ff27cbf2b;235860204
2090;1554873927;add available memory check to accelerators;645595;open;2023-10-12T21:10:23Z;;bba231e881befd9c4cf1aae6d64298a6f3314695;235860204
2091;1551343435;Fixed deepspeed.comm.monitored_barrier call;10281105;open;2023-10-11T06:02:54Z;;536fe676df4dd112e2036da8b7ff6dd3aa4aa823;235860204
2092;1550496727;Loadams/torch nightly debug;114770087;open;2023-10-10T18:26:45Z;;a498c64aeb36c995d15504dbb9838ca3b3e25fce;235860204
2093;1549305536;Fixed bug with hybrid engine generation when inference_tp_size > 1;107838921;open;2023-10-10T07:55:01Z;;97e3748dca242fb28c6a017544b4fea1ed734605;235860204
2094;1548101837;[Bug fix] Add rope_theta for llama config;34806644;open;2023-10-09T15:29:15Z;;ee3438acc2a44353b0bf77ebd25b4193f272ac49;235860204
2095;1542280049;Fix assert on Lamb optimizers with BF16;114770087;open;2023-10-04T17:50:24Z;;3550d6f6564b7acc1819b6edc5aa902edaf4fb16;235860204
2096;1537899584;optimize grad_norm calculation in stage3.py;132277730;open;2023-10-02T12:03:40Z;;4fa2b9ba8e6430f95f100007ea0b391e58f91b26;235860204
2097;1536876057;[Bug fix] Fix cpu inference UT failure;19373651;open;2023-10-01T06:30:53Z;;92f579f4a085cd78115aa45b8cf3fd1dea1c3c29;235860204
2098;1534404615;Model checkpointing with ZeRO-3 training with NVMe offload;4489482;open;2023-09-28T15:15:43Z;;e1754e73a320e14fde43d7a8ad48afbca9813025;235860204
2099;1526883380;[CI] use latest transformers;645595;open;2023-09-22T17:02:56Z;;1e605df0b4134055f532c1f350f27d1be4eb7776;235860204
2100;1525614514;Destroy ZeRO;114769929;open;2023-09-21T21:35:31Z;;5dbf064a86a07e534f0052b0c391ca832521f9dd;235860204
2101;1523445106;Update flops profiler to recurse;114770087;open;2023-09-20T16:38:42Z;;76b4884caef86371f859b9d6581e48036e9163f7;235860204
2102;1521239419;Cache metadata for TP activations and grads;93904671;open;2023-09-19T12:35:58Z;;896d8f1727019a03482d939dcfdcef02975c602f;235860204
2103;1518565304;DS-Inference Quantization refresh: Fix several issues and add more features;44502768;open;2023-09-17T18:43:06Z;;7fdbe10d72486e98fead37e939cb1e7c0568adc6;235860204
2104;1517189516;Optimize RMSNormalize with Trident;7459074;open;2023-09-15T11:40:18Z;;c9897880c26f89b1219c7560b8ba2ab1daefba31;235860204
2105;1516766852;Add NPU FusedAdam support;24593680;open;2023-09-15T06:12:46Z;;2e56aee31609136f8fd5f02f520d3d2c80f87036;235860204
2106;1514671153;Switch modeling to use transformers and torch version for BERT;114770087;open;2023-09-13T23:28:36Z;;668d23a3e8ac6cca1ab51d85d080ed94829119b8;235860204
2107;1514425427;pipe engine _aggregate_total_loss: more efficient loss concatenation;88962733;open;2023-09-13T19:24:38Z;;024edf4775041486416058a5f202e202c4c97bb3;235860204
2108;1514372154;Remove symlinks;18311180;open;2023-09-13T18:41:31Z;;1a2370cf59fb907ed130e3bc8fbcacaefd435707;235860204
2109;1514336798;add option to disable pipeline partitioning;88962733;open;2023-09-13T18:13:23Z;;62833dec5f4ea5a766086db48dfd99a452b5efad;235860204
2110;1513650930;Capture short kernel sequences to graph;27563729;open;2023-09-13T10:42:27Z;;beb01a071dfc2edb42e26c06d4544047016863cb;235860204
2111;1513621211;support zero++ for stable diffusion training;19463841;open;2023-09-13T10:21:48Z;;3ca425b06d03524a5b1a4948ba2c1fd5b8d25d1a;235860204
2112;1512571825;[BUG] partition_balanced return wrong result.;13913992;open;2023-09-12T18:01:33Z;;ca5d9e1d5ed97bf40bf1caef36dde7f99f061126;235860204
2113;1509859638;Add falcon-180b support;44502768;open;2023-09-11T08:34:23Z;;4922e055103e3145ad65faab9b5a56ae347236e5;235860204
2114;1505765630;use all_gather_into_tensor instead of all_gather;5679313;open;2023-09-07T07:37:43Z;;102f2b14576761334c65beeae17907e539f76221;235860204
2115;1505292562;Make pipeline runtime generic to Slapo;1150493;open;2023-09-06T21:04:49Z;;;235860204
2116;1503239066;Refactor the injection to accept policy when using kernels;44502768;open;2023-09-05T17:38:46Z;;0c60ae0aa72c1ca016978f507f3cbe11926f073a;235860204
2117;1494139962;ROCm and ROCm Apex fixes for AMD workflows;114770087;open;2023-08-29T17:15:44Z;;1a1a02ffe22dd5e0d47cae3192e7a32859fb4f2a;235860204
2118;1491580071;fix: fixed the communication problem of pp when using sequence parallel;22772264;open;2023-08-28T07:53:12Z;;d4b5d164b1e0b731024dae774dbf04965c3306cd;235860204
2119;1488636835;Allow TiedLayerSpec to have multiple tied weights;1668462;open;2023-08-24T20:14:58Z;;126e864d922677109d8a8a98d3036e2cbd3d9d83;235860204
2120;1487054373;fixes for 12.1 windows compiler;50769;open;2023-08-23T21:26:23Z;;329597128cecf9d45adc51663422bb70da28e87b;235860204
2121;1480768428;Cleanup for ROCm6.0 re-org changes;110066325;open;2023-08-18T15:43:57Z;;ad811ef03ceaaa93b9bc8e14936dab7d61675057;235860204
2122;1473539359;Fixes for training models with bf16 + freshly initialized optimizer via `load_module_only`;65563625;open;2023-08-13T23:58:33Z;;395a1175efaca046ab5df865351c85a0979302aa;235860204
2123;1467961933;Enable quantizer op on ROCm;62723901;open;2023-08-09T05:17:55Z;;3c7508b0a124044da43308710ac7b0630fc0ce8a;235860204
2124;1462493299;Fix for lm head weights for models such as llama;37102144;open;2023-08-04T07:50:42Z;;120baf74fbc97399a46aed59b3aa675876c54f27;235860204
2125;1462276379;llama with HE;32509213;open;2023-08-04T03:15:14Z;;5daad8d9beb9388a3da566f81bbccda4f15adbb0;235860204
2126;1458690022;Fix module parameter replacement for HybridEngine;16078332;open;2023-08-01T19:59:24Z;;cd21fdffe409305b5746e59fbeb256ea461bd3f1;235860204
2127;1456869186;Update Sparse attention to use latest triton/tl.dot;114770087;open;2023-07-31T19:24:49Z;;c396e28a61fe052df93d3d44100d17bbad7aad77;235860204
2128;1456779062;Update triton version to latest for SD;114770087;open;2023-07-31T18:11:16Z;;669c9534a1ea30320ac71d3681e3a9deeb2df45b;235860204
2129;1449616715;load linear layer weight with given dtype;6461246;open;2023-07-26T06:30:01Z;;7ef7385dad652257d984a9857298da3731d8fbce;235860204
2130;1443937553;[AutoTP] Make AutoTP work when num_heads not divisible by number of workers;19373651;open;2023-07-21T05:31:05Z;;7b9c1833d8d445154b92d655f24bf7cdafe58b99;235860204
2131;1437957569;Update libaio to not require C++14;114770087;open;2023-07-17T19:42:10Z;;c7af52440287ecd6da25e0f2304e4ab7cef043eb;235860204
2132;1437402399;fix bloom bugs about inference and TP;42242097;open;2023-07-17T14:01:40Z;;bae8d4ec23d87d851d057a5a0f22d34a4d93645a;235860204
2133;1437222478;Fix the call to get_param_coordinator() in _end_of_forward_hook();132277730;open;2023-07-17T12:22:07Z;;19753b5621544c1b3e7a6261acdf0303bb2a9d6e;235860204
2134;1433909890;autoTP for HE;112220543;open;2023-07-13T23:30:35Z;;2d8ae51933964ad662adb801cf695713900eb559;235860204
2135;1427229212;(Do not merge) (CPU) aggregation of few recent fixes/optimizations;19373651;open;2023-07-10T10:21:19Z;;321ca4ee6bc4fd83d08cbde84a14808e39116bed;235860204
2136;1425491516;Add PyDantic v2 support;114770087;open;2023-07-07T21:46:35Z;;58dfebbea9ac36fe139d3ee1d488a9aba84f7450;235860204
2137;1418301241;Decorator to avoid partitioning DeepSpeedEngine;4489482;open;2023-07-03T15:17:19Z;;2e1e453cc37e99d5871c375799034f95b5c560fc;235860204
2138;1412716388;Support cpu tensors without direct device invocation;30946547;open;2023-06-29T04:42:12Z;;24192d1abfc0dcfda83f8737c2863202ab34bb34;235860204
2139;1400426132;Pipe Engine Reduce High Dimension Output tensor fix;30946547;open;2023-06-20T19:46:25Z;;c4ee9a1aa896f8e7c3fe3387ac5201d5106b00c7;235860204
2140;1395904388;Update vae.py;32536264;open;2023-06-16T15:16:46Z;;559057d0545253e8e6ff4510f8f004997a228b4b;235860204
2141;1394983885;fix the bug of save bf16 optimizer state in the bf16+zero1+pp mode;25739631;open;2023-06-16T02:04:52Z;;b7759407cc654c79e7bc26a5f082e949a00a06a3;235860204
2142;1389141507;Adding assertion for mp_group in HE.;114769929;open;2023-06-12T17:44:03Z;;0440c82866ac3cd49381968bd33302fdc1864ba6;235860204
2143;1386017269;Addressing ipg Buffer Data Race Condition in Zero Stage2;2336311;open;2023-06-09T11:17:04Z;;24005b6a75703a9117930a561268164ac8055888;235860204
2144;1385863682;change model_parameter hint according to document;22956582;open;2023-06-09T09:35:12Z;;8085e0f5b8a908cdb122ed3b3c9e978ec39796f0;235860204
2145;1384748642;update triton_ops.py from triton/python/tutorials/06-fused-attention.py;86327865;open;2023-06-08T16:01:47Z;;247154ea1c7c2b6395b2cee51bde1437a00803f9;235860204
2146;1381573743;Asymmetric quant algorithm update;2001145;open;2023-06-06T21:48:40Z;;41ac7183121d3d9a62300fb0a3f2d7059f8f5f83;235860204
2147;1373568481;Add FALCON-40B Inference-Kernel Support;44502768;open;2023-06-01T08:11:43Z;;da86523b122ce6e4e1d49e497688d3f0e9630ec0;235860204
2148;1355334768;Fix HybridEngine infer bug;14348015;open;2023-05-18T08:11:11Z;;2fb0e978295afc9444f3e9e9b2be6cf5c8f1509b;235860204
2149;1353433393;Use F.linear for LinearLayer & LinearAllreduce. Ensure Parameters.;39846316;open;2023-05-17T04:18:00Z;;472590a0ff9800a742e67f66bf8e3ee054735305;235860204
2150;1353422926;Fix optimizer saving with BF16 + PP + ZeRO-1;11155657;open;2023-05-17T04:04:54Z;;4cd2f7f591c8ffa4df944ddc9aae52accad34aab;235860204
2151;1350797346;Resolve hard dependency on MOE for contiguous_gradients on stage 1;30946547;open;2023-05-15T13:20:01Z;;faa697c4bb574b6895299a023d9ae287e70c0e03;235860204
2152;1347494774;Extend DeepSpeed inference initialization API with a 'quantize_groups' argument;82225080;open;2023-05-11T17:51:58Z;;96616215990f8727d9a157921151a113ff6a0694;235860204
2153;1344431872;Add checkpoint loading to the Inference Engine;113481193;open;2023-05-09T21:49:14Z;;697e224badf49caa5454573086064696d1483455;235860204
2154;1335752718;turn back on opt/bloom tests;645595;open;2023-05-02T19:43:09Z;;bd2aa8550e392cd2e70a4f5b5fff16d7cb569bde;235860204
2155;1326341265;"add parameter ""strict""";23512606;open;2023-04-25T01:17:28Z;;d07842919308b205c0e5fa5ac92825169c85d212;235860204
2156;1324211301;Bing/optimizer naming;67908712;open;2023-04-23T02:02:00Z;;4c143a960a2c6e766c72384ff9b2b9bcd8af1b67;235860204
2157;1321988000;tl.dot updated  https://github.com/openai/triton/issues/1098  ;86327865;open;2023-04-20T19:14:58Z;;58e73e33f5a87aa87e589b2df821e049ea7ed989;235860204
2158;1318564580;Update pydantic version and corresponding changes;114770087;open;2023-04-18T15:27:49Z;;917fb1425afb8f428ffde3b6ffff660ce88b5392;235860204
2159;1315684111;Fixed building process;25016670;open;2023-04-16T18:58:17Z;;4ad0d971b13f0d81032b781bb7ab9e72b7228864;235860204
2160;1306580405;Fix handling of (CUDA,ROCR)_VISIBLE_DEVICES;1899768;open;2023-04-08T20:52:22Z;;b144a925b8fcb7e9b8cdbe754f366e8d4445b42c;235860204
2161;1296653911;Disable ZeRO loading when load_module_only=True;24683666;open;2023-03-30T18:13:41Z;;1e890d77336e556bafee9c66a6b27767599a10eb;235860204
2162;1295375245;Token length type fixing;3985716;open;2023-03-29T22:40:23Z;;f2135c2518af51b9796039eb98d6354fd6df33c7;235860204
2163;1278370909;fix check params;39311993;open;2023-03-16T11:03:57Z;;c0aed3f50b94a18a6b1b91f5a0965d71c1ba141c;235860204
2164;1274032003;ckpt: add open/close for reading checkpoint;1105742;open;2023-03-13T22:00:44Z;;9058a5de8ea627e6674d314313158ee98e8e29c9;235860204
2165;1268536962;SCR checkpoint engine;1105742;open;2023-03-08T22:14:04Z;;00a12d517298159c2f33cc7a4cfc1dc418334ced;235860204
2166;1257980647;Codegen Inference Support;44502768;open;2023-03-01T00:36:51Z;;1a12df9e676b7d5724e9bc90f781b0dfae2f5299;235860204
2167;1241192359;pre/post forward calls to engine + generate method;645595;open;2023-02-14T21:17:01Z;;6b6f8eb01b11293c39e8ca0a8d22f0c0a7741a6c;235860204
2168;1222563028;Refactor/Pydantify autotuning config;18311180;open;2023-01-31T01:54:46Z;;9ba76176c670d5aeefeeeb9809cd5a2a6fbd89a8;235860204
2169;1220090605;Refactor/Pydantify main deepspeed config;18311180;open;2023-01-28T01:34:04Z;;e22ccf739c987f238a58089cd084192137faf3c4;235860204
2170;1217248178;Refactor/Pydantify profiling config;18311180;open;2023-01-25T23:47:09Z;;5ae3ddf29a5c79327b2b480e47cffca528f8f745;235860204
2171;1217152125;Refactor/Pydantify compression config;18311180;open;2023-01-25T21:41:07Z;;7cc912d4ce61db1c1baeea53a6b7482131169d98;235860204
2172;1197420312;Preserve prior op builder backend api;645595;open;2023-01-14T01:40:00Z;;a7b3ea4446e2c8c8542470d01b6316cba95ba185;235860204
2173;1174433917;Add correctness check for sharded checkpoint test;18311180;open;2022-12-22T02:01:17Z;;68907c83a1e7b6d015f3e0d5ebf56d41f7d88926;235860204
2174;1174320908;Refactor/Pydantify comms config ;18311180;open;2022-12-21T22:55:26Z;;2f456ab9942af5e6570c509a37475279f6cf0872;235860204
2175;1173008027;Refactor/Pydantify nebula checkpoint engine config;18311180;open;2022-12-21T00:31:03Z;;f523057f33488af3e8adfdb73de6831ed4e76405;235860204
2176;1172941199;Refactor/Pydantify activation checkpointing config ;18311180;open;2022-12-20T23:21:25Z;;ba6ce628baae1a89b9c38695fb4ce01bd5631921;235860204
2177;1172624686;Add validation for injection policy in inference config;18311180;open;2022-12-20T18:37:00Z;;388a4b0add64f50dd7ce4c7a267b8f3de81be45e;235860204
2178;1150488231;Migrate W8A16 Inference to Dequantization Utility;2001145;open;2022-12-07T02:40:25Z;;1de1eb230e50d63e27a2ef28ed10a3fd7282372a;235860204
2179;1138203693;Remove all unused quantize settings and flags.;9065216;open;2022-11-28T22:38:25Z;;9bc588e2763acad9f796363385a44820244636be;235860204
2180;1132276729;Remove PP Grad Tail Check;10281105;open;2022-11-22T19:00:44Z;;ff7353b5eb9bc8f8b352f9d7c24fc876c5b79ff2;235860204
2181;1128083846;Add 4-bit quantized inference to run BLOOM-176B on 2 A100 GPUs;44502768;open;2022-11-18T19:29:33Z;;4a437bc824cede9390e701f684d868e4534c99d6;235860204
2182;1118427560;Add stable diffusion unit test;18311180;open;2022-11-10T23:26:05Z;;f902298965bea105522a88d0565f7cb713439a4f;235860204
2183;1103590914;Inference support for encoder-decoder architecture;44502768;open;2022-10-28T20:45:32Z;;;235860204
2184;1099781211;Reflect use_parallel_residual in mlp_after_attn for module_inject;8081197;open;2022-10-26T05:25:22Z;;23cb03b245f65744e16b7cc4c01910db50ff0f44;235860204
2185;1094479897;Create GPU library abstraction layer;18311180;open;2022-10-20T22:15:23Z;;5fb553289c699003d042bacb0e3617e6949d5337;235860204
2186;1070381847;Unify benchmark scripts and knowledge;18311180;open;2022-09-28T18:10:11Z;;0e55a66752ca4b44aee6249d29031ba085e50dcf;235860204
2187;1029626186;MoE - Token dropping for Full Tensor Paralellism;16764680;open;2022-08-18T07:36:49Z;;0d4e9f9466711af2055b7cd461f7847d96f80fe8;235860204
2188;1024342516;Pydantify sub-configs;18311180;open;2022-08-11T21:26:24Z;;6e92fbf794c7475b31335ea134e22a10a432d56f;235860204
2189;900862211;Configure fused fp16 mode;4271600;open;2022-04-06T00:53:32Z;;f886a83047125073947d7612c5a49d862ead6194;235860204
2190;853630881;Modify unit test to cover more cases;44502768;open;2022-02-15T19:33:29Z;;4571472d0266c91aa019999f7d2be279bb5cc7ed;235860204
2191;793190378;[zero-3] add support for new params added during fwd pass;645595;open;2021-12-01T23:11:12Z;;fba36db3b74c2d684e9dfe2180920a1917f4012a;235860204
2192;785687166;Optimizer state loading fix for bitsandbytes 8-bit optimizers.;5260050;open;2021-11-22T06:10:03Z;;1e5084adcb632ce7a82fd286a7a6fb9e6c346df1;235860204
2193;743825845;Transformer/fix layer norm;44502768;open;2021-09-27T20:49:16Z;;c3e653675110799598f74f26ff4cd7ecb661cf79;235860204
2194;625603395;Add function `to_sequential` to PipelineModule;46172032;open;2021-04-28T21:26:31Z;;402563b2f0c0fa6015e7d2f376473ff002495174;235860204
2195;610832799;Triangular mask support for Transformer kernel;44502768;open;2021-04-07T17:05:40Z;;06c91e3d7e4e21ac7d069ba6305704b14b750c1e;235860204
